{"label": 9, "0": 0.6447937293729373, "1": 0.6056683168316832, "2": 0.6140181518151815, "3": 0.5532838283828383, "4": 0.5923432343234323, "5": 0.5756848184818482, "6": 0.5332095709570956, "7": 0.4605775577557756, "8": 0.49655940594059406, "9": 0.4790676567656766, "10": 0.42741749174917487, "11": 0.648960396039604, "12": 0.6514686468646864, "13": 0.6523102310231024, "14": 0.6523102310231024, "15": 0.6573102310231023, "16": 0.6623102310231023, "17": 0.6673184818481848, "18": 0.6731848184818482, "19": 0.6106765676567656, "20": 0.5991171617161717, "21": 0.3677145214521452, "22": 0.4944884488448845, "23": 0.48542079207920796, "24": 0.47634488448844886, "25": 0.4589686468646865, "26": 0.4994059405940594, "27": 0.4462871287128713, "28": 0.457013201320132, "29": 0.4388943894389439, "30": 0.43812706270627066, "31": 0.4557343234323432, "32": 0.6543976897689769, "33": 0.4547772277227723, "34": 0.4152392739273928, "35": 0.4350247524752475, "36": 0.5337376237623762, "37": 0.62993399339934, "38": 0.6374422442244224, "39": 0.6167574257425743, "40": 0.6076980198019802, "41": 0.6242326732673268, "42": 0.613506600660066, "43": 0.5987211221122113, "44": 0.596592409240924, "45": 0.5824422442244224, "46": 0.409950495049505, "47": 0.5268564356435643, "48": 0.5635313531353136, "49": 0.5552062706270626, "50": 0.49822607260726076, "51": 0.5674422442244225, "52": 0.41636963696369633, "53": 0.409009900990099, "54": 0.35760726072607263, "55": 0.4676072607260726, "56": 0.47108910891089106, "57": 0.5788118811881188, "58": 0.5334405940594059, "59": 0.5784488448844884, "60": 0.59003300330033, "61": 0.5945214521452145, "62": 0.5969966996699669, "63": 0.39656765676567657, "64": 0.5660396039603961, "65": 0.4336881188118812, "66": 0.42203795379537956, "67": 0.37466996699669963, "68": 0.3766831683168317, "69": 0.4004372937293729, "70": 0.39834983498349835, "71": 0.383457095709571, "72": 0.6332755775577558, "73": 0.620907590759076, "74": 0.6110148514851486, "75": 0.5817656765676568, "76": 0.5961716171617162, "77": 0.6061056105610562, "78": 0.5986468646864687, "79": 0.5825577557755776, "80": 0.6168234323432343, "81": 0.6275577557755776, "82": 0.6391089108910891, "83": 0.6583333333333333, "84": 0.6516336633663367, "85": 0.6474587458745875, "86": 0.6424504950495049, "87": 0.6391089108910891, "88": 0.6168234323432343, "89": 0.6168399339933993, "90": 0.6168646864686469, "91": 0.6177145214521452, "92": 0.5778465346534654, "93": 0.46358085808580857, "94": 0.6131765676567656, "95": 0.6077392739273927, "96": 0.6069224422442244, "97": 0.5974999999999999, "98": 0.5743481848184819, "99": 0.5941831683168317, "100": 0.5227970297029703, "101": 0.5113036303630363, "102": 0.5577310231023103, "103": 0.35826732673267325, "104": 0.38151815181518156, "105": 0.4030775577557756, "106": 0.6177805280528053, "107": 0.4484653465346535, "108": 0.42518976897689764, "109": 0.3968976897689769, "110": 0.4672524752475248, "111": 0.45169141914191413, "112": 0.5018481848184819, "113": 0.43323432343234325, "114": 0.5276155115511552, "115": 0.5676237623762377, "116": 0.44597359735973596, "117": 0.46578382838283827, "118": 0.48148514851485147, "119": 0.4996204620462046, "120": 0.509480198019802, "121": 0.5152062706270627, "122": 0.5258085808580858, "123": 0.47095709570957095, "124": 0.42165841584158414, "125": 0.6057260726072606, "126": 0.5393481848184818, "127": 0.40862211221122113, "128": 0.5167904290429043, "129": 0.5560808580858085, "130": 0.4490016501650165, "131": 0.5584653465346534, "132": 0.4968564356435644, "133": 0.4985148514851485, "134": 0.5625330033003301, "135": 0.584026402640264, "136": 0.599009900990099, "137": 0.46522277227722775, "138": 0.5550082508250825, "139": 0.3968564356435644, "140": 0.6652392739273927, "141": 0.6073927392739273, "142": 0.5369471947194719, "143": 0.42845709570957097, "144": 0.47215346534653463, "145": 0.4804125412541254, "146": 0.6052887788778878, "147": 0.49511551155115513, "148": 0.6983745874587459, "149": 0.6536881188118812, "150": 0.6304950495049505, "151": 0.4549009900990099, "152": 0.7206683168316832, "153": 0.4878300330033003, "154": 0.49275577557755773, "155": 0.4968729372937294, "156": 0.41008250825082504, "157": 0.4819389438943894, "158": 0.47118811881188116, "159": 0.46376237623762373, "160": 0.4580115511551155, "161": 0.45556105610561054, "162": 0.38360561056105613, "163": 0.465536303630363, "164": 0.6206930693069307, "165": 0.5843976897689769, "166": 0.5776155115511551, "167": 0.6050165016501651, "168": 0.5140594059405941, "169": 0.6138696369636963, "170": 0.6395544554455446, "171": 0.6908828382838283, "172": 0.5683168316831684, "173": 0.4927062706270627, "174": 0.5391996699669966, "175": 0.7123432343234324, "176": 0.6768729372937294, "177": 0.49434818481848186, "178": 0.6275577557755776, "179": 0.6284075907590758, "180": 0.630924092409241, "181": 0.6350990099009901, "182": 0.6376567656765677, "183": 0.6052557755775578, "184": 0.6019389438943894, "185": 0.5994554455445544, "186": 0.5737788778877888, "187": 0.5141501650165017, "188": 0.5258745874587459, "189": 0.4926155115511551, "190": 0.4901732673267327, "191": 0.6077392739273927, "192": 0.5408168316831683, "193": 0.5000247524752475, "194": 0.6460313531353136, "195": 0.5606930693069307, "196": 0.5407920792079208, "197": 0.5473679867986798, "198": 0.5501072607260726, "199": 0.701509900990099, "200": 0.6865181518151815, "201": 0.6691914191419142, "202": 0.597953795379538, "203": 0.5545049504950494, "204": 0.6228300330033003, "205": 0.5272524752475247, "206": 0.5546122112211221, "207": 0.5348514851485149, "208": 0.6800495049504951, "209": 0.5493399339933993, "210": 0.6021864686468648, "211": 0.6295379537953796, "212": 0.5738943894389439, "213": 0.5175825082508251, "214": 0.5656765676567657, "215": 0.523457095709571, "216": 0.5563778877887788, "217": 0.5392739273927393, "218": 0.577582508250825, "219": 0.5718234323432343, "220": 0.57503300330033, "221": 0.4726897689768977, "222": 0.4486798679867987, "223": 0.43465346534653465, "224": 0.4272689768976897, "225": 0.4265181518151815, "226": 0.4424257425742574, "227": 0.4385808580858086, "228": 0.4656765676567657, "229": 0.47807755775577554, "230": 0.4912788778877888, "231": 0.501980198019802, "232": 0.5077145214521452, "233": 0.5101485148514852, "234": 0.43527227722772277, "235": 0.5726650165016501, "236": 0.5508580858085809, "237": 0.5866749174917492, "238": 0.5982838283828382, "239": 0.5883415841584159, "240": 0.578473597359736, "241": 0.6007673267326733, "242": 0.6032590759075908, "243": 0.5009818481848185, "244": 0.5075990099009902, "245": 0.5125660066006601, "246": 0.45558580858085806, "247": 0.44066831683168317, "248": 0.5706105610561056, "249": 0.5892326732673268, "250": 0.6189108910891089, "251": 0.5780775577557755, "252": 0.574480198019802, "253": 0.5835561056105611, "254": 0.5926320132013201, "255": 0.5975247524752475, "256": 0.5645544554455446, "257": 0.5526897689768977, "258": 0.5427970297029703, "259": 0.5650907590759076, "260": 0.5766914191419141, "261": 0.6124422442244224, "262": 0.7261551155115511, "263": 0.5892079207920793, "264": 0.633019801980198, "265": 0.6123514851485148, "266": 0.6351980198019802, "267": 0.6546699669966997, "268": 0.6605280528052806, "269": 0.6654042904290429, "270": 0.6728382838283828, "271": 0.6679372937293729, "272": 0.6737046204620463, "273": 0.6952227722772277, "274": 0.6130858085808581, "275": 0.6022442244224422, "276": 0.5774009900990099, "277": 0.5862541254125413, "278": 0.6278630363036304, "279": 0.6211963696369637, "280": 0.6590759075907591, "281": 0.5855940594059406, "282": 0.5417821782178218, "283": 0.5591584158415842, "284": 0.5498267326732673, "285": 0.5096947194719472, "286": 0.5395544554455445, "287": 0.6918069306930693, "288": 0.7272854785478549, "289": 0.6279372937293729, "290": 0.6238531353135314, "291": 0.6835808580858086, "292": 0.6819389438943895, "293": 0.5566089108910891, "294": 0.632029702970297, "295": 0.5236221122112211, "296": 0.5161056105610561, "297": 0.488523102310231, "298": 0.5548762376237624,