{"label": 9, "0": 0.5678562653562653, "1": 0.5290847665847667, "2": 0.539522932022932, "3": 0.4768427518427518, "4": 0.5174180999181, "5": 0.5024180999180999, "6": 0.46412776412776413, "7": 0.35027231777231776, "8": 0.43456592956592954, "9": 0.4195659295659296, "10": 0.3716707616707617, "11": 0.5728562653562653, "12": 0.5799180999181, "13": 0.5832514332514332, "14": 0.5832514332514332, "15": 0.5882514332514333, "16": 0.5949180999180999, "17": 0.6015847665847667, "18": 0.6099180999181, "19": 0.5349180999180999, "20": 0.5189475839475839, "21": 0.2554709254709255, "22": 0.40037469287469285, "23": 0.38646601146601145, "24": 0.3717239967239967, "25": 0.3479013104013104, "26": 0.4101597051597051, "27": 0.34576167076167075, "28": 0.3646273546273546, "29": 0.3310626535626535, "30": 0.3258394758394758, "31": 0.3427211302211302, "32": 0.5667833742833743, "33": 0.342463144963145, "34": 0.2935380835380835, "35": 0.3176269451269451, "36": 0.44010851760851766, "37": 0.5469287469287469, "38": 0.5618857493857494, "39": 0.5335012285012285, "40": 0.5262162162162163, "41": 0.547977067977068, "42": 0.5385872235872236, "43": 0.5207698607698608, "44": 0.5155712530712531, "45": 0.501447583947584, "46": 0.294559787059787, "47": 0.4428828828828829, "48": 0.47459254709254706, "49": 0.46753071253071254, "50": 0.393425470925471, "51": 0.48934275184275183, "52": 0.3168099918099918, "53": 0.29930180180180177, "54": 0.2502129402129402, "55": 0.3939393939393939, "56": 0.3843693693693694, "57": 0.4984848484848485, "58": 0.4140704340704341, "59": 0.49271089271089274, "60": 0.5095577395577395, "61": 0.5202027027027027, "62": 0.5238882063882064, "63": 0.28403562653562653, "64": 0.47836404586404585, "65": 0.3462940212940213, "66": 0.3346703521703522, "67": 0.2865950040950041, "68": 0.2687694512694513, "69": 0.3126945126945127, "70": 0.28139844389844393, "71": 0.2702989352989353, "72": 0.5548239148239148, "73": 0.5421867321867322, "74": 0.5324017199017199, "75": 0.4988963963963964, "76": 0.5214312039312039, "77": 0.5313022113022113, "78": 0.5251167076167076, "79": 0.4971437346437346, "80": 0.5427108927108927, "81": 0.5537674037674037, "82": 0.5672809172809172, "83": 0.5878050778050778, "84": 0.5823239148239148, "85": 0.5756572481572482, "86": 0.5702190827190827, "87": 0.5672809172809172, "88": 0.5427108927108927, "89": 0.5427538902538902, "90": 0.5415683865683866, "91": 0.5432780507780508, "92": 0.49485053235053234, "93": 0.3410810810810811, "94": 0.5374180999181, "95": 0.5349447174447175, "96": 0.5333210483210483, "97": 0.5186384111384111, "98": 0.4911732186732187, "99": 0.514514742014742, "100": 0.4331838656838657, "101": 0.4148853398853399, "102": 0.47007371007371007, "103": 0.2581162981162981, "104": 0.28044430794430797, "105": 0.30233415233415234, "106": 0.5397215397215397, "107": 0.37402538902538907, "108": 0.3507780507780508, "109": 0.3233640458640459, "110": 0.3586056511056511, "111": 0.33385544635544634, "112": 0.41503071253071255, "113": 0.3165356265356265, "114": 0.4464393939393939, "115": 0.4806490581490582, "116": 0.3258230958230958, "117": 0.35157862407862406, "118": 0.37579647829647833, "119": 0.4031756756756757, "120": 0.41906019656019655, "121": 0.4312592137592137, "122": 0.4514905814905815, "123": 0.35200859950859953, "124": 0.30341728091728093, "125": 0.5263185913185913, "126": 0.45494471744471743, "127": 0.289457411957412, "128": 0.4368775593775594, "129": 0.4692833742833743, "130": 0.3346969696969697, "131": 0.47275389025389025, "132": 0.3742854217854218, "133": 0.4116973791973792, "134": 0.4787674037674038, "135": 0.4754873054873055, "136": 0.4892158067158067, "137": 0.34020475020475016, "138": 0.4416646191646192, "139": 0.27963759213759215, "140": 0.5730978705978705, "141": 0.5312755937755937, "142": 0.4493693693693694, "143": 0.3074467649467649, "144": 0.36545249795249796, "145": 0.3785708435708436, "146": 0.5305118755118755, "147": 0.37942260442260445, "148": 0.6159152334152334, "149": 0.5551085176085176, "150": 0.5262858312858313, "151": 0.39500409500409506, "152": 0.6519799344799344, "153": 0.39002252252252256, "154": 0.4002457002457003, "155": 0.40884520884520886, "156": 0.2915274365274365, "157": 0.3919123669123669, "158": 0.3762940212940213, "159": 0.36194717444717445, "160": 0.3513288288288289, "161": 0.34606265356265353, "162": 0.2685380835380835, "163": 0.3572481572481573, "164": 0.5486895986895987, "165": 0.5029258804258805, "166": 0.49104422604422604, "167": 0.5274099099099099, "168": 0.44956592956592956, "169": 0.5097051597051596, "170": 0.5418181818181818, "171": 0.6080200655200656, "172": 0.45455978705978706, "173": 0.40467854217854216, "174": 0.4591625716625717, "175": 0.6444799344799345, "176": 0.5851167076167076, "177": 0.370513923013923, "178": 0.5537674037674037, "179": 0.5546437346437346, "180": 0.5571867321867322, "181": 0.5617915642915643, "182": 0.5627538902538902, "183": 0.5304258804258803, "184": 0.5263022113022113, "185": 0.5217833742833743, "186": 0.4937940212940213, "187": 0.4065356265356266, "188": 0.4483292383292383, "189": 0.4143775593775594, "190": 0.4058210483210483, "191": 0.5349447174447175, "192": 0.4332022932022932, "193": 0.4274529074529074, "194": 0.5641543816543817, "195": 0.48868959868959866, "196": 0.4643857493857494, "197": 0.4757944307944308, "198": 0.46643939393939393, "199": 0.6324180999180999, "200": 0.6207514332514332, "201": 0.5949529074529074, "202": 0.5089660114660115, "203": 0.4661650286650286, "204": 0.5361650286650287, "205": 0.43010032760032757, "206": 0.4634848484848485, "207": 0.43614864864864866, "208": 0.600477067977068, "209": 0.46327805077805073, "210": 0.502952497952498, "211": 0.5346703521703522, "212": 0.48334766584766586, "213": 0.40266994266994266, "214": 0.4645249795249795, "215": 0.40323710073710073, "216": 0.4686568386568387, "217": 0.4576678951678952, "218": 0.4905630630630631, "219": 0.4840683865683866, "220": 0.4896007371007371, "221": 0.39125921375921374, "222": 0.357960687960688, "223": 0.3341809991809992, "224": 0.31869164619164614, "225": 0.31184479934479936, "226": 0.32697379197379195, "227": 0.3144144144144144, "228": 0.35465397215397215, "229": 0.3731244881244881, "230": 0.3931756756756757, "231": 0.41033169533169533, "232": 0.42090704340704344, "233": 0.4274017199017199, "234": 0.3136240786240786, "235": 0.4874017199017199, "236": 0.4703910728910729, "237": 0.5028480753480753, "238": 0.5172809172809173, "239": 0.5053480753480754, "240": 0.49442055692055686, "241": 0.5205712530712531, "242": 0.5242997542997543, "243": 0.41783988533988536, "244": 0.42933456183456187, "245": 0.435477067977068, "246": 0.34364864864864864, "247": 0.32636363636363636, "248": 0.5038697788697789, "249": 0.5692977067977067, "250": 0.5496601146601147, "251": 0.5797522522522522, "252": 0.537528665028665, "253": 0.5518755118755119, "254": 0.5653890253890255, "255": 0.5792117117117117, "256": 0.5248054873054873, "257": 0.5254750204750205, "258": 0.5099426699426699, "259": 0.5418837018837019, "260": 0.5579402129402129, "261": 0.5994348894348894, "262": 0.6818243243243243, "263": 0.5717117117117118, "264": 0.6378705978705979, "265": 0.6083005733005733, "266": 0.5956900081900082, "267": 0.5837837837837838, "268": 0.5950552825552826, "269": 0.6063779688779689, "270": 0.6236629811629811, "271": 0.6094021294021295, "272": 0.6212919737919738, "273": 0.6603808353808354, "274": 0.5417649467649468, "275": 0.5333886158886159, "276": 0.568429565929566, "277": 0.5366441441441441, "278": 0.5757248157248157, "279": 0.5711199836199836, "280": 0.639477886977887, "281": 0.517993447993448, "282": 0.5190315315315315, "283": 0.5449160524160525, "284": 0.54746723996724, "285": 0.4664209664209664, "286": 0.5030958230958231, "287": 0.6614373464373464, "288": 0.7256285831285831, "289": 0.5701064701064701, "290": 0.5611547911547912, "291": 0.6446764946764947, "292": 0.640990990990991, "293": 0.5468488943488944, "294": 0.5807248157248157, "295": 0.49244266994266994, "296": 0.4877948402948403, "297": 0.4638943488943489,