{"label": 4, "0": 0.6031632653061224, "1": 0.5438945578231292, "2": 0.5597278911564625, "3": 0.48831632653061224, "4": 0.5297278911564626, "5": 0.5132482993197278, "6": 0.4732482993197279, "7": 0.3697278911564626, "8": 0.4440816326530612, "9": 0.4265816326530612, "10": 0.36926870748299323, "11": 0.6073299319727892, "12": 0.6106632653061224, "13": 0.6139965986394558, "14": 0.6139965986394558, "15": 0.6173299319727892, "16": 0.6223299319727891, "17": 0.6283503401360544, "18": 0.6347278911564626, "19": 0.5522278911564626, "20": 0.5379421768707483, "21": 0.2711904761904762, "22": 0.4158163265306123, "23": 0.4033843537414966, "24": 0.3899319727891156, "25": 0.36739795918367346, "26": 0.4247278911564626, "27": 0.36022108843537415, "28": 0.3773809523809524, "29": 0.3482482993197279, "30": 0.3438775510204082, "31": 0.36311224489795924, "32": 0.6040646258503402, "33": 0.3619387755102041, "34": 0.31886054421768706, "35": 0.335578231292517, "36": 0.46561224489795916, "37": 0.582295918367347, "38": 0.5943367346938775, "39": 0.5699489795918367, "40": 0.5627040816326531, "41": 0.58171768707483, "42": 0.5729931972789116, "43": 0.5560884353741496, "44": 0.5316496598639455, "45": 0.5162755102040817, "46": 0.30892857142857144, "47": 0.4610374149659864, "48": 0.4961224489795918, "49": 0.4876020408163265, "50": 0.421734693877551, "51": 0.5006292517006803, "52": 0.3252891156462585, "53": 0.3115476190476191, "54": 0.2614965986394558, "55": 0.4026360544217687, "56": 0.39583333333333337, "57": 0.5338435374149659, "58": 0.4602721088435374, "59": 0.5148469387755101, "60": 0.5304251700680273, "61": 0.5586054421768708, "62": 0.5616666666666668, "63": 0.2950510204081633, "64": 0.5027891156462585, "65": 0.3538605442176871, "66": 0.33996598639455783, "67": 0.29022108843537414, "68": 0.2817006802721088, "69": 0.32005102040816324, "70": 0.29391156462585033, "71": 0.2872278911564626, "72": 0.5891496598639456, "73": 0.576343537414966, "74": 0.5674319727891157, "75": 0.5214285714285714, "76": 0.5596258503401361, "77": 0.5667687074829932, "78": 0.5628741496598639, "79": 0.516156462585034, "80": 0.5758673469387755, "81": 0.5854251700680272, "82": 0.5986904761904762, "83": 0.616360544217687, "84": 0.6110034013605442, "85": 0.605170068027211, "86": 0.6020238095238095, "87": 0.5997108843537415, "88": 0.5767006802721089, "89": 0.5763265306122449, "90": 0.5767857142857142, "91": 0.5772448979591837, "92": 0.5261904761904762, "93": 0.3801530612244898, "94": 0.5555612244897958, "95": 0.5683503401360545, "96": 0.5689965986394558, "97": 0.5413605442176871, "98": 0.5162244897959184, "99": 0.5357993197278912, "100": 0.4548979591836735, "101": 0.4405952380952381, "102": 0.4922278911564626, "103": 0.26598639455782314, "104": 0.2920238095238095, "105": 0.310187074829932, "106": 0.5733333333333334, "107": 0.37920068027210885, "108": 0.3559523809523809, "109": 0.32418367346938776, "110": 0.37787414965986393, "111": 0.35576530612244894, "112": 0.4295578231292517, "113": 0.33440476190476187, "114": 0.4630952380952381, "115": 0.49863945578231295, "116": 0.35379251700680275, "117": 0.376156462585034, "118": 0.39887755102040817, "119": 0.4241156462585034, "120": 0.43887755102040815, "121": 0.4475170068027211, "122": 0.46229591836734696, "123": 0.38416666666666666, "124": 0.32049319727891157, "125": 0.5442517006802721, "126": 0.47455782312925165, "127": 0.31727891156462584, "128": 0.45226190476190475, "129": 0.49370748299319733, "130": 0.35460884353741495, "131": 0.4911394557823129, "132": 0.416734693877551, "133": 0.42437074829931976, "134": 0.49421768707482994, "135": 0.5150510204081633, "136": 0.5325510204081633, "137": 0.37552721088435376, "138": 0.4800170068027211, "139": 0.30054421768707484, "140": 0.6139625850340136, "141": 0.5486054421768708, "142": 0.47212585034013604, "143": 0.32666666666666666, "144": 0.3838265306122449, "145": 0.39505102040816326, "146": 0.5672278911564625, "147": 0.4138945578231293, "148": 0.6608673469387756, "149": 0.6004081632653061, "150": 0.57, "151": 0.39658163265306123, "152": 0.6962074829931972, "153": 0.4054421768707483, "154": 0.41500000000000004, "155": 0.42112244897959183, "156": 0.3067687074829932, "157": 0.4052721088435374, "158": 0.39136054421768707, "159": 0.3801360544217687, "160": 0.37141156462585034, "161": 0.3667687074829932, "162": 0.2888605442176871, "163": 0.37668367346938775, "164": 0.570561224489796, "165": 0.5311224489795918, "166": 0.5123469387755102, "167": 0.5528401360544217, "168": 0.45908163265306123, "169": 0.5494387755102041, "170": 0.5815136054421769, "171": 0.6492006802721089, "172": 0.49853741496598636, "173": 0.41778911564625854, "174": 0.4739455782312925, "175": 0.6845408163265306, "176": 0.6303571428571428, "177": 0.409608843537415, "178": 0.5862585034013605, "179": 0.58671768707483, "180": 0.5890306122448979, "181": 0.5930102040816326, "182": 0.5936394557823129, "183": 0.5652891156462585, "184": 0.5624149659863946, "185": 0.5585204081632653, "186": 0.5266326530612244, "187": 0.4393027210884354, "188": 0.4614455782312925, "189": 0.4257823129251701, "190": 0.418078231292517, "191": 0.5683503401360545, "192": 0.4685544217687075, "193": 0.43923469387755104, "194": 0.5992687074829932, "195": 0.4999149659863945, "196": 0.47562925170068027, "197": 0.4865816326530612, "198": 0.4854081632653061, "199": 0.6687074829931974, "200": 0.650374149659864, "201": 0.6269047619047619, "202": 0.5443877551020408, "203": 0.49229591836734693, "204": 0.5723809523809524, "205": 0.4579761904761905, "206": 0.4931972789115646, "207": 0.4670238095238095, "208": 0.6372619047619048, "209": 0.48455782312925166, "210": 0.5399149659863945, "211": 0.573656462585034, "212": 0.5181632653061224, "213": 0.44010204081632653, "214": 0.5002551020408164, "215": 0.4423979591836734, "216": 0.49928571428571433, "217": 0.4747619047619048, "218": 0.5095748299319728, "219": 0.505391156462585, "220": 0.506530612244898, "221": 0.4010374149659864, "222": 0.36904761904761907, "223": 0.34678571428571425, "224": 0.33360544217687077, "225": 0.32886054421768707, "226": 0.34671768707482997, "227": 0.34431972789115645, "228": 0.3754421768707483, "229": 0.3940816326530612, "230": 0.4128231292517007, "231": 0.4270238095238095, "232": 0.43714285714285717, "233": 0.44318027210884353, "234": 0.3481122448979592, "235": 0.5095578231292517, "236": 0.48459183673469386, "237": 0.5187585034013605, "238": 0.534421768707483, "239": 0.5231122448979592, "240": 0.5178061224489796, "241": 0.5383163265306122, "242": 0.5436904761904762, "243": 0.42947278911564624, "244": 0.44198979591836735, "245": 0.4495918367346939, "246": 0.36416666666666664, "247": 0.344421768707483, "248": 0.5138265306122449, "249": 0.5747278911564626, "250": 0.5665136054421769, "251": 0.6018877551020407, "252": 0.5446598639455782, "253": 0.5585714285714286, "254": 0.5726700680272109, "255": 0.5887244897959184, "256": 0.5301020408163265, "257": 0.531734693877551, "258": 0.5174489795918367, "259": 0.550374149659864, "260": 0.5662244897959183, "261": 0.611156462585034, "262": 0.7200170068027211, "263": 0.5791836734693877, "264": 0.6648639455782313, "265": 0.6220238095238095, "266": 0.6142176870748299, "267": 0.6169897959183674, "268": 0.625969387755102, "269": 0.6383163265306122, "270": 0.6545408163265306, "271": 0.6409013605442178, "272": 0.6527721088435374, "273": 0.6893877551020409, "274": 0.5571598639455781, "275": 0.5458673469387756, "276": 0.5768197278911564, "277": 0.5504591836734694, "278": 0.5918537414965986, "279": 0.5853741496598639, "280": 0.6607823129251701, "281": 0.5290136054421768, "282": 0.5211054421768707, "283": 0.5490136054421769, "284": 0.560561224489796, "285": 0.46450680272108846, "286": 0.5083503401360544, "287": 0.6916326530612245, "288": 0.7838265306122449, "289": 0.5881292517006802, "290": 0.57921768707483, "291": 0.6761394557823129, "292": 0.6720578231292518, "293": 0.5506972789115646, "294": 0.5995408163265306, "295": 0.4929081632653061, "296": 0.48411564625850334, "297": 0.4633163265306122, "298": 0.5583163265306123,