{"label": 5, "0": 0.6206331877729258, "1": 0.5916666666666667, "2": 0.5989082969432314, "3": 0.5449163027656477, "4": 0.5827583697234352, "5": 0.5677583697234352, "6": 0.5310917030567686, "7": 0.42168850072780206, "8": 0.5046834061135371, "9": 0.4913500727802038, "10": 0.43936681222707424, "11": 0.6247998544395924, "12": 0.6289665211062592, "13": 0.6314665211062591, "14": 0.6322998544395924, "15": 0.6372998544395925, "16": 0.6447998544395924, "17": 0.6503748180494905, "18": 0.6631331877729257, "19": 0.5958333333333333, "20": 0.5818995633187772, "21": 0.32839519650655025, "22": 0.4674563318777293, "23": 0.45628093158660843, "24": 0.44234716157205245, "25": 0.4203966521106259, "26": 0.47644832605531295, "27": 0.4203056768558952, "28": 0.4361644832605531, "29": 0.4080385735080059, "30": 0.4026382823871907, "31": 0.41505458515283844, "32": 0.6220815138282387, "33": 0.41482168850072776, "34": 0.3665866084425036, "35": 0.39169577874818046, "36": 0.5109061135371179, "37": 0.6041994177583697, "38": 0.6161244541484716, "39": 0.5933406113537119, "40": 0.5879403202328967, "41": 0.6043740902474527, "42": 0.5964737991266376, "43": 0.5857896652110626, "44": 0.5799163027656478, "45": 0.5696579330422125, "46": 0.37407933042212516, "47": 0.5096069868995633, "48": 0.5451819505094614, "49": 0.5382569141193595, "50": 0.46936317321688503, "51": 0.5565829694323144, "52": 0.3960553129548763, "53": 0.380254730713246, "54": 0.3275873362445415, "55": 0.4658406113537118, "56": 0.4542649199417758, "57": 0.5689810771470161, "58": 0.47192867540029115, "59": 0.5608406113537119, "60": 0.5739992721979621, "61": 0.5836899563318777, "62": 0.5858733624454149, "63": 0.3662045123726346, "64": 0.549348617176128, "65": 0.4217394468704513, "66": 0.4112227074235808, "67": 0.36300582241630275, "68": 0.3499126637554585, "69": 0.3934061135371179, "70": 0.3616957787481805, "71": 0.3471288209606987, "72": 0.6100327510917031, "73": 0.5996906841339156, "74": 0.5926237263464338, "75": 0.5657823871906842, "76": 0.5847816593886463, "77": 0.5927401746724891, "78": 0.588056768558952, "79": 0.5640574963609898, "80": 0.6003238719068413, "81": 0.6090574963609898, "82": 0.6197161572052402, "83": 0.6439992721979622, "84": 0.635349344978166, "85": 0.6289410480349346, "86": 0.6233660844250364, "87": 0.6197161572052402, "88": 0.6003238719068413, "89": 0.6014737991266376, "90": 0.6015320232896652, "91": 0.6035152838427947, "92": 0.5659315866084424, "93": 0.403311499272198, "94": 0.5964082969432314, "95": 0.5946069868995634, "96": 0.5932569141193595, "97": 0.582532751091703, "98": 0.560382096069869, "99": 0.5778493449781659, "100": 0.5023398835516739, "101": 0.4871724890829694, "102": 0.5402401746724891, "103": 0.33692139737991267, "104": 0.36424672489082965, "105": 0.3825218340611354, "106": 0.6031149927219797, "107": 0.4473071324599709, "108": 0.426990538573508, "109": 0.39679039301310043, "110": 0.43002183406113537, "111": 0.4064374090247453, "112": 0.4824235807860262, "113": 0.3939628820960699, "114": 0.5116739446870451, "115": 0.549490538573508, "116": 0.40276200873362444, "117": 0.42324599708879185, "118": 0.4454548762736536, "119": 0.47082241630276567, "120": 0.4860480349344978, "121": 0.49498180494905386, "122": 0.5196579330422125, "123": 0.4285371179039301, "124": 0.3816375545851528, "125": 0.589283114992722, "126": 0.5223653566229985, "127": 0.3561280931586608, "128": 0.5017321688500728, "129": 0.5391484716157205, "130": 0.40827147016011645, "131": 0.5408988355167395, "132": 0.4346033478893741, "133": 0.47716521106259097, "134": 0.5479075691411937, "135": 0.537754730713246, "136": 0.5430713245997089, "137": 0.41184497816593885, "138": 0.5058042212518195, "139": 0.3542285298398835, "140": 0.6268813682678311, "141": 0.5920414847161571, "142": 0.5189483260553129, "143": 0.38161208151382825, "144": 0.4378639010189228, "145": 0.4496142649199418, "146": 0.593056768558952, "147": 0.4537372634643377, "148": 0.6648071324599709, "149": 0.606339155749636, "150": 0.5782969432314411, "151": 0.4649417758369723, "152": 0.6965247452692868, "153": 0.4594395924308588, "154": 0.4684315866084425, "155": 0.47498180494905384, "156": 0.369570596797671, "157": 0.4587481804949054, "158": 0.4453311499272198, "159": 0.43358078602620087, "160": 0.42349708879184855, "161": 0.4177802037845706, "162": 0.33799490538573507, "163": 0.42855531295487626, "164": 0.6072416302765647, "165": 0.5710152838427948, "166": 0.5602656477438137, "167": 0.5906077147016012, "168": 0.5160917030567685, "169": 0.5680385735080058, "170": 0.5969141193595342, "171": 0.6598071324599709, "172": 0.5094541484716157, "173": 0.47139010189228525, "174": 0.5273326055312955, "175": 0.6917831149927219, "176": 0.6354730713245997, "177": 0.43980349344978165, "178": 0.6090574963609898, "179": 0.6107823871906841, "180": 0.613598981077147, "181": 0.6191739446870451, "182": 0.6237154294032023, "183": 0.5915902474526928, "184": 0.5885735080058224, "185": 0.5847234352256186, "186": 0.5655312954876274, "187": 0.4817212518195051, "188": 0.5148326055312955, "189": 0.48141557496360987, "190": 0.47351528384279473, "191": 0.5946069868995634, "192": 0.5028711790393013, "193": 0.49618267831149926, "194": 0.6213901018922853, "195": 0.5552583697234352, "196": 0.5321579330422126, "197": 0.5435917030567685, "198": 0.5352656477438137, "199": 0.6837081513828238, "200": 0.6720414847161572, "201": 0.647707423580786, "202": 0.573264192139738, "203": 0.5357314410480349, "204": 0.5969395924308588, "205": 0.5040138282387191, "206": 0.5348144104803494, "207": 0.5100218340611353, "208": 0.6539155749636099, "209": 0.5315320232896652, "210": 0.5651637554585153, "211": 0.592947598253275, "212": 0.5520305676855896, "213": 0.4747707423580786, "214": 0.5331550218340612, "215": 0.46911208151382827, "216": 0.5402474526928676, "217": 0.5244323144104803, "218": 0.558024017467249, "219": 0.552882096069869, "220": 0.5576491994177584, "221": 0.46159024745269284, "222": 0.4319978165938865, "223": 0.41093886462882095, "224": 0.3973216885007278, "225": 0.3908296943231441, "226": 0.402037845705968, "227": 0.38606986899563317, "228": 0.42660480349344976, "229": 0.4447052401746725, "230": 0.4621724890829694, "231": 0.4768813682678311, "232": 0.48639010189228526, "233": 0.49262372634643375, "234": 0.3777947598253275, "235": 0.555382096069869, "236": 0.5373326055312955, "237": 0.5695160116448326, "238": 0.5802328966521106, "239": 0.570349344978166, "240": 0.5630822416302765, "241": 0.5840829694323144, "242": 0.5868413391557497, "243": 0.4834570596797671, "244": 0.49526564774381365, "245": 0.5029657933042213, "246": 0.4161717612809316, "247": 0.40243813682678314, "248": 0.5678420669577875, "249": 0.6097780203784571, "250": 0.6059170305676855, "251": 0.6139628820960699, "252": 0.5851018922852984, "253": 0.5957605531295488, "254": 0.607769286754003, "255": 0.6174781659388646, "256": 0.5757933042212517, "257": 0.5794359534206697, "258": 0.566910480349345, "259": 0.592278020378457, "260": 0.6032532751091704, "261": 0.6337117903930132, "262": 0.7170596797671034, "263": 0.6119032023289666, "264": 0.6614046579330422, "265": 0.6387372634643377, "266": 0.638377001455604, "267": 0.6334170305676856, "268": 0.6420669577874818, "269": 0.6506841339155749, "270": 0.6624927219796215, "271": 0.6518922852983988, "272": 0.6614592430858806, "273": 0.6968850072780204, "274": 0.6017503639010189, "275": 0.5947671033478894, "276": 0.6123871906841339, "277": 0.5879512372634643, "278": 0.6257096069868996, "279": 0.6201346433770014, "280": 0.6719032023289665, "281": 0.581433770014556, "282": 0.5789446870451238, "283": 0.5958951965065502, "284": 0.5885625909752548, "285": 0.5341011644832606, "286": 0.5601601164483261, "287": 0.6964519650655022, "288": 0.7271288209606988, "289": 0.6206259097525473, "290": 0.6133005822416302, "291": 0.6789847161572052, "292": 0.6757096069868995, "293": 0.5968704512372635, "294": 0.6287845705967976, "295": 0.5576855895196506, "296": 0.552627365356623, "297": 0.5216193595342067, "298": 0.5934206695778748,