{"label": 3, "0": 0.5593085106382979, "1": 0.5242553191489362, "2": 0.5359219858156028, "3": 0.48544326241134755, "4": 0.5142553191489362, "5": 0.5017553191489361, "6": 0.4734751773049645, "7": 0.4018262411347518, "8": 0.45430851063829786, "9": 0.4426418439716312, "10": 0.3984751773049645, "11": 0.5643085106382979, "12": 0.5701418439716313, "13": 0.5734751773049646, "14": 0.5743085106382979, "15": 0.5784751773049646, "16": 0.5851950354609929, "17": 0.5918617021276595, "18": 0.5984219858156028, "19": 0.5300886524822694, "20": 0.5212234042553191, "21": 0.33354609929078016, "22": 0.4359219858156028, "23": 0.4270035460992908, "24": 0.4172517730496454, "25": 0.40067375886524825, "26": 0.44312056737588656, "27": 0.39757092198581556, "28": 0.40992907801418443, "29": 0.3885992907801419, "30": 0.38567375886524824, "31": 0.39842198581560284, "32": 0.5776950354609929, "33": 0.39661347517730494, "34": 0.3655141843971631, "35": 0.38017730496453905, "36": 0.47127659574468084, "37": 0.5461170212765958, "38": 0.5603900709219858, "39": 0.5404255319148936, "40": 0.5374468085106383, "41": 0.5531914893617021, "42": 0.5477659574468086, "43": 0.5415425531914894, "44": 0.5162765957446809, "45": 0.5045035460992908, "46": 0.36476950354609927, "47": 0.4658333333333333, "48": 0.49322695035460995, "49": 0.4873404255319149, "50": 0.44108156028368795, "51": 0.49372340425531913, "52": 0.37875886524822694, "53": 0.3679078014184397, "54": 0.32673758865248226, "55": 0.43058510638297876, "56": 0.4230141843971631, "57": 0.5252304964539007, "58": 0.4674468085106383, "59": 0.5070390070921986, "60": 0.5175177304964539, "61": 0.5386347517730496, "62": 0.5404609929078014, "63": 0.3575886524822695, "64": 0.49734042553191493, "65": 0.39909574468085107, "66": 0.3906560283687943, "67": 0.3459042553191489, "68": 0.34388297872340423, "69": 0.36960992907801415, "70": 0.3552304964539007, "71": 0.3456382978723404, "72": 0.5536702127659574, "73": 0.5463652482269503, "74": 0.5426063829787234, "75": 0.5104787234042554, "76": 0.5395212765957447, "77": 0.5447872340425532, "78": 0.5413475177304965, "79": 0.5064716312056737, "80": 0.5512056737588653, "81": 0.5574645390070921, "82": 0.5646099290780142, "83": 0.5860106382978724, "84": 0.5786170212765958, "85": 0.5728368794326241, "86": 0.5678900709219858, "87": 0.5646099290780142, "88": 0.5503191489361702, "89": 0.5502127659574467, "90": 0.5517730496453901, "91": 0.553386524822695, "92": 0.5167553191489362, "93": 0.40686170212765954, "94": 0.5325886524822695, "95": 0.5458333333333334, "96": 0.5448936170212766, "97": 0.5243439716312057, "98": 0.5075531914893617, "99": 0.5200709219858156, "100": 0.46186170212765953, "101": 0.45340425531914896, "102": 0.4905673758865248, "103": 0.3302482269503546, "104": 0.34984042553191486, "105": 0.36854609929078014, "106": 0.5536879432624113, "107": 0.41709219858156027, "108": 0.39187943262411346, "109": 0.3682801418439716, "110": 0.4076063829787234, "111": 0.392677304964539, "112": 0.4467730496453901, "113": 0.3800354609929078, "114": 0.46625886524822696, "115": 0.4944326241134752, "116": 0.39109929078014183, "117": 0.40732269503546104, "118": 0.42312056737588655, "119": 0.4409574468085107, "120": 0.4518617021276595, "121": 0.45833333333333337, "122": 0.46622340425531916, "123": 0.4136524822695036, "124": 0.3711702127659574, "125": 0.524822695035461, "126": 0.47671985815602835, "127": 0.36363475177304966, "128": 0.4613120567375887, "129": 0.49134751773049645, "130": 0.39212765957446805, "131": 0.4877127659574468, "132": 0.4345212765957447, "133": 0.44343971631205675, "134": 0.48902482269503544, "135": 0.5114361702127659, "136": 0.5238297872340425, "137": 0.40624113475177304, "138": 0.48563829787234036, "139": 0.3534929078014184, "140": 0.5849290780141844, "141": 0.5290425531914893, "142": 0.4753546099290781, "143": 0.37292553191489364, "144": 0.4132446808510638, "145": 0.4220567375886525, "146": 0.5446808510638298, "147": 0.43625886524822693, "148": 0.6203191489361702, "149": 0.5757446808510638, "150": 0.5523404255319149, "151": 0.4193085106382979, "152": 0.6468085106382979, "153": 0.4300354609929078, "154": 0.43629432624113473, "155": 0.44078014184397163, "156": 0.3615248226950355, "157": 0.4279078014184397, "158": 0.4174290780141844, "159": 0.4077304964539007, "160": 0.4014184397163121, "161": 0.3985992907801419, "162": 0.34390070921985816, "163": 0.4070921985815603, "164": 0.5450886524822696, "165": 0.5190070921985815, "166": 0.5036524822695035, "167": 0.5326241134751774, "168": 0.46430851063829787, "169": 0.5381205673758865, "170": 0.5614716312056738, "171": 0.6111524822695036, "172": 0.49808510638297876, "173": 0.4382801418439716, "174": 0.4750177304964539, "175": 0.6367553191489361, "176": 0.5975354609929078, "177": 0.4314007092198582, "178": 0.5565780141843971, "179": 0.5581382978723404, "180": 0.561418439716312, "181": 0.565531914893617, "182": 0.5684929078014185, "183": 0.5432269503546099, "184": 0.5406205673758865, "185": 0.5371276595744681, "186": 0.5188297872340426, "187": 0.4555496453900709, "188": 0.46585106382978725, "189": 0.4447517730496454, "190": 0.4393794326241135, "191": 0.5467198581560284, "192": 0.4778368794326241, "193": 0.45361702127659576, "194": 0.5730673758865248, "195": 0.4926418439716312, "196": 0.4753900709219858, "197": 0.48264184397163123, "198": 0.4837588652482269, "199": 0.6242553191489362, "200": 0.6100886524822695, "201": 0.5932446808510639, "202": 0.5332978723404256, "203": 0.4908156028368794, "204": 0.553936170212766, "205": 0.4678191489361702, "206": 0.49278368794326244, "207": 0.47556737588652487, "208": 0.6021453900709219, "209": 0.48338652482269506, "210": 0.5301063829787234, "211": 0.554290780141844, "212": 0.5136524822695036, "213": 0.455531914893617, "214": 0.5011347517730497, "215": 0.45666666666666667, "216": 0.49980496453900713, "217": 0.47547872340425534, "218": 0.5012588652482269, "219": 0.4992198581560283, "220": 0.49902482269503545, "221": 0.42843971631205674, "222": 0.4057624113475177, "223": 0.3898581560283688, "224": 0.38083333333333336, "225": 0.376968085106383, "226": 0.3874822695035461, "227": 0.38368794326241135, "228": 0.4070744680851064, "229": 0.42021276595744683, "230": 0.43356382978723407, "231": 0.44347517730496455, "232": 0.451613475177305, "233": 0.45448581560283685, "234": 0.38524822695035466, "235": 0.5026063829787234, "236": 0.4824645390070922, "237": 0.5083510638297872, "238": 0.5186702127659575, "239": 0.5100177304964539, "240": 0.5085992907801419, "241": 0.5212765957446809, "242": 0.524663120567376, "243": 0.4469858156028369, "244": 0.4548049645390071, "245": 0.46085106382978724, "246": 0.3976063829787234, "247": 0.3854078014184397, "248": 0.5022872340425533, "249": 0.5444503546099291, "250": 0.5398404255319149, "251": 0.5542375886524823, "252": 0.523581560283688, "253": 0.5341666666666667, "254": 0.543918439716312, "255": 0.5538829787234043, "256": 0.5139361702127659, "257": 0.5127659574468085, "258": 0.5020744680851064, "259": 0.5250709219858156, "260": 0.5363297872340426, "261": 0.5702482269503546, "262": 0.6583687943262411, "263": 0.5463297872340426, "264": 0.6038829787234042, "265": 0.5776595744680851, "266": 0.5722872340425532, "267": 0.5691666666666666, "268": 0.5798936170212766, "269": 0.5865248226950355, "270": 0.599450354609929, "271": 0.5904255319148937, "272": 0.5991843971631206, "273": 0.6319680851063829, "274": 0.5331205673758865, "275": 0.5248936170212766, "276": 0.5454609929078014, "277": 0.5260638297872341, "278": 0.5561702127659575, "279": 0.5520567375886525, "280": 0.6041489361702128, "281": 0.512340425531915, "282": 0.5071985815602837, "283": 0.526436170212766, "284": 0.5252127659574468, "285": 0.4695921985815603, "286": 0.4956560283687943, "287": 0.6307269503546099, "288": 0.696950354609929, "289": 0.5540248226950355, "290": 0.5485460992907801, "291": 0.6157624113475177, "292": 0.6131028368794327, "293": 0.5276418439716312, "294": 0.5611702127659575, "295": 0.4877482269503546, "296": 0.48196808510638295,