{"label": 11, "0": 0.6018457943925234, "1": 0.57101246105919, "2": 0.5798442367601246, "3": 0.5234968847352025, "4": 0.5601791277258568, "5": 0.5451791277258566, "6": 0.51101246105919, "7": 0.41905763239875393, "8": 0.4876791277258567, "9": 0.47351246105919004, "10": 0.42301401869158883, "11": 0.6068457943925234, "12": 0.6118457943925233, "13": 0.61601246105919, "14": 0.6156775700934579, "15": 0.6223442367601246, "16": 0.6298442367601246, "17": 0.6361760124610591, "18": 0.6403426791277258, "19": 0.57601246105919, "20": 0.5619937694704049, "21": 0.31797507788161994, "22": 0.4632710280373832, "23": 0.45125389408099686, "24": 0.43757009345794395, "25": 0.41621495327102803, "26": 0.47245327102803736, "27": 0.4165809968847352, "28": 0.432601246105919, "29": 0.40422897196261687, "30": 0.39904984423676015, "31": 0.4076947040498442, "32": 0.6084423676012461, "33": 0.4118847352024922, "34": 0.35563084112149534, "35": 0.38350467289719625, "36": 0.49408878504672893, "37": 0.5853271028037383, "38": 0.5989953271028037, "39": 0.5751401869158879, "40": 0.5716277258566979, "41": 0.5893146417445483, "42": 0.582803738317757, "43": 0.5657632398753895, "44": 0.5584968847352025, "45": 0.5473286604361371, "46": 0.36768691588785046, "47": 0.4954595015576324, "48": 0.5244548286604361, "49": 0.5186214953271028, "50": 0.45203271028037384, "51": 0.5351635514018691, "52": 0.39023364485981304, "53": 0.3745404984423676, "54": 0.3128271028037383, "55": 0.45981308411214955, "56": 0.4484501557632399, "57": 0.546082554517134, "58": 0.4698130841121495, "59": 0.5408021806853582, "60": 0.553816199376947, "61": 0.5709501557632399, "62": 0.5744548286604362, "63": 0.35852803738317757, "64": 0.5286214953271028, "65": 0.4167679127725856, "66": 0.40609813084112145, "67": 0.3474065420560748, "68": 0.3345093457943925, "69": 0.3755841121495327, "70": 0.353006230529595, "71": 0.3351557632398754, "72": 0.5919937694704049, "73": 0.5824766355140187, "74": 0.577632398753894, "75": 0.5459735202492212, "76": 0.5721183800623053, "77": 0.5784579439252336, "78": 0.5756230529595016, "79": 0.5444781931464174, "80": 0.5868068535825546, "81": 0.5949844236760125, "82": 0.6043302180685358, "83": 0.6228193146417446, "84": 0.6193224299065421, "85": 0.6129906542056075, "86": 0.6078271028037383, "87": 0.6031619937694704, "88": 0.5868068535825546, "89": 0.5858021806853583, "90": 0.5864641744548287, "91": 0.5862928348909657, "92": 0.5429361370716511, "93": 0.4024610591900311, "94": 0.5773442367601246, "95": 0.5817990654205607, "96": 0.5791277258566978, "97": 0.5626557632398754, "98": 0.5399610591900311, "99": 0.5586526479750779, "100": 0.4869392523364486, "101": 0.4722429906542056, "102": 0.5204517133956386, "103": 0.3211915887850467, "104": 0.3458722741433022, "105": 0.3760591900311526, "106": 0.5821105919003116, "107": 0.4409735202492212, "108": 0.40862928348909655, "109": 0.38062305295950155, "110": 0.4253894080996885, "111": 0.39883956386292835, "112": 0.4769626168224299, "113": 0.38769470404984424, "114": 0.4973052959501557, "115": 0.5284657320872274, "116": 0.3896495327102804, "117": 0.41718847352024924, "118": 0.43921339563862927, "119": 0.4640809968847352, "120": 0.4797741433021807, "121": 0.4887928348909657, "122": 0.5006619937694704, "123": 0.4144859813084112, "124": 0.3740109034267913, "125": 0.5690031152647974, "126": 0.5066277258566978, "127": 0.35095794392523366, "128": 0.4946417445482866, "129": 0.5201168224299065, "130": 0.4045404984423676, "131": 0.5217990654205608, "132": 0.43263239875389403, "133": 0.47362928348909655, "134": 0.5268146417445483, "135": 0.524190031152648, "136": 0.5375233644859814, "137": 0.402297507788162, "138": 0.49416666666666664, "139": 0.34414330218068534, "140": 0.6154361370716511, "141": 0.5718380062305296, "142": 0.5021105919003115, "143": 0.3719859813084112, "144": 0.4332398753894081, "145": 0.44542056074766356, "146": 0.5774532710280373, "147": 0.4384890965732087, "148": 0.655303738317757, "149": 0.6004127725856698, "150": 0.5733878504672897, "151": 0.44684579439252337, "152": 0.6873442367601246, "153": 0.45510124610591896, "154": 0.46478193146417446, "155": 0.47095794392523366, "156": 0.3606619937694704, "157": 0.45528037383177566, "158": 0.44309968847352027, "159": 0.4317523364485981, "160": 0.422904984423676, "161": 0.4175623052959502, "162": 0.3306308411214953, "163": 0.4245638629283489, "164": 0.5890109034267912, "165": 0.5499532710280374, "166": 0.5391355140186915, "167": 0.5703193146417446, "168": 0.49934579439252336, "169": 0.5573831775700935, "170": 0.5864096573208722, "171": 0.6469704049844237, "172": 0.5058333333333334, "173": 0.4676246105919003, "174": 0.5091510903426791, "175": 0.6778426791277259, "176": 0.628107476635514, "177": 0.43113707165109033, "178": 0.5938161993769471, "179": 0.5944781931464175, "180": 0.59797507788162, "181": 0.6023052959501558, "182": 0.6011292834890966, "183": 0.5786292834890966, "184": 0.574291277258567, "185": 0.5699532710280374, "186": 0.5415887850467289, "187": 0.46251557632398754, "188": 0.4991510903426791, "189": 0.47580996884735205, "190": 0.46929906542056077, "191": 0.5817990654205607, "192": 0.4856775700934579, "193": 0.4878271028037383, "194": 0.6046183800623053, "195": 0.53351246105919, "196": 0.5134968847352025, "197": 0.5226791277258567, "198": 0.5173052959501557, "199": 0.6661760124610592, "200": 0.6520093457943925, "201": 0.6298130841121495, "202": 0.555576323987539, "203": 0.517601246105919, "204": 0.5807632398753895, "205": 0.48522585669781937, "206": 0.5155841121495327, "207": 0.48987538940809966, "208": 0.6384735202492212, "209": 0.5149610591900312, "210": 0.5510591900311527, "211": 0.5805841121495328, "212": 0.5325623052959502, "213": 0.4591588785046729, "214": 0.515202492211838, "215": 0.4598130841121495, "216": 0.5180685358255452, "217": 0.5084735202492212, "218": 0.5381386292834891, "219": 0.5324610591900312, "220": 0.5364797507788163, "221": 0.4564641744548287, "222": 0.42676791277258563, "223": 0.40640965732087225, "224": 0.3922196261682243, "225": 0.38553738317757014, "226": 0.39619158878504673, "227": 0.3766277258566978, "228": 0.4212071651090342, "229": 0.43772585669781927, "230": 0.4552492211838006, "231": 0.47110591900311527, "232": 0.48179127725856696, "233": 0.48780373831775703, "234": 0.37595794392523363, "235": 0.5349610591900311, "236": 0.5191510903426791, "237": 0.5474844236760125, "238": 0.5603271028037383, "239": 0.5491510903426792, "240": 0.5417990654205608, "241": 0.5634968847352025, "242": 0.5663317757009346, "243": 0.47830218068535824, "244": 0.48897975077881617, "245": 0.49448598130841126, "246": 0.41455607476635514, "247": 0.39820872274143304, "248": 0.5468613707165109, "249": 0.6011370716510903, "250": 0.5876947040498441, "251": 0.6220482866043614, "252": 0.5760903426791277, "253": 0.5889408099688473, "254": 0.6009579439252337, "255": 0.6111448598130842, "256": 0.5630763239875389, "257": 0.5667834890965732, "258": 0.5532632398753894, "259": 0.582468847352025, "260": 0.5948130841121495, "261": 0.6326635514018693, "262": 0.7097429906542057, "263": 0.6041433021806853, "264": 0.6748909657320872, "265": 0.6423520249221184, "266": 0.6272663551401869, "267": 0.6145327102803739, "268": 0.6235280373831775, "269": 0.6335514018691588, "270": 0.6475623052959502, "271": 0.6357087227414331, "272": 0.6443847352024923, "273": 0.6837538940809968, "274": 0.5806931464174455, "275": 0.5730295950155764, "276": 0.6086760124610592, "277": 0.5737305295950156, "278": 0.6085669781931464, "279": 0.6039018691588784, "280": 0.6693224299065421, "281": 0.5585280373831776, "282": 0.5646339563862928, "283": 0.5874922118380062, "284": 0.5888629283489096, "285": 0.5130529595015576, "286": 0.5445794392523364, "287": 0.6859345794392524, "288": 0.7645404984423676, "289": 0.6038862928348909, "290": 0.5958722741433022, "291": 0.6617367601246107, "292": 0.6582320872274143, "293": 0.5890031152647974, "294": 0.6139018691588785, "295": 0.5377647975077882, "296": 0.5329361370716511, "297": 0.5074532710280374,