{"label": 5, "0": 0.573532176428055, "1": 0.5321963123644251, "2": 0.5446963123644252, "3": 0.48826825741142443, "4": 0.5213629790310919, "5": 0.5071963123644252, "6": 0.47795010845986985, "7": 0.38876174981923356, "8": 0.4512834417932032, "9": 0.43628344179320316, "10": 0.3909526391901663, "11": 0.5768655097613883, "12": 0.5810321764280549, "13": 0.583532176428055, "14": 0.583532176428055, "15": 0.5868655097613883, "16": 0.591032176428055, "17": 0.596032176428055, "18": 0.6074475777295734, "19": 0.5388629790310918, "20": 0.5280169920462763, "21": 0.3043727404193782, "22": 0.4326355748373102, "23": 0.4204537237888648, "24": 0.40768980477223427, "25": 0.3875054229934924, "26": 0.4420661605206074, "27": 0.38311279826464206, "28": 0.3980459146782357, "29": 0.3706796818510485, "30": 0.3661695589298626, "31": 0.3830748373101952, "32": 0.5788919016630514, "33": 0.3819233550253073, "34": 0.3447830802603037, "35": 0.3614750542299349, "36": 0.4662075198843095, "37": 0.5569323933477947, "38": 0.5671836587129429, "39": 0.546999276934201, "40": 0.5414045553145337, "41": 0.5571710050614607, "42": 0.5501608821402748, "43": 0.5396330441070137, "44": 0.5213503253796095, "45": 0.5083477946493131, "46": 0.33556218365871293, "47": 0.46557122198120027, "48": 0.4931507592190889, "49": 0.48623282718727406, "50": 0.4271619667389732, "51": 0.49693239334779465, "52": 0.35042841648590023, "53": 0.3372415039768619, "54": 0.2952187274041938, "55": 0.4192480115690528, "56": 0.41631236442516273, "57": 0.520704989154013, "58": 0.46430585683297176, "59": 0.5087454808387564, "60": 0.522091467823572, "61": 0.5383098336948662, "62": 0.539645697758496, "63": 0.32406724511930585, "64": 0.4981507592190889, "65": 0.37620751988430945, "66": 0.36378705712219817, "67": 0.31977946493130877, "68": 0.3103109182935647, "69": 0.34378705712219815, "70": 0.3248879248011569, "71": 0.31588033261026754, "72": 0.5619323933477947, "73": 0.5525018076644974, "74": 0.546325018076645, "75": 0.5147505422993492, "76": 0.5393944323933478, "77": 0.5456507592190889, "78": 0.5418148951554591, "79": 0.5091684743311642, "80": 0.5531634128705712, "81": 0.5610068691250903, "82": 0.5707682574114245, "83": 0.5903452639190166, "84": 0.5810990600144613, "85": 0.5771836587129429, "86": 0.5730169920462762, "87": 0.571852856109906, "88": 0.5531634128705712, "89": 0.5526608821402748, "90": 0.5529916847433116, "91": 0.55440708604483, "92": 0.5153868402024584, "93": 0.3982881417208966, "94": 0.5413629790310919, "95": 0.5474891540130152, "96": 0.5461532899493854, "97": 0.5295119305856832, "98": 0.5102404193781633, "99": 0.5267606652205351, "100": 0.4581381055676066, "101": 0.44503073029645696, "102": 0.4909815618221258, "103": 0.2991594360086768, "104": 0.31816702819956616, "105": 0.33775668835864064, "106": 0.5535610990600145, "107": 0.398825018076645, "108": 0.376325018076645, "109": 0.3505712219812003, "110": 0.39626174981923357, "111": 0.37839298626174983, "112": 0.4471583514099783, "113": 0.3592389732465654, "114": 0.46699927693420107, "115": 0.49465835140997827, "116": 0.37262653651482286, "117": 0.3926518438177874, "118": 0.41225415762834416, "119": 0.43553326102675344, "120": 0.44897143890093993, "121": 0.45915582067968186, "122": 0.4682682574114244, "123": 0.39838033261026756, "124": 0.34672631959508315, "125": 0.5315220535068691, "126": 0.4766558206796818, "127": 0.3453651482284888, "128": 0.46308387563268255, "129": 0.4918148951554592, "130": 0.37624909616775126, "131": 0.48799168474331167, "132": 0.4306290672451193, "133": 0.443825018076645, "134": 0.4902530730296457, "135": 0.507915762834418, "136": 0.5236695589298627, "137": 0.39303687635574835, "138": 0.48131597975415763, "139": 0.32853940708604484, "140": 0.5875560375994215, "141": 0.5370245842371656, "142": 0.4741431670281996, "143": 0.3542136659436009, "144": 0.4021077368040492, "145": 0.41462039045553145, "146": 0.5443148951554592, "147": 0.4235520607375271, "148": 0.6255838756326826, "149": 0.5770408532176428, "150": 0.5535231381055676, "151": 0.4132013738250181, "152": 0.6543655097613883, "153": 0.42463304410701375, "154": 0.43464569775849604, "155": 0.4414045553145336, "156": 0.33721619667389735, "157": 0.42522776572668114, "158": 0.41079718004338395, "159": 0.3999511930585683, "160": 0.389938539407086, "161": 0.3859309472161967, "162": 0.32170101229211856, "163": 0.3947668112798265, "164": 0.5538629790310918, "165": 0.520650759219089, "166": 0.5062454808387563, "167": 0.5384273318872017, "168": 0.46545010845986984, "169": 0.5366847433116414, "170": 0.5610357917570499, "171": 0.6159146782357194, "172": 0.49623644251626897, "173": 0.43723788864786695, "174": 0.4762581344902386, "175": 0.6449475777295735, "176": 0.5999765003615329, "177": 0.42179320318148955, "178": 0.5610068691250903, "179": 0.5613376717281273, "180": 0.5635864063629791, "181": 0.5666684743311641, "182": 0.5707429501084599, "183": 0.545319956616052, "184": 0.5412328271872741, "185": 0.5382302964569776, "186": 0.5150433839479392, "187": 0.44290310918293563, "188": 0.46734273318872016, "189": 0.4425018076644974, "190": 0.4374096167751265, "191": 0.5474891540130152, "192": 0.468736442516269, "193": 0.4505965292841648, "194": 0.5756507592190889, "195": 0.4974475777295734, "196": 0.4782682574114244, "197": 0.4876988430947216, "198": 0.48508134490238614, "199": 0.63411424439624, "200": 0.6199475777295733, "201": 0.5982556037599421, "202": 0.5305332610267535, "203": 0.4901355748373102, "204": 0.5537997107736804, "205": 0.45810014461315984, "206": 0.4879537237888648, "207": 0.4655874909616775, "208": 0.6072505422993493, "209": 0.4841558206796819, "210": 0.5271872740419378, "211": 0.5553741865509761, "212": 0.5082718727404194, "213": 0.44622378886478664, "214": 0.4947541576283442, "215": 0.4510520607375271, "216": 0.4923590021691974, "217": 0.4761659436008677, "218": 0.5031634128705712, "219": 0.5008224873463485, "220": 0.5000018076644974, "221": 0.41973788864786693, "222": 0.3902946493130875, "223": 0.36993853940708604, "224": 0.3572541576283442, "225": 0.3533261026753435, "226": 0.37007230657989876, "227": 0.3661984815618221, "228": 0.3948336948662328, "229": 0.40926428054953, "230": 0.42661785972523497, "231": 0.44147143890094, "232": 0.4511532899493854, "233": 0.4556634128705712, "234": 0.37086767895878525, "235": 0.5052404193781634, "236": 0.4843402024584237, "237": 0.5118402024584238, "238": 0.5244323933477947, "239": 0.5145914678235719, "240": 0.5118275488069415, "241": 0.5274349240780911, "242": 0.5318528561099061, "243": 0.4481634128705712, "244": 0.4563376717281273, "245": 0.46150939985538686, "246": 0.38434381778741866, "247": 0.36766449746926966, "248": 0.5110448300795373, "249": 0.5777331887201735, "250": 0.5507935647143891, "251": 0.5947939262472886, "252": 0.5497722342733189, "253": 0.563620751988431, "254": 0.5758026030368764, "255": 0.587322848879248, "256": 0.536174981923355, "257": 0.5357104121475054, "258": 0.5211080983369487, "259": 0.5525614605929139, "260": 0.5664895155459146, "261": 0.606502169197397, "262": 0.6781724511930586, "263": 0.5795715835140998, "264": 0.6479681851048446, "265": 0.6141865509761388, "266": 0.5982772957339118, "267": 0.5859652928416486, "268": 0.5940473608098338, "269": 0.6053163412870571, "270": 0.6203289949385393, "271": 0.6068112798264642, "272": 0.618239334779465, "273": 0.6543492407809111, "274": 0.5430422993492408, "275": 0.5343781634128706, "276": 0.5740943600867678, "277": 0.5447469269703543, "278": 0.574495661605206, "279": 0.5716648590021691, "280": 0.6403253796095445, "281": 0.5218781634128706, "282": 0.5293076644974692, "283": 0.5519125090383225, "284": 0.5598608098336949, "285": 0.4774855386840202, "286": 0.5139262472885032, "287": 0.6568618944323934, "288": 0.7314479392624729, "289": 0.5705676066522054, "290": 0.5630549530007232, "291": 0.6397595806218366, "292": 0.63675704989154, "293": 0.5528380332610268, "294": 0.581413593637021, "295": 0.5041106290672451, "296": 0.49711315979754156, "297": 0.47596167751265367,