{"label": 3, "0": 0.5835369437447523, "1": 0.5518702770780857, "2": 0.5610369437447523, "3": 0.5076280436607892, "4": 0.542703610411419, "5": 0.5297963895885811, "6": 0.4973152812762385, "7": 0.38907850545759864, "8": 0.4710747271200672, "9": 0.45690806045340054, "10": 0.41318639798488666, "11": 0.5868702770780857, "12": 0.590203610411419, "13": 0.592703610411419, "14": 0.592703610411419, "15": 0.5960369437447524, "16": 0.6010369437447524, "17": 0.6039441645675903, "18": 0.6122774979009236, "19": 0.5568702770780857, "20": 0.5434424853064651, "21": 0.2932556675062972, "22": 0.4368429890848027, "23": 0.4229890848026868, "24": 0.408727959697733, "25": 0.38694794290512174, "26": 0.44651133501259443, "27": 0.3883963056255248, "28": 0.40726910159529806, "29": 0.37494962216624683, "30": 0.3682073887489504, "31": 0.38018681780016794, "32": 0.574399664147775, "33": 0.3819668345927792, "34": 0.330291771620487, "35": 0.35674013434089, "36": 0.4730457598656591, "37": 0.5671830394626365, "38": 0.5755163727959698, "39": 0.5545696893366918, "40": 0.5490869017632242, "41": 0.5641813602015113, "42": 0.5561985726280436, "43": 0.540176322418136, "44": 0.5405352644836272, "45": 0.5280163727959697, "46": 0.34098236775818636, "47": 0.4757535684298908, "48": 0.5053085642317381, "49": 0.500308564231738, "50": 0.4281507136859781, "51": 0.5180352644836272, "52": 0.3641540722082284, "53": 0.34733627204030226, "54": 0.2904429051217464, "55": 0.43627413937867343, "56": 0.42569689336691857, "57": 0.523860201511335, "58": 0.437924013434089, "59": 0.5224769101595298, "60": 0.5358858102434928, "61": 0.5398257766582704, "62": 0.5431780016792611, "63": 0.3331129303106633, "64": 0.510308564231738, "65": 0.39100965575146934, "66": 0.38141687657430734, "67": 0.3304701931150294, "68": 0.3100923593618808, "69": 0.35593408900083967, "70": 0.32799958018471875, "71": 0.30957178841309824, "72": 0.5721830394626364, "73": 0.5604219143576826, "74": 0.5520130142737196, "75": 0.5274958018471873, "76": 0.5419185558354325, "77": 0.5498824517212426, "78": 0.5444374475230899, "79": 0.5250146935348446, "80": 0.5582913518052057, "81": 0.5683669185558354, "82": 0.5792758186397985, "83": 0.595071368597817, "84": 0.589256926952141, "85": 0.584256926952141, "86": 0.5813497061293031, "87": 0.5792758186397985, "88": 0.5582913518052057, "89": 0.5586985726280437, "90": 0.5578463476070529, "91": 0.5590869017632242, "92": 0.5218807724601175, "93": 0.37238455079764904, "94": 0.5585369437447523, "95": 0.5519941225860622, "96": 0.550308564231738, "97": 0.5438308144416457, "98": 0.5203463476070529, "99": 0.5388119227539883, "100": 0.4677329974811083, "101": 0.45089630562552474, "102": 0.5019563392107473, "103": 0.3014462636439966, "104": 0.3231696053736356, "105": 0.35078295549958016, "106": 0.5565113350125944, "107": 0.41832913518052056, "108": 0.3928652392947103, "109": 0.3678463476070529, "110": 0.39615239294710325, "111": 0.37131402183039464, "112": 0.45282745591939544, "113": 0.35935348446683457, "114": 0.47999580184718726, "115": 0.5103652392947103, "116": 0.3645528967254408, "117": 0.38763014273719565, "118": 0.41026238455079767, "119": 0.4358774139378673, "120": 0.4526952141057935, "121": 0.4636418975650714, "122": 0.4851280436607892, "123": 0.38999790092359365, "124": 0.3463518052057095, "125": 0.54848026868178, "126": 0.4878463476070529, "127": 0.3231801007556675, "128": 0.4699769101595298, "129": 0.5019563392107473, "130": 0.3744101595298069, "131": 0.5028652392947103, "132": 0.4028484466834593, "133": 0.45075356842989084, "134": 0.5079408060453401, "135": 0.4943912678421495, "136": 0.5027246011754828, "137": 0.3765701091519731, "138": 0.4638518052057095, "139": 0.3174223341729639, "140": 0.5797879932829555, "141": 0.5526658270361041, "142": 0.4827518891687657, "143": 0.34664567590260287, "144": 0.40541351805205705, "145": 0.4184151973131822, "146": 0.5481968933669186, "147": 0.4129429051217464, "148": 0.6170507976490345, "149": 0.5617485306465155, "150": 0.5362090680100755, "151": 0.43609361880772457, "152": 0.6485180520570949, "153": 0.430583543240974, "154": 0.4398257766582704, "155": 0.44654911838790934, "156": 0.3346095717884131, "157": 0.4315113350125945, "158": 0.4160096557514693, "159": 0.4017485306465155, "160": 0.3912468513853904, "161": 0.38619017632241814, "162": 0.3040323257766583, "163": 0.39661628883291355, "164": 0.5685369437447523, "165": 0.5294752308984048, "166": 0.5216435768261964, "167": 0.5509047019311503, "168": 0.4831486146095718, "169": 0.5232640638119228, "170": 0.5508963056255248, "171": 0.6099580184718724, "172": 0.4726112510495382, "173": 0.44280856423173803, "174": 0.4917191435768262, "175": 0.6426847187237615, "176": 0.5889735516372796, "177": 0.40327455919395466, "178": 0.5683669185558354, "179": 0.568348026868178, "180": 0.5704219143576826, "181": 0.5733291351805205, "182": 0.574531905961377, "183": 0.5486418975650713, "184": 0.5452896725440806, "185": 0.5431968933669186, "186": 0.5205646515533165, "187": 0.4393345927791772, "188": 0.48214525608732156, "189": 0.45292191435768264, "190": 0.44577246011754823, "191": 0.5519941225860622, "192": 0.4584823677581864, "193": 0.4655163727959698, "194": 0.5736230058774139, "195": 0.5181297229219144, "196": 0.4967947103274559, "197": 0.5077225020990764, "198": 0.4987363560033585, "199": 0.6326847187237615, "200": 0.6210180520570949, "201": 0.5987741393786734, "202": 0.5275629722921914, "203": 0.49602854743912683, "204": 0.550583543240974, "205": 0.4624685138539043, "206": 0.4926007556675063, "207": 0.46613350125944586, "208": 0.6033102434928631, "209": 0.4961796809403862, "210": 0.5199685138539043, "211": 0.5476007556675063, "212": 0.5066540722082284, "213": 0.43338790931989923, "214": 0.48735516372795973, "215": 0.43083123425692693, "216": 0.4950251889168766, "217": 0.4899958018471872, "218": 0.5195696893366919, "219": 0.5145130142737195, "220": 0.5187741393786733, "221": 0.4320130142737196, "222": 0.4014357682619647, "223": 0.37961796809403864, "224": 0.3636523929471033, "225": 0.3573173803526448, "226": 0.3668345927791772, "227": 0.34986565910999157, "228": 0.3914840470193115, "229": 0.40950461796809406, "230": 0.4279701931150294, "231": 0.4447691015952981, "232": 0.4552896725440806, "233": 0.46286523929471035, "234": 0.34610621326616287, "235": 0.5170130142737195, "236": 0.5017191435768262, "237": 0.5292191435768262, "238": 0.5405163727959698, "239": 0.5308858102434929, "240": 0.5232913518052057, "241": 0.5438685978169605, "242": 0.546794710327456, "243": 0.454531905961377, "244": 0.4645885810243493, "245": 0.4712930310663308, "246": 0.38407850545759864, "247": 0.3669101595298069, "248": 0.5323908480268682, "249": 0.593904282115869, "250": 0.5686314021830394, "251": 0.616024349286314, "252": 0.566547019311503, "253": 0.5799748110831234, "254": 0.5925692695214106, "255": 0.6043681780016793, "256": 0.5527120067170445, "257": 0.556272040302267, "258": 0.5419920235096558, "259": 0.5717926112510496, "260": 0.5860348446683459, "261": 0.6223698572628044, "262": 0.6772292191435768, "263": 0.5956087321578506, "264": 0.6618765743073047, "265": 0.632075986565911, "266": 0.611139798488665, "267": 0.5969836272040303, "268": 0.6027980688497061, "269": 0.6133375314861461, "270": 0.6254869857262804, "271": 0.6141330814441646, "272": 0.623782535684299, "273": 0.6593786733837111, "274": 0.5632052896725441, "275": 0.5565575146935349, "276": 0.5965931989924433, "277": 0.5601175482787573, "278": 0.5921914357682619, "279": 0.5876175482787573, "280": 0.6518681780016793, "281": 0.5432241813602016, "282": 0.5521809403862301, "283": 0.5752392947103274, "284": 0.5846704450041982, "285": 0.5029869857262804, "286": 0.5343975650713686, "287": 0.6619542401343409, "288": 0.7271137699412258, "289": 0.5858564231738035, "290": 0.5782808564231738, "291": 0.6409886649874056, "292": 0.6384697732997482, "293": 0.5769626364399665, "294": 0.5963581024349286, "295": 0.5286586901763224, "296": 0.5228442485306465, "297": 0.5042359361880773, "298": 0.5841687657430731,