{"label": 0, "0": 0.5966666666666667, "1": 0.5660101010101011, "2": 0.5760101010101011, "3": 0.5284090909090908, "4": 0.5568434343434343, "5": 0.5460101010101011, "6": 0.5173232323232323, "7": 0.44626262626262625, "8": 0.49631313131313126, "9": 0.48547979797979796, "10": 0.4461363636363636, "11": 0.6, "12": 0.6041666666666667, "13": 0.6074999999999999, "14": 0.6074999999999999, "15": 0.6108333333333333, "16": 0.6158333333333333, "17": 0.6226767676767677, "18": 0.6336868686868686, "19": 0.571010101010101, "20": 0.5627525252525252, "21": 0.3743181818181818, "22": 0.47651515151515156, "23": 0.4690909090909091, "24": 0.458989898989899, "25": 0.44353535353535356, "26": 0.48310606060606065, "27": 0.4407070707070707, "28": 0.4518181818181818, "29": 0.43227272727272725, "30": 0.42853535353535355, "31": 0.43926767676767675, "32": 0.6109595959595959, "33": 0.44055555555555553, "34": 0.4059343434343434, "35": 0.4203030303030303, "36": 0.5109848484848485, "37": 0.5838888888888889, "38": 0.5959090909090909, "39": 0.5787878787878787, "40": 0.5758838383838384, "41": 0.5886616161616162, "42": 0.5842676767676768, "43": 0.5765656565656565, "44": 0.5579292929292929, "45": 0.5475757575757576, "46": 0.4021969696969697, "47": 0.5068434343434344, "48": 0.5335101010101011, "49": 0.5283333333333333, "50": 0.4813383838383838, "51": 0.5367424242424242, "52": 0.41643939393939394, "53": 0.4056313131313131, "54": 0.3695959595959596, "55": 0.469570707070707, "56": 0.46525252525252525, "57": 0.5609848484848485, "58": 0.5022222222222222, "59": 0.5467676767676768, "60": 0.5573484848484849, "61": 0.5763131313131313, "62": 0.5783333333333334, "63": 0.39457070707070707, "64": 0.5376767676767678, "65": 0.43747474747474746, "66": 0.42878787878787883, "67": 0.39136363636363636, "68": 0.3843434343434343, "69": 0.4115909090909091, "70": 0.3917929292929293, "71": 0.38656565656565656, "72": 0.5898989898989899, "73": 0.5841414141414142, "74": 0.579570707070707, "75": 0.5504545454545454, "76": 0.5773232323232322, "77": 0.5821969696969697, "78": 0.578510101010101, "79": 0.5476515151515151, "80": 0.5869444444444445, "81": 0.5923484848484848, "82": 0.5994191919191919, "83": 0.6205555555555555, "84": 0.6107323232323232, "85": 0.6057323232323233, "86": 0.6017424242424243, "87": 0.5994191919191919, "88": 0.5869444444444445, "89": 0.5865909090909092, "90": 0.5880808080808081, "91": 0.5885606060606061, "92": 0.5545959595959595, "93": 0.4439141414141414, "94": 0.573510101010101, "95": 0.5837373737373737, "96": 0.5825505050505051, "97": 0.5637121212121212, "98": 0.5475505050505051, "99": 0.5610353535353536, "100": 0.5034090909090909, "101": 0.4939141414141414, "102": 0.5314898989898991, "103": 0.37343434343434345, "104": 0.3913383838383838, "105": 0.4057323232323232, "106": 0.5896464646464646, "107": 0.4557070707070707, "108": 0.437020202020202, "109": 0.414469696969697, "110": 0.4510858585858586, "111": 0.4338131313131313, "112": 0.4866666666666667, "113": 0.4207575757575758, "114": 0.509090909090909, "115": 0.5355808080808081, "116": 0.43204545454545457, "117": 0.44772727272727275, "118": 0.46436868686868693, "119": 0.4810606060606061, "120": 0.49103535353535355, "121": 0.4971464646464646, "122": 0.5097222222222222, "123": 0.4534090909090909, "124": 0.40982323232323237, "125": 0.565959595959596, "126": 0.5171969696969697, "127": 0.4027272727272727, "128": 0.5012373737373736, "129": 0.5313131313131313, "130": 0.4344949494949495, "131": 0.5295707070707071, "132": 0.4706313131313131, "133": 0.48333333333333334, "134": 0.5318181818181817, "135": 0.5458080808080807, "136": 0.5564646464646464, "137": 0.44545454545454544, "138": 0.521010101010101, "139": 0.39449494949494945, "140": 0.6177525252525253, "141": 0.569469696969697, "142": 0.5156060606060606, "143": 0.4127020202020202, "144": 0.456010101010101, "145": 0.4640909090909091, "146": 0.5828535353535353, "147": 0.47477272727272724, "148": 0.6514646464646465, "149": 0.6052777777777778, "150": 0.583459595959596, "151": 0.4653030303030303, "152": 0.676540404040404, "153": 0.47133838383838383, "154": 0.47674242424242425, "155": 0.4811363636363637, "156": 0.40007575757575753, "157": 0.47174242424242424, "158": 0.4618181818181818, "159": 0.4555808080808081, "160": 0.4491666666666667, "161": 0.444949494949495, "162": 0.3849242424242424, "163": 0.45012626262626265, "164": 0.5843434343434344, "165": 0.5578535353535353, "166": 0.5451010101010101, "167": 0.5720454545454545, "168": 0.5081565656565656, "169": 0.5707828282828283, "170": 0.5932575757575758, "171": 0.6439646464646465, "172": 0.5308333333333334, "173": 0.479469696969697, "174": 0.5169949494949495, "175": 0.6690404040404041, "176": 0.6281060606060606, "177": 0.46866161616161617, "178": 0.5913383838383839, "179": 0.5936616161616162, "180": 0.5949747474747474, "181": 0.5989646464646464, "182": 0.6049242424242425, "183": 0.5817171717171717, "184": 0.5788636363636364, "185": 0.5760101010101011, "186": 0.5558585858585858, "187": 0.4942676767676768, "188": 0.5076515151515151, "189": 0.48457070707070704, "190": 0.48017676767676765, "191": 0.5837373737373737, "192": 0.5139141414141414, "193": 0.49383838383838385, "194": 0.607020202020202, "195": 0.5358333333333334, "196": 0.5190656565656566, "197": 0.5266666666666666, "198": 0.5240909090909092, "199": 0.6582070707070707, "200": 0.645530303030303, "201": 0.6283585858585858, "202": 0.56760101010101, "203": 0.5315656565656566, "204": 0.5870454545454545, "205": 0.5075000000000001, "206": 0.5316414141414141, "207": 0.5134090909090909, "208": 0.6359848484848485, "209": 0.5238636363636363, "210": 0.563989898989899, "211": 0.5883080808080807, "212": 0.550530303030303, "213": 0.4928030303030303, "214": 0.5370454545454546, "215": 0.4930555555555556, "216": 0.537070707070707, "217": 0.5176010101010101, "218": 0.5427777777777778, "219": 0.5400505050505051, "220": 0.5401515151515152, "221": 0.46898989898989896, "222": 0.4468181818181818, "223": 0.43083333333333335, "224": 0.4212121212121212, "225": 0.4172979797979798, "226": 0.4279040404040404, "227": 0.4232575757575757, "228": 0.44866161616161615, "229": 0.46126262626262626, "230": 0.47373737373737373, "231": 0.4833585858585858, "232": 0.4911363636363636, "233": 0.4948737373737374, "234": 0.42272727272727273, "235": 0.5425505050505051, "236": 0.5244949494949496, "237": 0.5490151515151516, "238": 0.5600757575757576, "239": 0.5516919191919192, "240": 0.5489141414141414, "241": 0.5620959595959596, "242": 0.5656060606060607, "243": 0.4871969696969697, "244": 0.49492424242424243, "245": 0.5006313131313131, "246": 0.4427525252525253, "247": 0.4276515151515151, "248": 0.5457575757575758, "249": 0.5892171717171717, "250": 0.5801010101010101, "251": 0.595580808080808, "252": 0.5706313131313132, "253": 0.5805555555555556, "254": 0.5896464646464648, "255": 0.5976010101010101, "256": 0.5608838383838384, "257": 0.5585858585858585, "258": 0.5483080808080808, "259": 0.569520202020202, "260": 0.5799242424242423, "261": 0.6116919191919192, "262": 0.6902777777777778, "263": 0.5907575757575757, "264": 0.6394949494949496, "265": 0.616969696969697, "266": 0.6123484848484848, "267": 0.6052777777777778, "268": 0.6142676767676768, "269": 0.6223989898989899, "270": 0.634469696969697, "271": 0.6250252525252525, "272": 0.6337626262626262, "273": 0.6658080808080808, "274": 0.5751010101010101, "275": 0.5677777777777777, "276": 0.5859090909090909, "277": 0.5686363636363636, "278": 0.5974999999999999, "279": 0.5943434343434344, "280": 0.6426515151515152, "281": 0.5559343434343434, "282": 0.5508333333333333, "283": 0.5683080808080808, "284": 0.570479797979798, "285": 0.5155555555555555, "286": 0.5433838383838384, "287": 0.6653787878787879, "288": 0.7176010101010101, "289": 0.5944191919191919, "290": 0.5888383838383838, "291": 0.6502272727272727, "292": 0.6482070707070707, "293": 0.5693686868686869, "294": 0.6016666666666667, "295": 0.5333080808080808, "296": 0.5278282828282828, "297": 0.5090656565656566, "298": 0.5710858585858586,