{"label": 7, "0": 0.5895015948963318, "1": 0.5593939393939393, "2": 0.5698644338118022, "3": 0.5120693779904306, "4": 0.5485606060606061, "5": 0.5331977671451356, "6": 0.4995015948963317, "7": 0.3940231259968102, "8": 0.4724720893141946, "9": 0.45830542264752794, "10": 0.4096092503987241, "11": 0.5936682615629985, "12": 0.5995015948963318, "13": 0.6028349282296651, "14": 0.6028349282296651, "15": 0.6078349282296651, "16": 0.6136682615629985, "17": 0.6203349282296651, "18": 0.6315311004784689, "19": 0.5652272727272727, "20": 0.5520693779904307, "21": 0.31284290271132376, "22": 0.4382416267942584, "23": 0.42711323763955344, "24": 0.4139553429027113, "25": 0.393042264752791, "26": 0.44817384370015945, "27": 0.39113237639553433, "28": 0.4083492822966507, "29": 0.37844497607655503, "30": 0.37387559808612436, "31": 0.3885805422647528, "32": 0.5996251993620415, "33": 0.38757177033492823, "34": 0.349469696969697, "35": 0.3675598086124402, "36": 0.4821531100478469, "37": 0.571451355661882, "38": 0.5863437001594896, "39": 0.5617344497607656, "40": 0.5579984051036683, "41": 0.576048644338118, "42": 0.5681459330143541, "43": 0.5551634768740032, "44": 0.5474322169059012, "45": 0.5354027113237639, "46": 0.3475996810207337, "47": 0.4829984051036683, "48": 0.5134688995215311, "49": 0.5072727272727273, "50": 0.4414832535885168, "51": 0.5229027113237639, "52": 0.36656299840510365, "53": 0.35159090909090907, "54": 0.30683413078149924, "55": 0.4375677830940989, "56": 0.42650717703349283, "57": 0.5352312599681021, "58": 0.46382376395534286, "59": 0.5300677830940989, "60": 0.5441666666666667, "61": 0.5547328548644338, "62": 0.5571251993620414, "63": 0.3397767145135566, "64": 0.5172727272727272, "65": 0.39371212121212124, "66": 0.38298644338118026, "67": 0.3380542264752791, "68": 0.32473684210526316, "69": 0.3635645933014354, "70": 0.33625598086124403, "71": 0.32621610845295057, "72": 0.5793141945773524, "73": 0.5694896331738437, "74": 0.5632535885167465, "75": 0.5361562998405104, "76": 0.5559290271132377, "77": 0.5627432216905901, "78": 0.5586842105263158, "79": 0.5339114832535885, "80": 0.5722049441786283, "81": 0.5801076555023923, "82": 0.5908732057416268, "83": 0.6147846889952153, "84": 0.6039513556618821, "85": 0.5972846889952154, "86": 0.5926475279106858, "87": 0.589677033492823, "88": 0.5713716108452951, "89": 0.5714792663476874, "90": 0.5715869218500798, "91": 0.5725279106858054, "92": 0.5316148325358852, "93": 0.39541068580542266, "94": 0.5665311004784689, "95": 0.5650279106858054, "96": 0.5643022328548644, "97": 0.5531180223285487, "98": 0.5299202551834131, "99": 0.548225677830941, "100": 0.475311004784689, "101": 0.4592503987240829, "102": 0.5090470494417862, "103": 0.3137280701754386, "104": 0.3354346092503987, "105": 0.35464114832535887, "106": 0.5729585326953748, "107": 0.41981259968102075, "108": 0.3962240829346092, "109": 0.36977272727272725, "110": 0.40152312599681017, "111": 0.383755980861244, "112": 0.45285087719298245, "113": 0.36571770334928233, "114": 0.48506778309409887, "115": 0.5176754385964912, "116": 0.38059808612440194, "117": 0.3987958532695375, "118": 0.42007177033492826, "119": 0.4447208931419458, "120": 0.4596929824561403, "121": 0.4690470494417863, "122": 0.48884370015948964, "123": 0.4054904306220096, "124": 0.35614832535885166, "125": 0.5580502392344497, "126": 0.4941945773524721, "127": 0.345518341307815, "128": 0.4739792663476874, "129": 0.5095175438596491, "130": 0.3812280701754386, "131": 0.5098125996810208, "132": 0.42639154704944177, "133": 0.44951754385964915, "134": 0.5151076555023923, "135": 0.5186204146730462, "136": 0.5323165869218501, "137": 0.39446969696969697, "138": 0.48734449760765547, "139": 0.3358133971291866, "140": 0.6080661881977671, "141": 0.5617464114832535, "142": 0.49056618819776715, "143": 0.3601275917065391, "144": 0.40765151515151515, "145": 0.41925039872408293, "146": 0.5620175438596491, "147": 0.42991228070175436, "148": 0.6477153110047847, "149": 0.5938197767145136, "150": 0.566347687400319, "151": 0.43413875598086127, "152": 0.6780901116427432, "153": 0.42918261562998405, "154": 0.43875199362041467, "155": 0.4459290271132377, "156": 0.34574561403508774, "157": 0.432085326953748, "158": 0.4179864433811802, "159": 0.4051913875598086, "160": 0.3952591706539075, "161": 0.39058213716108453, "162": 0.3253030303030303, "163": 0.39964114832535885, "164": 0.5781977671451355, "165": 0.5389393939393939, "166": 0.5284011164274323, "167": 0.5598923444976076, "168": 0.4858054226475279, "169": 0.5502591706539075, "170": 0.5785645933014354, "171": 0.6390191387559809, "172": 0.49937400318979264, "173": 0.4425956937799043, "174": 0.4971371610845295, "175": 0.6697567783094098, "176": 0.6208213716108453, "177": 0.42258771929824557, "178": 0.5789114832535885, "179": 0.5798524720893141, "180": 0.5836562998405104, "181": 0.5874601275917065, "182": 0.5923125996810208, "183": 0.5626355661881978, "184": 0.5582137161084529, "185": 0.554988038277512, "186": 0.5312121212121212, "187": 0.45405103668261565, "188": 0.4859409888357257, "189": 0.4543421052631579, "190": 0.44560606060606056, "191": 0.5658612440191388, "192": 0.4786881977671451, "193": 0.4666666666666667, "194": 0.5959688995215311, "195": 0.5223644338118023, "196": 0.5008732057416267, "197": 0.5103349282296651, "198": 0.5042344497607656, "199": 0.658560606060606, "200": 0.6452272727272728, "201": 0.6225, "202": 0.5470055821371611, "203": 0.5058891547049442, "204": 0.571359649122807, "205": 0.473122009569378, "206": 0.5047607655502392, "207": 0.47985645933014354, "208": 0.6302153110047847, "209": 0.5025279106858054, "210": 0.5433771929824561, "211": 0.5733492822966507, "212": 0.5225438596491228, "213": 0.453030303030303, "214": 0.507464114832536, "215": 0.45262759170653905, "216": 0.5081618819776714, "217": 0.49626395534290274, "218": 0.5266267942583732, "219": 0.5215869218500797, "220": 0.5259409888357256, "221": 0.4327432216905901, "222": 0.4037121212121212, "223": 0.3817105263157895, "224": 0.36746411483253594, "225": 0.36253189792663476, "226": 0.3761881977671451, "227": 0.36957735247208934, "228": 0.40112041467304627, "229": 0.41677830940988836, "230": 0.43388755980861243, "231": 0.4489673046251994, "232": 0.45879186602870814, "233": 0.4650279106858054, "234": 0.3688516746411483, "235": 0.5249202551834131, "236": 0.5063038277511962, "237": 0.5370295055821371, "238": 0.5492065390749601, "239": 0.5386961722488037, "240": 0.5318421052631579, "241": 0.552432216905901, "242": 0.556128389154705, "243": 0.45549840510366824, "244": 0.46637161084529505, "245": 0.4740191387559809, "246": 0.3882974481658692, "247": 0.3728947368421053, "248": 0.5347966507177033, "249": 0.5882735247208931, "250": 0.577188995215311, "251": 0.5951395534290271, "252": 0.5627511961722488, "253": 0.5747129186602871, "254": 0.5866746411483253, "255": 0.598421052631579, "256": 0.5494856459330144, "257": 0.5474681020733652, "258": 0.534780701754386, "259": 0.5626555023923445, "260": 0.5772248803827751, "261": 0.6154904306220095, "262": 0.7012998405103669, "263": 0.5897248803827752, "264": 0.6497089314194577, "265": 0.621981658692185, "266": 0.6161244019138756, "267": 0.6013556618819776, "268": 0.6126594896331738, "269": 0.6239354066985646, "270": 0.6385047846889953, "271": 0.6254545454545455, "272": 0.6366905901116428, "273": 0.6759768740031897, "274": 0.5701594896331739, "275": 0.5617185007974481, "276": 0.5836084529505582, "277": 0.5619457735247209, "278": 0.5983971291866028, "279": 0.5925637958532696, "280": 0.655598086124402, "281": 0.5468261562998404, "282": 0.5403708133971292, "283": 0.5633133971291866, "284": 0.5640111642743222, "285": 0.49498405103668264, "286": 0.5278189792663477, "287": 0.6763795853269537, "288": 0.7393062200956938, "289": 0.5934649122807018, "290": 0.5860326953748007, "291": 0.6567703349282297, "292": 0.654377990430622, "293": 0.5622647527910686, "294": 0.6033971291866029, "295": 0.5181140350877194, "296": 0.5109768740031898, "297": 0.48960526315789477, "298": 0.5651674641148325,