{"label": 11, "0": 0.5801356993736952, "1": 0.5543110647181628, "2": 0.5638900487125957, "3": 0.5105393180236604, "4": 0.5434777313848296, "5": 0.5301443980514962, "6": 0.4993110647181629, "7": 0.41038274182324286, "8": 0.4745215727209464, "9": 0.4611882393876131, "10": 0.4166092553931802, "11": 0.5859690327070286, "12": 0.5926356993736952, "13": 0.5976356993736952, "14": 0.5976356993736952, "15": 0.6034690327070285, "16": 0.6109690327070285, "17": 0.6176356993736951, "18": 0.6303462073764787, "19": 0.5591005567153793, "20": 0.5476183020180933, "21": 0.33446242171189977, "22": 0.44794363256784964, "23": 0.4383385525400139, "24": 0.4270668058455115, "25": 0.4082863604732081, "26": 0.4556715379262352, "27": 0.4064613778705637, "28": 0.4206541405706333, "29": 0.3945581071677105, "30": 0.3903740431454419, "31": 0.4045146137787056, "32": 0.5994171885873347, "33": 0.4037073764787752, "34": 0.36631350034794713, "35": 0.38427800974251913, "36": 0.48397007654836466, "37": 0.5619780793319415, "38": 0.5790657620041754, "39": 0.5511099512874044, "40": 0.5475487125956855, "41": 0.5673729993041058, "42": 0.5606889352818372, "43": 0.5521016005567154, "44": 0.5430393180236603, "45": 0.5319954766875434, "46": 0.3665935977731385, "47": 0.48423277661795405, "48": 0.5111012526096033, "49": 0.5050574112734865, "50": 0.4466022964509395, "51": 0.5205393180236604, "52": 0.3841544885177453, "53": 0.37078636047320807, "54": 0.32886569241475294, "55": 0.44509220598469035, "56": 0.4358820459290188, "57": 0.5329175365344467, "58": 0.4717432150313152, "59": 0.5263291579679888, "60": 0.5401009046624914, "61": 0.5473208072372999, "62": 0.5504523312456506, "63": 0.35868997912317324, "64": 0.5150574112734865, "65": 0.4077418232428671, "66": 0.3983646485734168, "67": 0.35292623521224775, "68": 0.3436725817675713, "69": 0.3756454418928323, "70": 0.3567867084203201, "71": 0.34593597773138485, "72": 0.5703114126652749, "73": 0.5592414752957551, "74": 0.5540135699373695, "75": 0.5319606819763396, "76": 0.5483646485734168, "77": 0.5571276965901183, "78": 0.5514961725817675, "79": 0.5303027139874739, "80": 0.565276617954071, "81": 0.5738378566457898, "82": 0.5851096033402923, "83": 0.6128114126652748, "84": 0.6011447459986082, "85": 0.5936447459986083, "86": 0.5890657620041754, "87": 0.5851096033402923, "88": 0.565276617954071, "89": 0.5656889352818372, "90": 0.5650574112734865, "91": 0.5671363952679193, "92": 0.5281541405706333, "93": 0.40755045233124565, "94": 0.5616005567153792, "95": 0.5590135699373695, "96": 0.5575487125956855, "97": 0.5473990953375087, "98": 0.5258994432846208, "99": 0.5446885873347251, "100": 0.4764961725817676, "101": 0.4633298538622129, "102": 0.5079697286012526, "103": 0.3336986778009743, "104": 0.35350556715379267, "105": 0.3735229645093946, "106": 0.5700400139178845, "107": 0.4296711899791232, "108": 0.4048729993041058, "109": 0.3790309672929715, "110": 0.41600556715379267, "111": 0.3984446764091858, "112": 0.4613117606123869, "113": 0.3836812804453723, "114": 0.48696068197633957, "115": 0.5152853166318719, "116": 0.3921642310368824, "117": 0.4126287404314545, "118": 0.4305758524704245, "119": 0.45187369519832987, "120": 0.4652418232428671, "121": 0.47276791927627004, "122": 0.4903288100208768, "123": 0.4138308977035491, "124": 0.3734533750869867, "125": 0.5520041753653444, "126": 0.49527661795407096, "127": 0.3648486430062631, "128": 0.4782063326374391, "129": 0.507759220598469, "130": 0.39827766179540713, "131": 0.5075748086290883, "132": 0.4367258176757133, "133": 0.4579784272790536, "134": 0.513223729993041, "135": 0.5226374391092554, "136": 0.5361812804453723, "137": 0.4054714683368128, "138": 0.49364648573416836, "139": 0.35487473903966593, "140": 0.6071189979123174, "141": 0.5563813500347947, "142": 0.491294363256785, "143": 0.37612908837856646, "144": 0.42248782185107864, "145": 0.43167188587334726, "146": 0.5556628392484343, "147": 0.43675191370911626, "148": 0.644250173973556, "149": 0.5933385525400139, "150": 0.56830375782881, "151": 0.43806541405706334, "152": 0.6728462073764787, "153": 0.44002261656228253, "154": 0.4494171885873347, "155": 0.45568023660403617, "156": 0.36426931106471816, "157": 0.4410838552540014, "158": 0.4275226165622825, "159": 0.4183385525400139, "160": 0.4087334725121782, "161": 0.40580375782881006, "162": 0.34611169102296446, "163": 0.4153914405010438, "164": 0.572223382045929, "165": 0.5348469032707028, "166": 0.5257063326374392, "167": 0.5555219206680584, "168": 0.4878549060542797, "169": 0.5528827418232428, "170": 0.5793736951983298, "171": 0.6357063326374391, "172": 0.5053131524008351, "173": 0.4515135699373695, "174": 0.49697807933194155, "175": 0.6653462073764788, "176": 0.6194171885873347, "177": 0.4319363256784968, "178": 0.5738378566457898, "179": 0.5748729993041057, "180": 0.5777853166318719, "181": 0.5834081419624217, "182": 0.5911099512874043, "183": 0.5550487125956854, "184": 0.5510838552540014, "185": 0.546285664578984, "186": 0.5270929018789144, "187": 0.45762004175365345, "188": 0.4888552540013918, "189": 0.46008350730688935, "190": 0.4544432846207377, "191": 0.5590135699373695, "192": 0.48219902574808626, "193": 0.47177627000695893, "194": 0.593803061934586, "195": 0.5193110647181629, "196": 0.5013726513569937, "197": 0.5093110647181629, "198": 0.5034168406402226, "199": 0.6545128740431454, "200": 0.6411795407098121, "201": 0.6194693806541406, "202": 0.5466631871955463, "203": 0.5056541405706333, "204": 0.5708559498956158, "205": 0.47580375782881, "206": 0.5041718858733473, "207": 0.48286534446764096, "208": 0.6277940153096729, "209": 0.5017327766179541, "210": 0.5445581071677106, "211": 0.5718823938761308, "212": 0.5228914405010439, "213": 0.4582167710508003, "214": 0.5097338204592903, "215": 0.45986604036186496, "216": 0.5070668058455114, "217": 0.4961273486430062, "218": 0.5244606819763395, "219": 0.5186099512874043, "220": 0.5221798886569241, "221": 0.4419432846207376, "222": 0.4158646485734169, "223": 0.3974965205288796, "224": 0.38538274182324284, "225": 0.37994432846207377, "226": 0.3924269311064718, "227": 0.38380480167014613, "228": 0.41411099512874044, "229": 0.4280932498260265, "230": 0.4437508698677801, "231": 0.45669798190675015, "232": 0.4656802366040362, "233": 0.47069763395963815, "234": 0.38526096033402923, "235": 0.5219432846207377, "236": 0.5061447459986081, "237": 0.5328114126652749, "238": 0.5449077940153098, "239": 0.5344780793319415, "240": 0.5284081419624217, "241": 0.5488726513569937, "242": 0.5524164926931106, "243": 0.4621537926235212, "244": 0.47196068197633956, "245": 0.4780132219902575, "246": 0.40433890048712595, "247": 0.3909881697981907, "248": 0.5314161447459986, "249": 0.5819850382741824, "250": 0.5703723034098818, "251": 0.588107167710508, "252": 0.5600469728601252, "253": 0.5723625608907446, "254": 0.5828009742519138, "255": 0.5913709116214336, "256": 0.5489857341684063, "257": 0.5427835768963117, "258": 0.5319241475295755, "259": 0.5569763395963814, "260": 0.5694937369519832, "261": 0.6082654836464858, "262": 0.6929418928322895, "263": 0.5836604036186499, "264": 0.64062456506611, "265": 0.614124913013222, "266": 0.60964335421016, "267": 0.5951704940848992, "268": 0.6080828114126653, "269": 0.617705288796103, "270": 0.6337665274878218, "271": 0.6203983994432847, "272": 0.6322929714683367, "273": 0.6683803061934586, "274": 0.5637056367432149, "275": 0.5557933194154488, "276": 0.5768180236604037, "277": 0.5589683368128044, "278": 0.5910560194850383, "279": 0.5870998608211552, "280": 0.6451339596381349, "281": 0.5432933194154488, "282": 0.5353009742519137, "283": 0.556169102296451, "284": 0.5585020876826723, "285": 0.4960299234516353, "286": 0.5264857341684064, "287": 0.6677748782185108, "288": 0.7293528183716076, "289": 0.5864509394572025, "290": 0.5795563674321502, "291": 0.6533716075156577, "292": 0.6502400835073069, "293": 0.5555549756437022, "294": 0.5960560194850383, "295": 0.5160908141962421, "296": 0.5088013221990257, "297": 0.4888274182324287,