{"label": 5, "0": 0.5549035812672176, "1": 0.5180371900826446, "2": 0.5297038567493113, "3": 0.47830578512396693, "4": 0.508236914600551, "5": 0.49676997245179066, "6": 0.46986914600550966, "7": 0.3859573002754821, "8": 0.44776859504132227, "9": 0.43630165289256195, "10": 0.4004338842975207, "11": 0.5599035812672176, "12": 0.565736914600551, "13": 0.5688705234159779, "14": 0.5705371900826446, "15": 0.5755371900826447, "16": 0.5822038567493113, "17": 0.5878374655647383, "18": 0.5922382920110193, "19": 0.5230371900826446, "20": 0.5127066115702479, "21": 0.313168044077135, "22": 0.4221831955922865, "23": 0.4118526170798898, "24": 0.40255509641873277, "25": 0.3830922865013774, "26": 0.4298140495867769, "27": 0.3812534435261708, "28": 0.3942837465564738, "29": 0.37052341597796146, "30": 0.36662534435261707, "31": 0.3794283746556474, "32": 0.5599173553719008, "33": 0.3793250688705234, "34": 0.34283746556473826, "35": 0.3603650137741047, "36": 0.45745179063360886, "37": 0.5400068870523416, "38": 0.5543732782369146, "39": 0.5305440771349863, "40": 0.5281129476584022, "41": 0.5448760330578513, "42": 0.5393112947658403, "43": 0.5261845730027548, "44": 0.5079063360881543, "45": 0.49687327823691463, "46": 0.34279614325068875, "47": 0.45537878787878794, "48": 0.48021349862258955, "49": 0.47521349862258955, "50": 0.4225275482093664, "51": 0.4862396694214876, "52": 0.35882231404958675, "53": 0.34665977961432504, "54": 0.30806473829201103, "55": 0.4157093663911846, "56": 0.4096143250688705, "57": 0.5097865013774104, "58": 0.44443526170798897, "59": 0.4953443526170799, "60": 0.5071418732782369, "61": 0.5290151515151515, "62": 0.5310812672176308, "63": 0.33462809917355374, "64": 0.48521349862258956, "65": 0.3784504132231405, "66": 0.37075068870523414, "67": 0.33391873278236917, "68": 0.319896694214876, "69": 0.3538842975206612, "70": 0.3322314049586777, "71": 0.3226997245179063, "72": 0.5466735537190083, "73": 0.5386432506887052, "74": 0.5337121212121212, "75": 0.5001101928374656, "76": 0.5300482093663912, "77": 0.5358471074380166, "78": 0.5331473829201102, "79": 0.4955096418732783, "80": 0.5430440771349863, "81": 0.5494421487603306, "82": 0.5587396694214877, "83": 0.5761088154269973, "84": 0.5727410468319559, "85": 0.5671074380165289, "86": 0.563340220385675, "87": 0.5593732782369146, "88": 0.5436776859504132, "89": 0.5432782369146005, "90": 0.5426790633608816, "91": 0.5439462809917356, "92": 0.5032162534435262, "93": 0.3849380165289257, "94": 0.5263705234159779, "95": 0.5385123966942149, "96": 0.5381129476584022, "97": 0.5144077134986226, "98": 0.49704545454545457, "99": 0.5117079889807162, "100": 0.44964876033057855, "101": 0.4377203856749311, "102": 0.47814738292011016, "103": 0.3133264462809917, "104": 0.32932506887052343, "105": 0.3471900826446281, "106": 0.5402823691460055, "107": 0.4001101928374655, "108": 0.38364325068870525, "109": 0.36241046831955925, "110": 0.3915909090909091, "111": 0.37453168044077134, "112": 0.43434573002754817, "113": 0.3602617079889807, "114": 0.45697658402203856, "115": 0.48244490358126724, "116": 0.36860192837465566, "117": 0.38842975206611574, "118": 0.40725895316804406, "119": 0.4272865013774104, "120": 0.43861570247933884, "121": 0.44684573002754824, "122": 0.46017217630853996, "123": 0.3915013774104683, "124": 0.35013085399449034, "125": 0.5178719008264463, "126": 0.46537878787878784, "127": 0.3416046831955923, "128": 0.45114325068870526, "129": 0.4789807162534435, "130": 0.37312672176308537, "131": 0.4766115702479339, "132": 0.4122038567493113, "133": 0.43101239669421487, "134": 0.47924242424242425, "135": 0.4882300275482093, "136": 0.49886363636363634, "137": 0.38367079889807165, "138": 0.463732782369146, "139": 0.3311019283746557, "140": 0.5655853994490359, "141": 0.5214049586776859, "142": 0.4625482093663912, "143": 0.35253443526170797, "144": 0.3969214876033058, "145": 0.4060192837465565, "146": 0.5354476584022039, "147": 0.41460055096418735, "148": 0.6047796143250689, "149": 0.5517561983471074, "150": 0.5274931129476583, "151": 0.41733471074380163, "152": 0.6360055096418733, "153": 0.4142837465564738, "154": 0.42254820936639115, "155": 0.4287465564738292, "156": 0.34019972451790637, "157": 0.41588154269972455, "158": 0.4042837465564738, "159": 0.3941528925619835, "160": 0.38568870523415977, "161": 0.38219008264462806, "162": 0.3242699724517906, "163": 0.3909228650137741, "164": 0.537004132231405, "165": 0.5068801652892562, "166": 0.49284435261707993, "167": 0.523374655647383, "168": 0.45923553719008264, "169": 0.5139600550964187, "170": 0.5390564738292012, "171": 0.5956129476584022, "172": 0.4745661157024793, "173": 0.4254132231404959, "174": 0.4658746556473829, "175": 0.6268388429752066, "176": 0.5766184573002755, "177": 0.40926997245179064, "178": 0.5511088154269972, "179": 0.5513429752066116, "180": 0.5542768595041323, "181": 0.5572107438016529, "182": 0.5574793388429752, "183": 0.5356129476584022, "184": 0.5308471074380166, "185": 0.5279476584022038, "186": 0.5049517906336088, "187": 0.4350964187327824, "188": 0.45774104683195593, "189": 0.4328099173553719, "190": 0.42641184573002755, "191": 0.5385123966942149, "192": 0.45699724517906337, "193": 0.4435399449035813, "194": 0.5573484848484849, "195": 0.48696969696969694, "196": 0.4691391184573003, "197": 0.47883608815427, "198": 0.47241046831955924, "199": 0.6162052341597796, "200": 0.6020385674931129, "201": 0.5817768595041322, "202": 0.5150550964187328, "203": 0.47801652892561985, "204": 0.5364187327823692, "205": 0.4515564738292011, "206": 0.47768595041322315, "207": 0.45789256198347106, "208": 0.5880785123966943, "209": 0.4728787878787879, "210": 0.5093250688705234, "211": 0.5344214876033058, "212": 0.49532369146005506, "213": 0.43416666666666665, "214": 0.48086088154269974, "215": 0.43443526170798896, "216": 0.4833884297520661, "217": 0.46614325068870527, "218": 0.49074380165289255, "219": 0.48684573002754816, "220": 0.48820936639118456, "221": 0.41454545454545455, "222": 0.3894834710743802, "223": 0.3712878787878788, "224": 0.3613911845730028, "225": 0.3560606060606061, "226": 0.36819559228650134, "227": 0.360771349862259, "228": 0.3897933884297521, "229": 0.4036570247933884, "230": 0.41915289256198346, "231": 0.4300826446280992, "232": 0.43791322314049586, "233": 0.44367768595041324, "234": 0.3622382920110193, "235": 0.4901790633608816, "236": 0.4740082644628099, "237": 0.49797520661157024, "238": 0.5100068870523415, "239": 0.5015082644628099, "240": 0.4984779614325069, "241": 0.5129063360881543, "242": 0.516439393939394, "243": 0.43514462809917354, "244": 0.4448760330578513, "245": 0.45087465564738294, "246": 0.3797245179063361, "247": 0.36646005509641877, "248": 0.4998002754820937, "249": 0.5597796143250688, "250": 0.5352341597796143, "251": 0.5771005509641873, "252": 0.5335881542699724, "253": 0.5455853994490358, "254": 0.5577823691460055, "255": 0.5689118457300275, "256": 0.5228236914600551, "257": 0.5263498622589532, "258": 0.5139531680440772, "259": 0.5412465564738291, "260": 0.5534779614325069, "261": 0.5857093663911845, "262": 0.6560261707988981, "263": 0.5622451790633609, "264": 0.6210330578512397, "265": 0.59517217630854, "266": 0.5760881542699725, "267": 0.5675, "268": 0.576900826446281, "269": 0.5857300275482094, "270": 0.6006611570247934, "271": 0.5888980716253444, "272": 0.5986294765840221, "273": 0.6305578512396695, "274": 0.5283677685950413, "275": 0.5204338842975207, "276": 0.5623071625344352, "277": 0.5289600550964186, "278": 0.5570936639118458, "279": 0.5539600550964188, "280": 0.6128787878787878, "281": 0.5098002754820936, "282": 0.5223140495867769, "283": 0.5428099173553719, "284": 0.5484366391184573, "285": 0.47586088154269973, "286": 0.5067561983471074, "287": 0.6304889807162535, "288": 0.693904958677686, "289": 0.5517630853994491, "290": 0.544965564738292, "291": 0.6178925619834711, "292": 0.6158264462809917, "293": 0.5440082644628099, "294": 0.5618939393939394, "295": 0.4989531680440772, "296": 0.4953856749311295,