{"label": 3, "0": 0.532528735632184, "1": 0.49405172413793097, "2": 0.5078735632183908, "3": 0.45650862068965514, "4": 0.48405172413793107, "5": 0.4726293103448276, "6": 0.44645114942528735, "7": 0.3718534482758621, "8": 0.4225287356321839, "9": 0.40919540229885054, "10": 0.3702729885057471, "11": 0.5366954022988506, "12": 0.542528735632184, "13": 0.5458620689655173, "14": 0.5466954022988506, "15": 0.5516954022988505, "16": 0.5583620689655172, "17": 0.5641954022988506, "18": 0.573117816091954, "19": 0.5009626436781609, "20": 0.4923419540229885, "21": 0.3054597701149425, "22": 0.41011494252873565, "23": 0.4001724137931034, "24": 0.3896408045977011, "25": 0.37170977011494255, "26": 0.4173132183908046, "27": 0.3641954022988506, "28": 0.37688218390804595, "29": 0.35400862068965516, "30": 0.3514655172413793, "31": 0.3697557471264368, "32": 0.5479022988505747, "33": 0.3661206896551724, "34": 0.3400718390804598, "35": 0.3523132183908046, "36": 0.44306034482758616, "37": 0.5192528735632184, "38": 0.5339080459770115, "39": 0.5134770114942528, "40": 0.5117672413793104, "41": 0.5261206896551724, "42": 0.5221551724137932, "43": 0.5139367816091954, "44": 0.4854310344827586, "45": 0.47410919540229884, "46": 0.32804597701149424, "47": 0.43961206896551724, "48": 0.4647126436781609, "49": 0.4597126436781609, "50": 0.4126436781609195, "51": 0.4645977011494253, "52": 0.3384195402298851, "53": 0.3285775862068966, "54": 0.2957471264367816, "55": 0.39524425287356324, "56": 0.3926580459770115, "57": 0.4980603448275862, "58": 0.44863505747126436, "59": 0.47941091954022985, "60": 0.4894540229885057, "61": 0.5155459770114943, "62": 0.5177011494252873, "63": 0.3181896551724138, "64": 0.4707902298850575, "65": 0.3597270114942529, "66": 0.3500718390804598, "67": 0.31252873563218386, "68": 0.3067241379310345, "69": 0.3318390804597701, "70": 0.3193247126436782, "71": 0.31310344827586206, "72": 0.5269971264367816, "73": 0.520632183908046, "74": 0.5175000000000001, "75": 0.48323275862068965, "76": 0.5166235632183909, "77": 0.5215229885057471, "78": 0.5187787356321839, "79": 0.476566091954023, "80": 0.5259770114942529, "81": 0.5316091954022988, "82": 0.5383189655172413, "83": 0.5593534482758621, "84": 0.5515086206896551, "85": 0.5467528735632183, "86": 0.5411637931034483, "87": 0.5380747126436781, "88": 0.5259770114942529, "89": 0.5263218390804598, "90": 0.5266666666666666, "91": 0.5286781609195402, "92": 0.48966954022988507, "93": 0.3898706896551724, "94": 0.5045402298850574, "95": 0.5225, "96": 0.5220114942528735, "97": 0.4968534482758621, "98": 0.4817672413793103, "99": 0.492198275862069, "100": 0.4344252873563218, "101": 0.424683908045977, "102": 0.4636350574712643, "103": 0.29666666666666663, "104": 0.3120545977011494, "105": 0.3274425287356322, "106": 0.5273132183908046, "107": 0.37760057471264363, "108": 0.3590229885057471, "109": 0.3374568965517242, "110": 0.37935344827586204, "111": 0.36755747126436783, "112": 0.4204454022988506, "113": 0.34676724137931036, "114": 0.44048850574712645, "115": 0.46510057471264366, "116": 0.36428160919540226, "117": 0.3806896551724138, "118": 0.39612068965517244, "119": 0.4149281609195402, "120": 0.425014367816092, "121": 0.431867816091954, "122": 0.4392528735632184, "123": 0.38751436781609194, "124": 0.3392241379310345, "125": 0.4947413793103448, "126": 0.4498563218390804, "127": 0.34281609195402296, "128": 0.4346551724137931, "129": 0.465301724137931, "130": 0.361566091954023, "131": 0.45926724137931035, "132": 0.4166810344827586, "133": 0.4171120689655172, "134": 0.4601436781609195, "135": 0.48695402298850576, "136": 0.4999425287356322, "137": 0.38330459770114944, "138": 0.4636781609195402, "139": 0.32545977011494254, "140": 0.5538362068965517, "141": 0.5002298850574712, "142": 0.4484913793103449, "143": 0.34810344827586204, "144": 0.3838074712643678, "145": 0.3943390804597701, "146": 0.5210344827586207, "147": 0.4109913793103448, "148": 0.5876436781609196, "149": 0.5449712643678162, "150": 0.5247844827586207, "151": 0.3902729885057471, "152": 0.6138505747126437, "153": 0.40295977011494255, "154": 0.4099137931034483, "155": 0.41471264367816096, "156": 0.3319252873563218, "157": 0.3999137931034483, "158": 0.3877155172413793, "159": 0.3782614942528736, "160": 0.37022988505747123, "161": 0.3673419540229885, "162": 0.31948275862068964, "163": 0.3767528735632184, "164": 0.5162068965517241, "165": 0.4916235632183908, "166": 0.4766666666666667, "167": 0.5038649425287356, "168": 0.43586206896551727, "169": 0.5104741379310345, "170": 0.5317385057471264, "171": 0.5788218390804598, "172": 0.4769109195402299, "173": 0.41054597701149426, "174": 0.4467097701149425, "175": 0.6041954022988505, "176": 0.5654022988505747, "177": 0.4095258620689655, "178": 0.5305316091954023, "179": 0.5317097701149425, "180": 0.535632183908046, "181": 0.5393103448275862, "182": 0.5420114942528735, "183": 0.5195114942528736, "184": 0.5165229885057471, "185": 0.5124568965517242, "186": 0.49129310344827587, "187": 0.42916666666666664, "188": 0.4386206896551724, "189": 0.4154885057471264, "190": 0.4106896551724138, "191": 0.5225, "192": 0.4535775862068966, "193": 0.4235201149425287, "194": 0.5441235632183908, "195": 0.4645402298850575, "196": 0.4473419540229885, "197": 0.45561781609195406, "198": 0.455, "199": 0.5941954022988506, "200": 0.5833620689655172, "201": 0.5642097701149424, "202": 0.5054166666666666, "203": 0.46501436781609196, "204": 0.5253591954022989, "205": 0.44047413793103446, "206": 0.465316091954023, "207": 0.44876436781609197, "208": 0.5718103448275862, "209": 0.4562787356321839, "210": 0.5026293103448276, "211": 0.5255603448275862, "212": 0.48620689655172417, "213": 0.4311350574712644, "214": 0.47518678160919536, "215": 0.43623563218390804, "216": 0.47301724137931034, "217": 0.44882183908045975, "218": 0.4716666666666667, "219": 0.47152298850574714, "220": 0.4682327586206897, "221": 0.39579022988505747, "222": 0.36997126436781613, "223": 0.3529741379310345, "224": 0.34445402298850575, "225": 0.3408333333333333, "226": 0.35760057471264367, "227": 0.36007183908045975, "228": 0.3793103448275862, "229": 0.3925862068965517, "230": 0.4065948275862069, "231": 0.4181034482758621, "232": 0.4247126436781609, "233": 0.4289224137931035, "234": 0.3658045977011494, "235": 0.47485632183908044, "236": 0.45396551724137935, "237": 0.478132183908046, "238": 0.4895977011494253, "239": 0.4808764367816092, "240": 0.4825, "241": 0.4915086206896552, "242": 0.49616379310344827, "243": 0.4214224137931034, "244": 0.4276436781609195, "245": 0.4317097701149425, "246": 0.36660919540229886, "247": 0.3529885057471264, "248": 0.47507183908045975, "249": 0.5348132183908046, "250": 0.5117385057471264, "251": 0.5486494252873564, "252": 0.5124856321839081, "253": 0.5243390804597701, "254": 0.5351149425287356, "255": 0.5443678160919541, "256": 0.5002873563218391, "257": 0.497816091954023, "258": 0.486551724137931, "259": 0.5124137931034483, "260": 0.5252011494252873, "261": 0.5607327586206896, "262": 0.630632183908046, "263": 0.5366235632183908, "264": 0.5937931034482758, "265": 0.5661637931034482, "266": 0.5529741379310344, "267": 0.541882183908046, "268": 0.5533045977011495, "269": 0.5595689655172413, "270": 0.571867816091954, "271": 0.562514367816092, "272": 0.5706465517241379, "273": 0.6085201149425288, "274": 0.5037499999999999, "275": 0.4959051724137931, "276": 0.5332758620689655, "277": 0.5064224137931035, "278": 0.5315229885057471, "279": 0.5286781609195402, "280": 0.5885344827586206, "281": 0.48507183908045975, "282": 0.4935919540229885, "283": 0.5130890804597701, "284": 0.5163074712643678, "285": 0.4488793103448276, "286": 0.4796982758620689, "287": 0.606896551724138, "288": 0.6708620689655173, "289": 0.5279022988505747, "290": 0.5217816091954023, "291": 0.5875, "292": 0.585344827586207, "293": 0.5137212643678161, "294": 0.5376005747126437, "295": 0.4717959770114942, "296": 0.46537356321839085, "297": 0.44340517241379307, "298": 0.514353448275862, "299": 0.4508620689655172,