{"label": 10, "0": 0.5787837837837837, "1": 0.5496171171171171, "2": 0.5593243243243243, "3": 0.5033558558558558, "4": 0.5387837837837838, "5": 0.5254504504504505, "6": 0.4932432432432432, "7": 0.39506756756756756, "8": 0.46936936936936935, "9": 0.4568693693693694, "10": 0.4141216216216216, "11": 0.5843243243243244, "12": 0.5918243243243243, "13": 0.5968243243243243, "14": 0.5976576576576577, "15": 0.603490990990991, "16": 0.610990990990991, "17": 0.6173648648648649, "18": 0.6287387387387388, "19": 0.553490990990991, "20": 0.5411036036036037, "21": 0.30743243243243246, "22": 0.438018018018018, "23": 0.42646396396396397, "24": 0.4152027027027027, "25": 0.3936036036036036, "26": 0.4467792792792793, "27": 0.3919594594594594, "28": 0.40630630630630626, "29": 0.38094594594594594, "30": 0.3761036036036036, "31": 0.38788288288288286, "32": 0.5883108108108108, "33": 0.38806306306306304, "34": 0.3409234234234234, "35": 0.3646171171171171, "36": 0.47596846846846846, "37": 0.5613513513513513, "38": 0.579436936936937, "39": 0.5530855855855856, "40": 0.5504504504504505, "41": 0.5706756756756757, "42": 0.565, "43": 0.5513063063063063, "44": 0.5375225225225225, "45": 0.5252702702702703, "46": 0.3477927927927928, "47": 0.4752027027027027, "48": 0.5054504504504505, "49": 0.49849099099099103, "50": 0.4348873873873874, "51": 0.5138963963963964, "52": 0.368490990990991, "53": 0.35268018018018016, "54": 0.30653153153153156, "55": 0.4350900900900901, "56": 0.4236936936936937, "57": 0.5325900900900901, "58": 0.45081081081081076, "59": 0.5214189189189189, "60": 0.5348873873873874, "61": 0.5559009009009008, "62": 0.5573198198198198, "63": 0.33925675675675676, "64": 0.5093243243243243, "65": 0.3940990990990991, "66": 0.3835135135135135, "67": 0.34004504504504507, "68": 0.3235810810810811, "69": 0.36430180180180183, "70": 0.3346171171171171, "71": 0.32227477477477473, "72": 0.5708108108108109, "73": 0.5622972972972973, "74": 0.5571621621621621, "75": 0.5253378378378378, "76": 0.557027027027027, "77": 0.563490990990991, "78": 0.559572072072072, "79": 0.5228828828828829, "80": 0.5697522522522522, "81": 0.5770945945945947, "82": 0.5863963963963964, "83": 0.6090540540540541, "84": 0.6018918918918919, "85": 0.595518018018018, "86": 0.5891441441441442, "87": 0.5852702702702703, "88": 0.5697522522522522, "89": 0.5700000000000001, "90": 0.569954954954955, "91": 0.5718693693693694, "92": 0.5272297297297297, "93": 0.38254504504504505, "94": 0.555990990990991, "95": 0.5646621621621621, "96": 0.5640765765765766, "97": 0.5424324324324324, "98": 0.5216216216216216, "99": 0.5388063063063063, "100": 0.4675225225225225, "101": 0.45362612612612613, "102": 0.5012387387387387, "103": 0.3148873873873874, "104": 0.33497747747747747, "105": 0.35565315315315316, "106": 0.5681081081081081, "107": 0.41837837837837843, "108": 0.3977927927927928, "109": 0.37274774774774777, "110": 0.40256756756756756, "111": 0.38074324324324327, "112": 0.45103603603603604, "113": 0.3667567567567568, "114": 0.4767117117117117, "115": 0.5083333333333333, "116": 0.37135135135135133, "117": 0.39725225225225225, "118": 0.4183108108108108, "119": 0.44141891891891893, "120": 0.45443693693693693, "121": 0.4637837837837838, "122": 0.4825225225225225, "123": 0.39835585585585587, "124": 0.3538288288288288, "125": 0.5459009009009009, "126": 0.48632882882882883, "127": 0.3352927927927928, "128": 0.4692117117117117, "129": 0.5009459459459459, "130": 0.38326576576576576, "131": 0.5013738738738739, "132": 0.4131756756756757, "133": 0.44770270270270274, "134": 0.5059684684684684, "135": 0.5056306306306306, "136": 0.5161711711711712, "137": 0.3853828828828829, "138": 0.47711711711711713, "139": 0.3299324324324324, "140": 0.5946396396396396, "141": 0.5506531531531531, "142": 0.48227477477477476, "143": 0.35389639639639636, "144": 0.40966216216216217, "145": 0.42063063063063066, "146": 0.5617792792792793, "147": 0.4225675675675676, "148": 0.6357882882882883, "149": 0.5766216216216216, "150": 0.5488963963963964, "151": 0.4354954954954955, "152": 0.6706531531531532, "153": 0.4299324324324324, "154": 0.43923423423423424, "155": 0.4451576576576577, "156": 0.34202702702702703, "157": 0.4289414414414414, "158": 0.4163063063063063, "159": 0.4042117117117117, "160": 0.3957432432432432, "161": 0.3914864864864865, "162": 0.3175900900900901, "163": 0.4023648648648649, "164": 0.568490990990991, "165": 0.5318243243243244, "166": 0.518918918918919, "167": 0.5513063063063064, "168": 0.48074324324324325, "169": 0.5363963963963964, "170": 0.5638288288288288, "171": 0.6285810810810811, "172": 0.48486486486486485, "173": 0.44182432432432434, "174": 0.489054054054054, "175": 0.6634459459459459, "176": 0.6057657657657658, "177": 0.41434684684684686, "178": 0.5759684684684685, "179": 0.5778828828828828, "180": 0.5806306306306306, "181": 0.5861711711711712, "182": 0.5871621621621621, "183": 0.5615765765765766, "184": 0.5565315315315316, "185": 0.5523198198198198, "186": 0.5273873873873873, "187": 0.44837837837837835, "188": 0.4793468468468468, "189": 0.4503378378378379, "190": 0.44328828828828826, "191": 0.5646621621621621, "192": 0.47112612612612614, "193": 0.4627252252252252, "194": 0.5873198198198198, "195": 0.5149099099099099, "196": 0.49335585585585584, "197": 0.5040765765765766, "198": 0.49671171171171175, "199": 0.6517792792792793, "200": 0.638445945945946, "201": 0.6134234234234235, "202": 0.5380405405405405, "203": 0.4988513513513514, "204": 0.5612612612612613, "205": 0.46736486486486484, "206": 0.49759009009009003, "207": 0.4747297297297297, "208": 0.6202927927927928, "209": 0.4946621621621622, "210": 0.5311936936936937, "211": 0.5605855855855856, "212": 0.515990990990991, "213": 0.4454054054054054, "214": 0.4990990990990991, "215": 0.44277027027027027, "216": 0.503581081081081, "217": 0.48783783783783785, "218": 0.5178378378378379, "219": 0.5132882882882883, "220": 0.5148423423423424, "221": 0.43132882882882884, "222": 0.4032657657657658, "223": 0.38245495495495496, "224": 0.3703153153153153, "225": 0.36405405405405405, "226": 0.3756306306306306, "227": 0.35950450450450455, "228": 0.3988063063063063, "229": 0.41565315315315315, "230": 0.43254504504504504, "231": 0.4458108108108108, "232": 0.455990990990991, "233": 0.46054054054054056, "234": 0.35779279279279275, "235": 0.5166216216216216, "236": 0.4982207207207207, "237": 0.5268468468468468, "238": 0.5386036036036036, "239": 0.5285135135135135, "240": 0.5233333333333333, "241": 0.5425225225225225, "242": 0.5461486486486486, "243": 0.45304054054054055, "244": 0.4634234234234234, "245": 0.4695945945945946, "246": 0.38977477477477473, "247": 0.37463963963963964, "248": 0.5278378378378378, "249": 0.5783333333333334, "250": 0.5658783783783783, "251": 0.5987162162162162, "252": 0.5509234234234235, "253": 0.5649774774774775, "254": 0.5770720720720721, "255": 0.5878378378378378, "256": 0.5382882882882883, "257": 0.5464864864864865, "258": 0.5318468468468469, "259": 0.5625, "260": 0.5745495495495495, "261": 0.6074324324324325, "262": 0.692454954954955, "263": 0.5803378378378379, "264": 0.6468468468468469, "265": 0.6165315315315315, "266": 0.6057207207207207, "267": 0.5917567567567568, "268": 0.6061711711711711, "269": 0.6147297297297298, "270": 0.6312387387387387, "271": 0.6188063063063063, "272": 0.6311486486486486, "273": 0.6667117117117117, "274": 0.558918918918919, "275": 0.5531306306306307, "276": 0.587027027027027, "277": 0.554572072072072, "278": 0.5881981981981982, "279": 0.583490990990991, "280": 0.64259009009009, "281": 0.5386711711711711, "282": 0.5463738738738739, "283": 0.5682657657657657, "284": 0.569954954954955, "285": 0.4964414414414414, "286": 0.5236261261261261, "287": 0.6657207207207207, "288": 0.7235360360360361, "289": 0.5830630630630631, "290": 0.5762612612612612, "291": 0.652454954954955, "292": 0.6502027027027026, "293": 0.5703153153153153, "294": 0.5931981981981982, "295": 0.5227252252252252, "296": 0.5186036036036036, "297": 0.49511261261261263, "298": 0.5701126126126126,