{"label": 6, "0": 0.5847583826429981, "1": 0.5451331360946745, "2": 0.5552859960552268, "3": 0.5022435897435897, "4": 0.5342998027613413, "5": 0.5201331360946746, "6": 0.48793885601577913, "7": 0.41276627218934914, "8": 0.46127218934911246, "9": 0.4471055226824458, "10": 0.40142504930966466, "11": 0.5899112426035502, "12": 0.5932445759368836, "13": 0.5957445759368836, "14": 0.5974112426035503, "15": 0.6015779092702169, "16": 0.6074112426035503, "17": 0.6124112426035503, "18": 0.6205917159763313, "19": 0.5511193293885601, "20": 0.5412573964497042, "21": 0.34241617357001974, "22": 0.448560157790927, "23": 0.43953155818540435, "24": 0.4298224852071006, "25": 0.41200197238658776, "26": 0.4557692307692308, "27": 0.40558678500986195, "28": 0.4182544378698225, "29": 0.396405325443787, "30": 0.39366863905325444, "31": 0.41062623274161736, "32": 0.5957692307692308, "33": 0.4073076923076923, "34": 0.3780128205128205, "35": 0.3931114398422091, "36": 0.48582347140039445, "37": 0.5704240631163708, "38": 0.5815631163708086, "39": 0.5629092702169626, "40": 0.5591863905325444, "41": 0.5735207100591716, "42": 0.5674506903353057, "43": 0.5559072978303747, "44": 0.5354240631163709, "45": 0.5234516765285997, "46": 0.3713757396449704, "47": 0.48168639053254436, "48": 0.5112278106508876, "49": 0.5044082840236687, "50": 0.4554043392504931, "51": 0.5119378698224852, "52": 0.3833777120315582, "53": 0.3729043392504931, "54": 0.3329585798816568, "55": 0.4370759368836292, "56": 0.4331163708086785, "57": 0.5398372781065088, "58": 0.48659763313609466, "59": 0.5249506903353057, "60": 0.5361735700197239, "61": 0.5571301775147929, "62": 0.5582692307692307, "63": 0.36214003944773177, "64": 0.5162278106508875, "65": 0.40393491124260356, "66": 0.393629191321499, "67": 0.34808678500986195, "68": 0.34705621301775147, "69": 0.37135108481262324, "70": 0.36311143984220906, "71": 0.3513609467455622, "72": 0.5772435897435897, "73": 0.5682149901380671, "74": 0.5638116370808679, "75": 0.5295759368836291, "76": 0.5581163708086785, "77": 0.5637278106508876, "78": 0.5592554240631163, "79": 0.5255621301775149, "80": 0.5702564102564103, "81": 0.5771597633136094, "82": 0.5850493096646943, "83": 0.6059516765285996, "84": 0.5987573964497042, "85": 0.5937573964497042, "86": 0.5889102564102564, "87": 0.586715976331361, "88": 0.5710897435897436, "89": 0.5706311637080868, "90": 0.5711587771203156, "91": 0.5716863905325444, "92": 0.5321992110453649, "93": 0.4234714003944773, "94": 0.5527859960552268, "95": 0.5661587771203156, "96": 0.5640335305719921, "97": 0.542465483234714, "98": 0.5260059171597633, "99": 0.5398126232741618, "100": 0.4766715976331361, "101": 0.4664201183431953, "102": 0.5084220907297831, "103": 0.33358481262327416, "104": 0.3518491124260355, "105": 0.37291913214990136, "106": 0.5714497041420119, "107": 0.4197978303747535, "108": 0.39517258382642995, "109": 0.3705473372781065, "110": 0.4202662721893491, "111": 0.4081114398422091, "112": 0.4591863905325444, "113": 0.38880670611439844, "114": 0.4819230769230769, "115": 0.5128254437869822, "116": 0.4030966469428008, "117": 0.42168145956607495, "118": 0.43783530571992113, "119": 0.4550591715976331, "120": 0.46568540433925054, "121": 0.47236686390532545, "122": 0.480576923076923, "123": 0.42673570019723867, "124": 0.38091715976331364, "125": 0.5443688362919132, "126": 0.49168639053254437, "127": 0.3771794871794872, "128": 0.47442307692307695, "129": 0.5074358974358975, "130": 0.40222386587771203, "131": 0.5053254437869823, "132": 0.45272189349112424, "133": 0.45585305719921104, "134": 0.5073816568047337, "135": 0.53215483234714, "136": 0.5442800788954635, "137": 0.42066568047337277, "138": 0.5051676528599606, "139": 0.3629437869822485, "140": 0.6031163708086785, "141": 0.5488412228796844, "142": 0.490310650887574, "143": 0.387569033530572, "144": 0.42414201183431954, "145": 0.43286489151873764, "146": 0.563422090729783, "147": 0.45166666666666666, "148": 0.6343540433925049, "149": 0.5924211045364891, "150": 0.5714201183431953, "151": 0.42475838264299803, "152": 0.6585502958579881, "153": 0.4407544378698225, "154": 0.447810650887574, "155": 0.4537278106508876, "156": 0.37318047337278104, "157": 0.44046351084812624, "158": 0.42825443786982254, "159": 0.4185453648915187, "160": 0.41133629191321497, "161": 0.408905325443787, "162": 0.355818540433925, "163": 0.41837771203155816, "164": 0.5636193293885602, "165": 0.5362278106508875, "166": 0.5232840236686391, "167": 0.550645956607495, "168": 0.4746055226824458, "169": 0.5574753451676528, "170": 0.5793096646942801, "171": 0.6273816568047338, "172": 0.5174457593688363, "173": 0.44956114398422087, "174": 0.49034023668639054, "175": 0.6517307692307692, "176": 0.6127416173570019, "177": 0.448249506903353, "178": 0.5770069033530572, "179": 0.5783678500986194, "180": 0.5805621301775148, "181": 0.5845759368836292, "182": 0.5889644970414201, "183": 0.563353057199211, "184": 0.5595611439842209, "185": 0.5567554240631164, "186": 0.533629191321499, "187": 0.4703205128205128, "188": 0.48049309664694284, "189": 0.45540927021696254, "190": 0.4511587771203156, "191": 0.5661587771203156, "192": 0.4956262327416173, "193": 0.4626183431952663, "194": 0.5905473372781065, "195": 0.5094526627218935, "196": 0.4922435897435897, "197": 0.4986193293885602, "198": 0.500103550295858, "199": 0.6424112426035502, "200": 0.6307445759368836, "201": 0.6121597633136096, "202": 0.5503648915187377, "203": 0.5078796844181459, "204": 0.5712130177514793, "205": 0.48353057199211047, "206": 0.5090039447731756, "207": 0.491474358974359, "208": 0.620034516765286, "209": 0.5000197238658777, "210": 0.5492948717948718, "211": 0.5729487179487179, "212": 0.5299753451676528, "213": 0.47326429980276136, "214": 0.5191272189349112, "215": 0.4759861932938856, "216": 0.5154339250493096, "217": 0.4919230769230769, "218": 0.5209368836291913, "219": 0.5175197238658777, "220": 0.5172287968441814, "221": 0.4375197238658777, "222": 0.4132544378698225, "223": 0.3966420118343195, "224": 0.38730769230769235, "225": 0.3844181459566075, "226": 0.39865384615384614, "227": 0.39687376725838264, "228": 0.42071005917159765, "229": 0.43307199211045366, "230": 0.44687869822485204, "231": 0.4571992110453649, "232": 0.4645611439842209, "233": 0.46813116370808683, "234": 0.39983234714003946, "235": 0.5218392504930967, "236": 0.49935404339250494, "237": 0.5276873767258383, "238": 0.5386045364891519, "239": 0.5303402366863905, "240": 0.5272978303747535, "241": 0.5414102564102563, "242": 0.5450493096646942, "243": 0.45979783037475347, "244": 0.4682149901380671, "245": 0.4720069033530572, "246": 0.4076134122287969, "247": 0.3955571992110454, "248": 0.5199950690335305, "249": 0.5624457593688363, "250": 0.5601479289940828, "251": 0.5650739644970414, "252": 0.5438461538461539, "253": 0.5527218934911242, "254": 0.5635700197238659, "255": 0.5733629191321499, "256": 0.5349704142011834, "257": 0.5283333333333333, "258": 0.5181656804733727, "259": 0.5410009861932938, "260": 0.5530571992110453, "261": 0.5897386587771203, "262": 0.6736785009861933, "263": 0.5648767258382643, "264": 0.615310650887574, "265": 0.5957396449704142, "266": 0.5924852071005917, "267": 0.5950788954635109, "268": 0.6032593688362919, "269": 0.6112327416173571, "270": 0.6242751479289941, "271": 0.6139546351084813, "272": 0.6226775147928993, "273": 0.6515680473372781, "274": 0.5531755424063116, "275": 0.5451479289940828, "276": 0.5610305719921105, "277": 0.5439694280078895, "278": 0.5773027613412229, "279": 0.5724556213017751, "280": 0.6243491124260354, "281": 0.5308284023668639, "282": 0.5225838264299802, "283": 0.5416962524654833, "284": 0.5357396449704142, "285": 0.48342702169625246, "286": 0.51413708086785, "287": 0.6494575936883629, "288": 0.6949901380670611, "289": 0.5752465483234714, "290": 0.568870808678501, "291": 0.6401232741617358, "292": 0.6371646942800789, "293": 0.5417800788954635, "294": 0.5824556213017751, "295": 0.502707100591716, "296": 0.4961932938856016, "297": 0.46886094674556217,