{"label": 8, "0": 0.587958089668616, "1": 0.5429434697855751, "2": 0.5539181286549708, "3": 0.4958382066276803, "4": 0.5303021442495126, "5": 0.5162768031189083, "6": 0.47891812865497074, "7": 0.39886939571150093, "8": 0.45155945419103316, "9": 0.4373927875243665, "10": 0.3892007797270955, "11": 0.592958089668616, "12": 0.5971247563352826, "13": 0.600458089668616, "14": 0.600458089668616, "15": 0.6055994152046784, "16": 0.6114327485380117, "17": 0.617266081871345, "18": 0.6207261208576997, "19": 0.5479434697855751, "20": 0.5381968810916179, "21": 0.32057504873294346, "22": 0.4382504873294347, "23": 0.42836257309941517, "24": 0.41764132553606237, "25": 0.39732943469785575, "26": 0.44535575048732945, "27": 0.38932261208576996, "28": 0.4036598440545809, "29": 0.3801267056530214, "30": 0.37732943469785574, "31": 0.3960575048732944, "32": 0.5949317738791423, "33": 0.3916374269005848, "34": 0.35958576998050684, "35": 0.37505360623781675, "36": 0.47864522417154, "37": 0.571812865497076, "38": 0.5854288499025341, "39": 0.5633089668615985, "40": 0.559537037037037, "41": 0.5755409356725146, "42": 0.5685769980506823, "43": 0.5538011695906433, "44": 0.5323635477582845, "45": 0.5195808966861598, "46": 0.35437621832358673, "47": 0.47370370370370374, "48": 0.5064717348927875, "49": 0.4998050682261208, "50": 0.44481481481481483, "51": 0.5063888888888889, "52": 0.3670760233918129, "53": 0.35676413255360623, "54": 0.3111549707602339, "55": 0.4230263157894737, "56": 0.418406432748538, "57": 0.5341959064327485, "58": 0.4779629629629629, "59": 0.5210769980506822, "60": 0.5322076023391813, "61": 0.5546491228070176, "62": 0.5575730994152047, "63": 0.3442495126705653, "64": 0.5106384015594542, "65": 0.3883771929824561, "66": 0.37809454191033137, "67": 0.3300146198830409, "68": 0.3261695906432749, "69": 0.3540545808966862, "70": 0.3426949317738791, "71": 0.3322563352826511, "72": 0.5794541910331383, "73": 0.5702582846003899, "74": 0.5631530214424951, "75": 0.525667641325536, "76": 0.5556237816764132, "77": 0.5631384015594542, "78": 0.5585477582846003, "79": 0.5226169590643275, "80": 0.5712183235867446, "81": 0.5799902534113061, "82": 0.5897368421052631, "83": 0.6062475633528265, "84": 0.601812865497076, "85": 0.5969541910331384, "86": 0.5929288499025341, "87": 0.5897368421052631, "88": 0.5703849902534113, "89": 0.5701023391812865, "90": 0.5706530214424951, "91": 0.572037037037037, "92": 0.5283918128654971, "93": 0.40917641325536064, "94": 0.550443469785575, "95": 0.5645370370370371, "96": 0.5634210526315789, "97": 0.5402729044834308, "98": 0.5212037037037037, "99": 0.5358235867446394, "100": 0.4686744639376218, "101": 0.4576559454191033, "102": 0.5028557504873294, "103": 0.31369883040935675, "104": 0.33288011695906433, "105": 0.35581871345029237, "106": 0.5692397660818713, "107": 0.40593567251461987, "108": 0.3813450292397661, "109": 0.3559210526315789, "110": 0.406369395711501, "111": 0.3908869395711501, "112": 0.447729044834308, "113": 0.3725828460038986, "114": 0.4730263157894737, "115": 0.5081530214424951, "116": 0.3882163742690058, "117": 0.4060428849902534, "118": 0.4256627680311891, "119": 0.4454385964912281, "120": 0.4550584795321637, "121": 0.46175438596491225, "122": 0.472504873294347, "123": 0.413640350877193, "124": 0.3629775828460039, "125": 0.5420955165692007, "126": 0.48537037037037034, "127": 0.35680311890838207, "128": 0.46455165692007794, "129": 0.5028557504873294, "130": 0.3867641325536062, "131": 0.5006530214424951, "132": 0.4416910331384016, "133": 0.44537037037037036, "134": 0.5017836257309941, "135": 0.5262134502923976, "136": 0.5398294346978557, "137": 0.4073684210526316, "138": 0.49854288499025345, "139": 0.34376705653021444, "140": 0.6029824561403508, "141": 0.5465448343079922, "142": 0.4839571150097466, "143": 0.367948343079922, "144": 0.4120906432748538, "145": 0.42169590643274857, "146": 0.5628557504873294, "147": 0.4410136452241715, "148": 0.6374756335282651, "149": 0.592261208576998, "150": 0.5695906432748539, "151": 0.4123927875243665, "152": 0.6625341130604289, "153": 0.43046783625730994, "154": 0.4374317738791423, "155": 0.4424463937621832, "156": 0.3526803118908382, "157": 0.4257651072124756, "158": 0.4119931773879142, "159": 0.4012719298245614, "160": 0.395, "161": 0.39248538011695905, "162": 0.33375243664717347, "163": 0.4054093567251462, "164": 0.5630847953216374, "165": 0.5331384015594541, "166": 0.5194103313840156, "167": 0.5492982456140351, "168": 0.4657261208576998, "169": 0.5540253411306042, "170": 0.5785038986354776, "171": 0.6298343079922027, "172": 0.5113255360623782, "173": 0.43827972709551655, "174": 0.48220760233918125, "175": 0.6558674463937622, "176": 0.6142397660818714, "177": 0.43654970760233913, "178": 0.5791569200779727, "179": 0.5805409356725146, "180": 0.5827582846003898, "181": 0.5867836257309942, "182": 0.5866276803118908, "183": 0.5625877192982456, "184": 0.5598050682261209, "185": 0.5561890838206628, "186": 0.5289278752436647, "187": 0.4604922027290448, "188": 0.4715155945419103, "189": 0.4440009746588694, "190": 0.43801169590643274, "191": 0.5653703703703704, "192": 0.48730019493177384, "193": 0.4519395711500974, "194": 0.5907797270955166, "195": 0.502943469785575, "196": 0.4840302144249512, "197": 0.4922514619883041, "198": 0.4937183235867446, "199": 0.6440594541910332, "200": 0.6315594541910331, "201": 0.613182261208577, "202": 0.5464132553606238, "203": 0.5022758284600389, "204": 0.5697758284600389, "205": 0.4745760233918129, "206": 0.5025292397660819, "207": 0.48427875243664714, "208": 0.6217836257309941, "209": 0.494537037037037, "210": 0.5451413255360624, "211": 0.570453216374269, "212": 0.5243079922027291, "213": 0.4632456140350877, "214": 0.5124707602339181, "215": 0.4668469785575049, "216": 0.5080653021442495, "217": 0.48469298245614034, "218": 0.5170516569200779, "219": 0.5137037037037037, "220": 0.5134502923976608, "221": 0.4235623781676413, "222": 0.3985185185185185, "223": 0.38125730994152046, "224": 0.3710867446393762, "225": 0.3681481481481481, "226": 0.38146686159844057, "227": 0.3811111111111111, "228": 0.4059307992202729, "229": 0.42096003898635476, "230": 0.43557992202729046, "231": 0.4467251461988304, "232": 0.4531384015594542, "233": 0.4566276803118908, "234": 0.3820857699805068, "235": 0.5162037037037037, "236": 0.4930409356725146, "237": 0.523874269005848, "238": 0.5355555555555556, "239": 0.5265155945419103, "240": 0.5224610136452241, "241": 0.5383382066276803, "242": 0.5427875243664717, "243": 0.4482943469785575, "244": 0.4566423001949318, "245": 0.4620662768031189, "246": 0.39206140350877194, "247": 0.37926413255360625, "248": 0.5143567251461988, "249": 0.5605214424951267, "250": 0.5586647173489279, "251": 0.563406432748538, "252": 0.5383576998050683, "253": 0.549078947368421, "254": 0.5598001949317739, "255": 0.5703947368421053, "256": 0.5279191033138402, "257": 0.5206189083820663, "258": 0.510448343079922, "259": 0.5339814814814815, "260": 0.5477534113060428, "261": 0.5866666666666667, "262": 0.678611111111111, "263": 0.5619200779727096, "264": 0.6168957115009747, "265": 0.5918372319688109, "266": 0.5897563352826511, "267": 0.599103313840156, "268": 0.6097953216374269, "269": 0.6151072124756335, "270": 0.6290204678362573, "271": 0.6205165692007797, "272": 0.6283138401559454, "273": 0.6541910331384015, "274": 0.550882066276803, "275": 0.5419980506822613, "276": 0.5548732943469785, "277": 0.5390058479532164, "278": 0.575672514619883, "279": 0.569980506822612, "280": 0.62317738791423, "281": 0.5268567251461989, "282": 0.5142495126705653, "283": 0.5340107212475633, "284": 0.5315692007797271, "285": 0.47440058479532166, "286": 0.5055604288499025, "287": 0.652962962962963, "288": 0.7049171539961014, "289": 0.572733918128655, "290": 0.5672953216374269, "291": 0.6457163742690059, "292": 0.6437670565302145, "293": 0.5340253411306043, "294": 0.5808138401559455, "295": 0.493640350877193, "296": 0.48628167641325537, "297": 0.4596442495126706, "298": 0.5336306042884991, "299": 0.47184697855750485,