{"label": 1, "0": 0.5913663823738451, "1": 0.5697601279317697, "2": 0.5765618336886993, "3": 0.5251652452025586, "4": 0.5599928926794598, "5": 0.5458262260127931, "6": 0.5122601279317698, "7": 0.42053837953091683, "8": 0.4858262260127931, "9": 0.47272565742715, "10": 0.42795842217484004, "11": 0.5955330490405117, "12": 0.6013663823738451, "13": 0.6046997157071784, "14": 0.6046997157071784, "15": 0.608866382373845, "16": 0.6146997157071784, "17": 0.6205330490405117, "18": 0.6287313432835822, "19": 0.5745273631840796, "20": 0.5619669509594882, "21": 0.33399786780383794, "22": 0.46015636105188346, "23": 0.4494953802416489, "24": 0.43800106609808104, "25": 0.41830845771144276, "26": 0.46808457711442786, "27": 0.4175959488272921, "28": 0.4318230277185501, "29": 0.4064694385216773, "30": 0.40210732054015635, "31": 0.41324804548685146, "32": 0.5989552238805971, "33": 0.413773987206823, "34": 0.369635749822317, "35": 0.3937882018479033, "36": 0.49709310589907607, "37": 0.5752398720682304, "38": 0.5888059701492537, "39": 0.5647139303482587, "40": 0.5592857142857143, "41": 0.5773116560056859, "42": 0.5696162046908315, "43": 0.5595931058990761, "44": 0.5593319118692253, "45": 0.5482658137882019, "46": 0.3761158493248046, "47": 0.4966133617626155, "48": 0.5272139303482587, "49": 0.5211478322672353, "50": 0.4591791044776119, "51": 0.535998578535892, "52": 0.3953660270078181, "53": 0.38164179104477614, "54": 0.330589907604833, "55": 0.4577398720682303, "56": 0.4464179104477612, "57": 0.5429637526652452, "58": 0.47376510305614783, "59": 0.542409381663113, "60": 0.554271499644634, "61": 0.55659026297086, "62": 0.5587224591329069, "63": 0.36857853589196876, "64": 0.5311478322672353, "65": 0.4210874200426439, "66": 0.4108546552949538, "67": 0.3613948116560057, "68": 0.34935145700071074, "69": 0.3861247334754797, "70": 0.36365316275764037, "71": 0.3494260838663824, "72": 0.581906538734897, "73": 0.5718461265103056, "74": 0.5649840085287846, "75": 0.5462082444918266, "76": 0.5576563610518834, "77": 0.5644207533759773, "78": 0.5606218905472637, "79": 0.5454726368159204, "80": 0.5734150675195452, "81": 0.582777185501066, "82": 0.5932054015636106, "83": 0.6129726368159204, "84": 0.6050071073205402, "85": 0.6002398720682303, "86": 0.5963059701492537, "87": 0.5932054015636106, "88": 0.5734150675195452, "89": 0.5729495380241649, "90": 0.573317341862118, "91": 0.5745184790334044, "92": 0.5420557924662402, "93": 0.41013859275053305, "94": 0.5751279317697229, "95": 0.5680845771144278, "96": 0.5667857142857142, "97": 0.5608031272210376, "98": 0.5401794598436389, "99": 0.5580703624733475, "100": 0.4896535181236674, "101": 0.4771304193319119, "102": 0.523182302771855, "103": 0.3377452025586354, "104": 0.3596073205401563, "105": 0.3838343994314144, "106": 0.5760874200426439, "107": 0.44250710732054016, "108": 0.4157427149964463, "109": 0.39087775408670933, "110": 0.42780561478322676, "111": 0.40688877043354654, "112": 0.4719811656005686, "113": 0.3934808102345416, "114": 0.49954157782515995, "115": 0.5313432835820895, "116": 0.4024289267945984, "117": 0.4229175550817342, "118": 0.4430756929637527, "119": 0.46463041933191185, "120": 0.4772885572139303, "121": 0.48401563610518833, "122": 0.5032658137882018, "123": 0.42516169154228856, "124": 0.38305259417199716, "125": 0.568363539445629, "126": 0.5085127931769723, "127": 0.3632391613361763, "128": 0.4896766169154229, "129": 0.5218834399431415, "130": 0.40821073205401565, "131": 0.5246766169154229, "132": 0.4394029850746269, "133": 0.4686478322672353, "134": 0.5286709310589908, "135": 0.5261158493248046, "136": 0.5367164179104478, "137": 0.4127363184079602, "138": 0.4976243781094527, "139": 0.3573312011371713, "140": 0.6059896943852168, "141": 0.570863539445629, "142": 0.5045184790334044, "143": 0.383727789623312, "144": 0.43346659559346123, "145": 0.4438948116560057, "146": 0.5650213219616205, "147": 0.4472938877043355, "148": 0.6387455579246624, "149": 0.5927309879175551, "150": 0.5673400852878465, "151": 0.45129175550817335, "152": 0.6649324804548685, "153": 0.4524235963041933, "154": 0.46095238095238095, "155": 0.46628287135749824, "156": 0.37095771144278605, "157": 0.45155294953802416, "158": 0.4396908315565032, "159": 0.4292626154939588, "160": 0.42156716417910445, "161": 0.4168372423596304, "162": 0.34440298507462686, "163": 0.4264694385216773, "164": 0.5838290689410093, "165": 0.5490156361051883, "166": 0.5407427149964463, "167": 0.5689036958066809, "168": 0.49892679459843636, "169": 0.5546073205401564, "170": 0.5797654584221749, "171": 0.6320788912579958, "172": 0.5065582800284293, "173": 0.46294953802416494, "174": 0.5105703624733475, "175": 0.6582658137882018, "176": 0.6145557924662403, "177": 0.43950071073205405, "178": 0.582777185501066, "179": 0.5831449893390191, "180": 0.585179459843639, "181": 0.5891133617626155, "182": 0.5928144989339019, "183": 0.5632196162046907, "184": 0.5602540867093107, "185": 0.5572885572139303, "186": 0.5399609097370291, "187": 0.47018479033404403, "188": 0.5005703624733475, "189": 0.4718088130774698, "190": 0.46411336176261553, "191": 0.5680845771144278, "192": 0.49115316275764037, "193": 0.4835358919687278, "194": 0.5953518123667377, "195": 0.5349928926794598, "196": 0.5140991471215353, "197": 0.523093461265103, "198": 0.5187082444918266, "199": 0.6501652452025586, "200": 0.6376652452025586, "201": 0.6184754797441365, "202": 0.5520326936744847, "203": 0.5187224591329069, "204": 0.5748258706467662, "205": 0.48957000710732057, "206": 0.5169953802416489, "207": 0.49367626154939587, "208": 0.625044420753376, "209": 0.5160127931769722, "210": 0.5480383795309168, "211": 0.574863184079602, "212": 0.5318372423596305, "213": 0.46692608386638235, "214": 0.5177452025586353, "215": 0.4656645344705046, "216": 0.5188343994314144, "217": 0.50954157782516, "218": 0.5406076759061833, "219": 0.5345788912579957, "220": 0.5384381663113006, "221": 0.4535127931769723, "222": 0.4281218905472637, "223": 0.4096304193319119, "224": 0.39637171286425016, "225": 0.39071073205401563, "226": 0.402181947405828, "227": 0.3891702203269367, "228": 0.42464463397299224, "229": 0.4397050461975835, "230": 0.4556965174129353, "231": 0.46788912579957354, "232": 0.4771162046908316, "233": 0.4812455579246624, "234": 0.38573916133617625, "235": 0.5370788912579958, "236": 0.5205703624733475, "237": 0.5499697938877044, "238": 0.5603002842928216, "239": 0.5505703624733476, "240": 0.5436105188343995, "241": 0.5632658137882018, "242": 0.5657658137882018, "243": 0.47374555792466244, "244": 0.48264214641080316, "245": 0.4896393034825871, "246": 0.4153056147832267, "247": 0.40177683013503906, "248": 0.5451883439943142, "249": 0.5862864250177683, "250": 0.5841222459132906, "251": 0.5921659559346126, "252": 0.5658351101634684, "253": 0.5773294243070363, "254": 0.5869243070362473, "255": 0.5947174840085288, "256": 0.552906894100924, "257": 0.5501599147121535, "258": 0.5392661691542289, "259": 0.5643869936034115, "260": 0.5768496801705757, "261": 0.6107462686567164, "262": 0.6848436389481165, "263": 0.5880508173418622, "264": 0.6397636815920398, "265": 0.6149733475479744, "266": 0.6161656005685856, "267": 0.6046250888415068, "268": 0.6141595593461264, "269": 0.6226510305614783, "270": 0.6361798152096659, "271": 0.6256538734896944, "272": 0.6350159914712153, "273": 0.6642057569296376, "274": 0.5793550106609808, "275": 0.5714872068230277, "276": 0.5817750533049041, "277": 0.5681769722814499, "278": 0.6019758351101634, "279": 0.5961425017768301, "280": 0.6489818763326226, "281": 0.5570877754086709, "282": 0.543320895522388, "283": 0.5630135039090263, "284": 0.5655366027007818, "285": 0.503679815209666, "286": 0.5325390902629709, "287": 0.6663006396588487, "288": 0.7147405828002843, "289": 0.5973809523809523, "290": 0.5913521677327647, "291": 0.6524413646055437, "292": 0.6503091684434967, "293": 0.5625106609808103, "294": 0.6050764036958067, "295": 0.5241311300639658, "296": 0.5179299928926795, "297": 0.5002576403695806, "298": 0.5674733475479744,