{"label": 8, "0": 0.5630762081784386, "1": 0.5188135068153655, "2": 0.5339095415117721, "3": 0.47451982651796776, "4": 0.5063135068153655, "5": 0.4929801734820322, "6": 0.46224287484510534, "7": 0.3927013630731103, "8": 0.44140954151177203, "9": 0.42724287484510537, "10": 0.37900557620817843, "11": 0.5672428748451053, "12": 0.5722428748451054, "13": 0.5765055762081784, "14": 0.5765055762081784, "15": 0.5798389095415117, "16": 0.5848389095415117, "17": 0.5898389095415117, "18": 0.6082682775712516, "19": 0.5254801734820322, "20": 0.516090458488228, "21": 0.3153996282527881, "22": 0.4292038413878563, "23": 0.41888475836431227, "24": 0.409495043370508, "25": 0.3921251548946716, "26": 0.4351641883519207, "27": 0.38571251548946717, "28": 0.3977942998760843, "29": 0.37706009913258987, "30": 0.3737918215613383, "31": 0.38856877323420075, "32": 0.5861586121437423, "33": 0.38815055762081785, "34": 0.35565675340768277, "35": 0.3686988847583643, "36": 0.4622180916976456, "37": 0.546635687732342, "38": 0.561090458488228, "39": 0.5394578686493184, "40": 0.5369268897149938, "41": 0.5517007434944238, "42": 0.5458364312267658, "43": 0.5402942998760842, "44": 0.508590458488228, "45": 0.4950650557620818, "46": 0.3477044609665427, "47": 0.45804832713754645, "48": 0.4824721189591078, "49": 0.4774721189591078, "50": 0.43042750929368034, "51": 0.48442379182156137, "52": 0.3596561338289963, "53": 0.34969021065675343, "54": 0.3040520446096654, "55": 0.41484200743494426, "56": 0.41228004956629494, "57": 0.5201672862453531, "58": 0.48052664188351923, "59": 0.4975991325898389, "60": 0.5111555142503098, "61": 0.5377292441140025, "62": 0.5396840148698885, "63": 0.33642193308550183, "64": 0.48830545229244116, "65": 0.3801982651796778, "66": 0.36824349442379184, "67": 0.32144981412639406, "68": 0.31898698884758364, "69": 0.3454553903345725, "70": 0.3369361833952912, "71": 0.32616790582403965, "72": 0.5533983890954152, "73": 0.5455793060718711, "74": 0.5413816604708799, "75": 0.5028872366790582, "76": 0.537825278810409, "77": 0.544234820322181, "78": 0.5406133828996282, "79": 0.4981753407682775, "80": 0.5502912019826518, "81": 0.5560594795539033, "82": 0.5653531598513011, "83": 0.5924690210656753, "84": 0.5750650557620818, "85": 0.5709944237918216, "86": 0.5677571251548946, "87": 0.5653531598513011, "88": 0.5502912019826518, "89": 0.5491697645600991, "90": 0.5498110285006196, "91": 0.55045229244114, "92": 0.5096530359355638, "93": 0.4114900867410161, "94": 0.5297428748451054, "95": 0.54545229244114, "96": 0.5444268897149938, "97": 0.5181102850061958, "98": 0.50045229244114, "99": 0.5155142503097894, "100": 0.4525371747211896, "101": 0.44321251548946716, "102": 0.48144671623296154, "103": 0.3043060718711276, "104": 0.3242410161090459, "105": 0.34750929368029737, "106": 0.5554213135068153, "107": 0.3960285006195787, "108": 0.36990706319702604, "109": 0.34535625774473355, "110": 0.3993680297397769, "111": 0.38389095415117724, "112": 0.4382403965303594, "113": 0.36661400247831477, "114": 0.45714993804213133, "115": 0.4840737298636927, "116": 0.3807837670384139, "117": 0.3990179677819083, "118": 0.4155545229244114, "119": 0.4353593556381661, "120": 0.44532527881040895, "121": 0.45240706319702606, "122": 0.4553531598513011, "123": 0.4060718711276332, "124": 0.35732032218091697, "125": 0.5199039653035935, "126": 0.46804832713754646, "127": 0.3570353159851301, "128": 0.45410470879801734, "129": 0.4821840148698885, "130": 0.38164498141263936, "131": 0.477407063197026, "132": 0.44373296158612147, "133": 0.434907063197026, "134": 0.47920074349442376, "135": 0.5177354399008675, "136": 0.5380235439900867, "137": 0.4040861214374225, "138": 0.4922242874845105, "139": 0.33873296158612143, "140": 0.5957744733581165, "141": 0.5250960346964064, "142": 0.46699194547707557, "143": 0.3626425030978934, "144": 0.4046871127633209, "145": 0.4122180916976456, "146": 0.544042750929368, "147": 0.4321933085501859, "148": 0.6356753407682776, "149": 0.5885966542750929, "150": 0.566322800495663, "151": 0.401409541511772, "152": 0.6642936802973978, "153": 0.42067843866171006, "154": 0.42728004956629495, "155": 0.4320229244114002, "156": 0.3471933085501859, "157": 0.42135068153655514, "158": 0.41122366790582404, "159": 0.40369268897149935, "160": 0.3961617100371747, "161": 0.3921561338289963, "162": 0.33139405204460964, "163": 0.3973482032218092, "164": 0.5439095415117721, "165": 0.5124721189591078, "166": 0.49593246592317225, "167": 0.5289436183395291, "168": 0.45224287484510534, "169": 0.5459386617100371, "170": 0.5708085501858736, "171": 0.6239126394052045, "172": 0.5116790582403965, "173": 0.4295229244114003, "174": 0.4636555142503098, "175": 0.6516016109045849, "176": 0.6119919454770756, "177": 0.43373296158612146, "178": 0.5560594795539033, "179": 0.5567007434944238, "180": 0.5590086741016109, "181": 0.5622459727385378, "182": 0.5725030978934325, "183": 0.5418308550185874, "184": 0.5399721189591078, "185": 0.5363506815365551, "186": 0.5122180916976456, "187": 0.44872986369268897, "188": 0.4554182156133829, "189": 0.4331753407682776, "190": 0.42916976456009914, "191": 0.54545229244114, "192": 0.4768711276332094, "193": 0.4417317224287485, "194": 0.5793308550185874, "195": 0.4821468401486989, "196": 0.46442379182156135, "197": 0.47224287484510535, "198": 0.47362453531598514, "199": 0.6374349442379182, "200": 0.6224349442379182, "201": 0.6019888475836431, "202": 0.5340458488228005, "203": 0.4838197026022305, "204": 0.5577942998760843, "205": 0.45872676579925653, "206": 0.4852633209417596, "207": 0.46850371747211894, "208": 0.6123420074349443, "209": 0.4746189591078067, "210": 0.5346561338289962, "211": 0.5611926889714994, "212": 0.5105855018587361, "213": 0.45498141263940517, "214": 0.5008116480793061, "215": 0.46273853779429985, "216": 0.4926363073110285, "217": 0.466316604708798, "218": 0.4927912019826518, "219": 0.4895229244114002, "220": 0.488271375464684, "221": 0.4147149938042132, "222": 0.39112763320941757, "223": 0.3753283767038414, "224": 0.3647211895910781, "225": 0.362094175960347, "226": 0.37651796778190827, "227": 0.3771313506815365, "228": 0.3984076827757125, "229": 0.4121561338289963, "230": 0.42535935563816607, "231": 0.4377292441140025, "232": 0.44378562577447334, "233": 0.4470539033457249, "234": 0.38379801734820324, "235": 0.4937856257744734, "236": 0.4728221809169765, "237": 0.5003221809169764, "238": 0.5126610904584883, "239": 0.5028221809169764, "240": 0.5016697645600992, "241": 0.5153531598513011, "242": 0.520545229244114, "243": 0.43779120198265176, "244": 0.44596344485749695, "245": 0.4505142503097893, "246": 0.3892719950433705, "247": 0.37404894671623296, "248": 0.4940365551425031, "249": 0.550052664188352, "250": 0.5383952912019827, "251": 0.5683798017348203, "252": 0.5234541511771995, "253": 0.5354399008674102, "254": 0.5464962825278811, "255": 0.5606288723667906, "256": 0.5116604708798017, "257": 0.5187081784386618, "258": 0.5056970260223048, "259": 0.5332899628252787, "260": 0.5448915737298636, "261": 0.578351920693928, "262": 0.6780700123915737, "263": 0.5538661710037175, "264": 0.6206226765799256, "265": 0.5873884758364313, "266": 0.5783890954151176, "267": 0.5754460966542752, "268": 0.5852540272614621, "269": 0.5961493184634449, "270": 0.6122057001239157, "271": 0.5990024783147461, "272": 0.6099628252788104, "273": 0.6481009913258984, "274": 0.5290365551425031, "275": 0.5182992565055762, "276": 0.5550495662949194, "277": 0.52682156133829, "278": 0.5596096654275093, "279": 0.5547057001239157, "280": 0.6154677819083023, "281": 0.5057992565055762, "282": 0.5138351920693929, "283": 0.5355638166047088, "284": 0.532772614622057, "285": 0.4666945477075589, "286": 0.4970446096654275, "287": 0.6465613382899629, "288": 0.7231877323420075, "289": 0.5561493184634448, "290": 0.5492596034696406, "291": 0.6325247831474596, "292": 0.6289033457249071, "293": 0.5354027261462205, "294": 0.5663723667905824, "295": 0.48976765799256505, "296": 0.484222428748451, "297": 0.4516573729863693,