{"label": 2, "0": 0.545966735966736, "1": 0.5153309078309078, "2": 0.5259580734580734, "3": 0.4720148995148995, "4": 0.5055370755370755, "5": 0.49240990990990996, "6": 0.46115557865557866, "7": 0.36924982674982676, "8": 0.43656791406791406, "9": 0.4234407484407484, "10": 0.3800987525987526, "11": 0.550966735966736, "12": 0.5540939015939016, "13": 0.5582605682605682, "14": 0.5593000693000693, "15": 0.5607605682605683, "16": 0.564927234927235, "17": 0.569927234927235, "18": 0.5830544005544006, "19": 0.5201247401247402, "20": 0.5086902286902287, "21": 0.2878846153846154, "22": 0.41126819126819125, "23": 0.39983367983367984, "24": 0.3875658350658351, "25": 0.3680128205128205, "26": 0.419996534996535, "27": 0.36442134442134444, "28": 0.380434857934858, "29": 0.35257449757449755, "30": 0.34925848925848924, "31": 0.36303880803880806, "32": 0.552531185031185, "33": 0.3625918225918226, "34": 0.3212439362439362, "35": 0.34181912681912685, "36": 0.4446275121275121, "37": 0.5307865557865559, "38": 0.5426593901593901, "39": 0.5212335412335413, "40": 0.5158385308385309, "41": 0.5328915453915455, "42": 0.5252027027027028, "43": 0.5140003465003465, "44": 0.504102564102564, "45": 0.4922297297297298, "46": 0.32242030492030493, "47": 0.4449878724878725, "48": 0.47332986832986834, "49": 0.466457033957034, "50": 0.40553880803880804, "51": 0.4807692307692308, "52": 0.3413115038115038, "53": 0.32676715176715176, "54": 0.2830647955647956, "55": 0.40578655578655576, "56": 0.3977027027027027, "57": 0.4954781704781705, "58": 0.4266562716562716, "59": 0.4893520443520444, "60": 0.502040887040887, "61": 0.5137768537768538, "62": 0.5168953568953569, "63": 0.3146968121968122, "64": 0.47729036729036733, "65": 0.36584719334719334, "66": 0.35543485793485796, "67": 0.31191268191268195, "68": 0.2997141372141372, "69": 0.3362768537768538, "70": 0.3126437976437977, "71": 0.300994455994456, "72": 0.5366198891198891, "73": 0.52747920997921, "74": 0.521457033957034, "75": 0.4941372141372142, "76": 0.5158558558558559, "77": 0.5218866943866944, "78": 0.5179348579348579, "79": 0.49058905058905056, "80": 0.5289483714483715, "81": 0.5374705474705475, "82": 0.5470322245322246, "83": 0.5666285516285516, "84": 0.5555803880803881, "85": 0.5516198891198891, "86": 0.5474532224532225, "87": 0.5470322245322246, "88": 0.5289483714483715, "89": 0.5287422037422038, "90": 0.5291632016632017, "91": 0.5295841995841997, "92": 0.4919040194040194, "93": 0.3641735966735967, "94": 0.5234580734580735, "95": 0.5235446985446985, "96": 0.5222990297990298, "97": 0.5093260568260568, "98": 0.48894837144837144, "99": 0.5057865557865557, "100": 0.43814102564102564, "101": 0.42401767151767156, "102": 0.46937803187803184, "103": 0.28989431739431737, "104": 0.30946465696465697, "105": 0.32965349965349966, "106": 0.5291891891891892, "107": 0.3887075537075537, "108": 0.3653828828828829, "109": 0.3408038808038808, "110": 0.37654365904365905, "111": 0.35681912681912686, "112": 0.4256063756063756, "113": 0.3415783090783091, "114": 0.4476767151767152, "115": 0.47560637560637564, "116": 0.3487266112266112, "117": 0.3718018018018018, "118": 0.3926004851004851, "119": 0.41484234234234235, "120": 0.42834719334719334, "121": 0.43769404019404023, "122": 0.4511815661815662, "123": 0.37122661122661127, "124": 0.33118329868329865, "125": 0.5130544005544005, "126": 0.45582120582120583, "127": 0.3189587664587665, "128": 0.4422557172557173, "129": 0.47000519750519754, "130": 0.3571881496881497, "131": 0.46893970893970893, "132": 0.3929192654192655, "133": 0.4233125433125433, "134": 0.47370755370755374, "135": 0.47577096327096324, "136": 0.4880647955647956, "137": 0.36291926541926545, "138": 0.44621794871794873, "139": 0.30893277893277893, "140": 0.5600398475398476, "141": 0.5174272349272349, "142": 0.4518866943866944, "143": 0.3337179487179487, "144": 0.38214483714483716, "145": 0.3931670131670132, "146": 0.5216805266805267, "147": 0.39476611226611225, "148": 0.5977027027027028, "149": 0.5459078309078309, "150": 0.5201091476091476, "151": 0.4021864171864172, "152": 0.629102564102564, "153": 0.4035620235620236, "154": 0.41291753291753297, "155": 0.41915453915453915, "156": 0.320994455994456, "157": 0.40375086625086626, "158": 0.3902286902286902, "159": 0.37900034650034653, "160": 0.36943866943866943, "161": 0.3657016632016632, "162": 0.29936243936243934, "163": 0.3750744975744976, "164": 0.5340852390852391, "165": 0.4977113652113653, "166": 0.4868520443520443, "167": 0.5174532224532225, "168": 0.4496950796950797, "169": 0.5057363132363133, "170": 0.5313288288288288, "171": 0.5893693693693693, "172": 0.4587179487179487, "173": 0.41686070686070686, "174": 0.45765939015939017, "175": 0.6199358974358975, "176": 0.5710793485793486, "177": 0.38812543312543313, "178": 0.5366372141372142, "179": 0.5370582120582121, "180": 0.5393520443520443, "181": 0.5416458766458767, "182": 0.5477027027027027, "183": 0.5204261954261955, "184": 0.51751386001386, "185": 0.5146015246015245, "186": 0.4917151767151767, "187": 0.4163981288981289, "188": 0.44869889119889117, "189": 0.42454088704088705, "190": 0.41705821205821203, "191": 0.5235446985446985, "192": 0.4387006237006237, "193": 0.43514206514206516, "194": 0.55001386001386, "195": 0.48074324324324325, "196": 0.4620148995148995, "197": 0.47094941094941095, "198": 0.4647643797643798, "199": 0.6084753984753984, "200": 0.5953482328482329, "201": 0.5737248787248788, "202": 0.5036139986139986, "203": 0.4669040194040194, "204": 0.5269213444213444, "205": 0.43633749133749133, "206": 0.4644300069300069, "207": 0.4413634788634789, "208": 0.5808212058212059, "209": 0.4641545391545392, "210": 0.4994733194733195, "211": 0.5267325017325017, "212": 0.48175848925848924, "213": 0.41497227997228003, "214": 0.46595980595980596, "215": 0.4147834372834373, "216": 0.4690349965349966, "217": 0.45684338184338186, "218": 0.4847643797643798, "219": 0.48082120582120585, "220": 0.48246188496188497, "221": 0.4026853776853777, "222": 0.37564102564102564, "223": 0.355469507969508, "224": 0.3434164934164934, "225": 0.33781531531531533, "226": 0.3501264726264727, "227": 0.33958593208593213, "228": 0.37344248094248095, "229": 0.3902893277893278, "230": 0.4058818433818434, "231": 0.4198076923076923, "232": 0.42894837144837145, "233": 0.4358038808038808, "234": 0.3402130977130977, "235": 0.48415453915453915, "236": 0.46661988911988916, "237": 0.4930803880803881, "238": 0.5051507276507277, "239": 0.49558038808038807, "240": 0.49060637560637566, "241": 0.508063063063063, "242": 0.5134753984753985, "243": 0.42747054747054747, "244": 0.43537422037422036, "245": 0.44223839223839223, "246": 0.36404365904365904, "247": 0.34885481635481635, "248": 0.49467775467775466, "249": 0.549513167013167, "250": 0.5323925848925849, "251": 0.5675363825363826, "252": 0.5237491337491338, "253": 0.5360169785169785, "254": 0.5482848232848233, "255": 0.5597106722106722, "256": 0.5108541233541233, "257": 0.5122539847539848, "258": 0.49957380457380457, "259": 0.5282674982674982, "260": 0.5407501732501733, "261": 0.5782328482328483, "262": 0.6531652806652807, "263": 0.5522106722106722, "264": 0.6185672210672211, "265": 0.5869525294525294, "266": 0.5752009702009702, "267": 0.5586469161469161, "268": 0.5684407484407484, "269": 0.5798665973665974, "270": 0.5958887733887734, "271": 0.5813357588357588, "272": 0.5940246015246016, "273": 0.6302269577269577, "274": 0.5257259182259182, "275": 0.5178049203049203, "276": 0.5515488565488565, "277": 0.5231652806652807, "278": 0.5546257796257796, "279": 0.5508714483714483, "280": 0.6142896742896743, "281": 0.505511088011088, "282": 0.5082761607761608, "283": 0.5299081774081774, "284": 0.5352685377685378, "285": 0.4617221067221067, "286": 0.4920997920997921, "287": 0.6322886347886347, "288": 0.7044352044352045, "289": 0.5500641025641025, "290": 0.5432085932085933, "291": 0.6154504504504504, "292": 0.611498613998614, "293": 0.5313513513513514, "294": 0.5596257796257796, "295": 0.4854071379071379, "296": 0.47998613998614,