{"label": 4, "0": 0.5744810379241516, "1": 0.5209930139720559, "2": 0.5346556886227545, "3": 0.4751796407185629, "4": 0.5093263473053893, "5": 0.4943263473053892, "6": 0.46099301397205583, "7": 0.3869760479041916, "8": 0.43782435129740516, "9": 0.4226596806387225, "10": 0.37599301397205587, "11": 0.577814371257485, "12": 0.5794810379241517, "13": 0.5811477045908183, "14": 0.5811477045908183, "15": 0.5836477045908184, "16": 0.5879790419161677, "17": 0.591312375249501, "18": 0.6024850299401197, "19": 0.5286576846307385, "20": 0.5166816367265469, "21": 0.31556387225548904, "22": 0.422749500998004, "23": 0.413438123752495, "24": 0.40246007984031934, "25": 0.38598802395209586, "26": 0.4283982035928144, "27": 0.37712075848303395, "28": 0.3892614770459082, "29": 0.3686427145708583, "30": 0.36665668662674655, "31": 0.3833433133732535, "32": 0.5819061876247505, "33": 0.3813173652694611, "34": 0.3537425149700599, "35": 0.36437125748502996, "36": 0.4572754491017964, "37": 0.5560129740518962, "38": 0.5645109780439121, "39": 0.5435429141716567, "40": 0.5342315369261477, "41": 0.5517015968063872, "42": 0.5407235528942116, "43": 0.5287674650698603, "44": 0.5100149700598803, "45": 0.4981836327345309, "46": 0.34019461077844315, "47": 0.45472554890219563, "48": 0.4794061876247505, "49": 0.47357285429141716, "50": 0.42417664670658684, "51": 0.48501497005988026, "52": 0.3494760479041916, "53": 0.34117265469061875, "54": 0.30471057884231534, "55": 0.40354291417165666, "56": 0.4035728542914172, "57": 0.5077894211576846, "58": 0.47287924151696603, "59": 0.49605289421157683, "60": 0.5085329341317366, "61": 0.5225948103792415, "62": 0.5255888223552894, "63": 0.328188622754491, "64": 0.4844061876247505, "65": 0.36876746506986025, "66": 0.35744011976047907, "67": 0.3194560878243513, "68": 0.3181986027944112, "69": 0.3429441117764471, "70": 0.33070858283433135, "71": 0.3257185628742515, "72": 0.5601796407185629, "73": 0.5480389221556886, "74": 0.5378942115768464, "75": 0.5007135728542914, "76": 0.5245908183632735, "77": 0.5332435129740519, "78": 0.5275848303393214, "79": 0.4978742514970059, "80": 0.5435528942115768, "81": 0.5543662674650699, "82": 0.5663423153692615, "83": 0.5865169660678642, "84": 0.5753443113772455, "85": 0.5711776447105789, "86": 0.5696756487025948, "87": 0.5663423153692615, "88": 0.5443862275449102, "89": 0.5432235528942115, "90": 0.5428942115768463, "91": 0.5443962075848303, "92": 0.5015968063872256, "93": 0.4074051896207585, "94": 0.5311576846307385, "95": 0.5364021956087824, "96": 0.5344061876247506, "97": 0.516691616766467, "98": 0.49606287425149703, "99": 0.5130289421157685, "100": 0.4484181636726547, "101": 0.43695608782435125, "102": 0.4765768463073853, "103": 0.30417664670658684, "104": 0.32266467065868265, "105": 0.3378193612774451, "106": 0.5464121756487026, "107": 0.3852195608782435, "108": 0.36739021956087825, "109": 0.342564870259481, "110": 0.39347804391217567, "111": 0.3805339321357285, "112": 0.4318862275449102, "113": 0.36134730538922155, "114": 0.4552095808383233, "115": 0.4832235528942116, "116": 0.37739520958083833, "117": 0.3943512974051896, "118": 0.4109880239520958, "119": 0.42877744510978044, "120": 0.4389121756487026, "121": 0.4450548902195609, "122": 0.4533483033932136, "123": 0.39922654690618764, "124": 0.35053393213572853, "125": 0.5208383233532934, "126": 0.46372754491017965, "127": 0.3552445109780439, "128": 0.4473702594810379, "129": 0.4764121756487026, "130": 0.37699600798403193, "131": 0.47572355289421153, "132": 0.4382285429141717, "133": 0.4277195608782435, "134": 0.4790369261477046, "135": 0.5111726546906188, "136": 0.5309980039920159, "137": 0.3995758483033932, "138": 0.48470059880239524, "139": 0.33806387225548906, "140": 0.5924101796407186, "141": 0.5261676646706587, "142": 0.4620808383233533, "143": 0.3577245508982036, "144": 0.3977894211576846, "145": 0.4057734530938124, "146": 0.5329141716566865, "147": 0.42372255489021954, "148": 0.6311976047904192, "149": 0.5846007984031936, "150": 0.5604640718562874, "151": 0.39849301397205583, "152": 0.6579790419161677, "153": 0.4139221556886228, "154": 0.4212375249500998, "155": 0.4263922155688623, "156": 0.34155189620758486, "157": 0.4135728542914172, "158": 0.40275948103792414, "159": 0.3937774451097804, "160": 0.38729540918163674, "161": 0.38380738522954094, "162": 0.3314071856287425, "163": 0.39096806387225547, "164": 0.5438223552894211, "165": 0.5069061876247505, "166": 0.49438622754491013, "167": 0.526691616766467, "168": 0.4503243512974052, "169": 0.5404740518962076, "170": 0.5662774451097804, "171": 0.6192015968063872, "172": 0.5038572854291418, "173": 0.42305888223552895, "174": 0.4638622754491018, "175": 0.6469810379241516, "176": 0.6062375249500997, "177": 0.42690119760479045, "178": 0.5543662674650699, "179": 0.5550349301397206, "180": 0.5565369261477047, "181": 0.558872255489022, "182": 0.5643862275449102, "183": 0.5325748502994012, "184": 0.5307435129740519, "185": 0.5279141716566866, "186": 0.5017814371257485, "187": 0.44019461077844313, "188": 0.45402694610778443, "189": 0.42553892215568867, "190": 0.4220508982035928, "191": 0.5355688622754491, "192": 0.4675299401197605, "193": 0.43385229540918163, "194": 0.5727295409181636, "195": 0.48265968063872255, "196": 0.4651796407185629, "197": 0.4718263473053892, "198": 0.47154690618762474, "199": 0.6326497005988023, "200": 0.6168163672654691, "201": 0.5966916167664671, "202": 0.5254540918163673, "203": 0.47743013972055887, "204": 0.5502594810379242, "205": 0.4516467065868264, "206": 0.47828343313373256, "207": 0.4608333333333333, "208": 0.6086976047904191, "209": 0.471062874251497, "210": 0.5274700598802395, "211": 0.555938123752495, "212": 0.500309381237525, "213": 0.44688123752495007, "214": 0.491501996007984, "215": 0.4545558882235529, "216": 0.48330339321357285, "217": 0.4633782435129741, "218": 0.49221556886227547, "219": 0.48756487025948103, "220": 0.488872255489022, "221": 0.4063922155688623, "222": 0.38159680638722554, "223": 0.36646207584830337, "224": 0.3576546906187625, "225": 0.3553393213572854, "226": 0.37134730538922156, "227": 0.3742465069860279, "228": 0.3936626746506986, "229": 0.40647205588822355, "230": 0.4197754491017964, "231": 0.4304141716566866, "232": 0.4372255489021956, "233": 0.44104291417165664, "234": 0.3812425149700599, "235": 0.4900648702594811, "236": 0.4720309381237525, "237": 0.5011976047904192, "238": 0.5140169660678643, "239": 0.5036976047904191, "240": 0.49739021956087826, "241": 0.5168463073852295, "242": 0.5213423153692615, "243": 0.43171157684630734, "244": 0.4393662674650699, "245": 0.44419161676646707, "246": 0.38248003992015966, "247": 0.3675, "248": 0.49530439121756487, "249": 0.5453193612774451, "250": 0.5407984031936128, "251": 0.554066866267465, "252": 0.5182185628742515, "253": 0.5310279441117765, "254": 0.5428393213572854, "255": 0.5554740518962076, "256": 0.5065718562874251, "257": 0.5078493013972056, "258": 0.4947105788423154, "259": 0.5224900199600798, "260": 0.5354740518962076, "261": 0.5721207584830339, "262": 0.6732185628742515, "263": 0.5486427145708583, "264": 0.6098802395209582, "265": 0.5794261477045908, "266": 0.5776946107784431, "267": 0.5879491017964071, "268": 0.5936177644710579, "269": 0.6027544910179641, "270": 0.6144011976047904, "271": 0.6047604790419162, "272": 0.6139071856287426, "273": 0.6441966067864271, "274": 0.5311377245508981, "275": 0.5213023952095809, "276": 0.5407734530938124, "277": 0.5240818363273453, "278": 0.5607385229540918, "279": 0.5549051896207584, "280": 0.6119560878243513, "281": 0.5061377245508982, "282": 0.4969960079840319, "283": 0.5197954091816367, "284": 0.5220908183632734, "285": 0.4531037924151696, "286": 0.4887325349301397, "287": 0.6443413173652695, "288": 0.7117215568862276, "289": 0.5584231536926147, "290": 0.5516117764471058, "291": 0.6318712574850299, "292": 0.628877245508982, "293": 0.5191167664670658, "294": 0.5667365269461078, "295": 0.47404191616766467, "296": 0.46770459081836324, "297": 0.4463572854291417,