{"label": 4, "0": 0.5795486111111111, "1": 0.5454513888888889, "2": 0.5554513888888889, "3": 0.5000694444444445, "4": 0.5337500000000001, "5": 0.51875, "6": 0.48288194444444443, "7": 0.41527777777777775, "8": 0.4545486111111111, "9": 0.43951388888888887, "10": 0.38947916666666665, "11": 0.5828819444444444, "12": 0.5870486111111111, "13": 0.5904166666666667, "14": 0.5904166666666667, "15": 0.5945833333333334, "16": 0.5987152777777778, "17": 0.6045833333333334, "18": 0.6147222222222222, "19": 0.5512847222222222, "20": 0.5417361111111112, "21": 0.33868055555555554, "22": 0.44795138888888886, "23": 0.44006944444444446, "24": 0.43138888888888893, "25": 0.41423611111111114, "26": 0.4532638888888889, "27": 0.4048263888888889, "28": 0.4161111111111111, "29": 0.39694444444444443, "30": 0.39503472222222225, "31": 0.4122222222222222, "32": 0.5975, "33": 0.40927083333333336, "34": 0.3793402777777778, "35": 0.39427083333333335, "36": 0.4859722222222222, "37": 0.5648611111111111, "38": 0.5757986111111111, "39": 0.5560763888888889, "40": 0.5515972222222222, "41": 0.5670833333333334, "42": 0.5601041666666666, "43": 0.5528472222222223, "44": 0.5367708333333333, "45": 0.5242013888888889, "46": 0.36940972222222224, "47": 0.4792708333333333, "48": 0.51, "49": 0.5032986111111111, "50": 0.4547916666666667, "51": 0.5108680555555556, "52": 0.3794444444444445, "53": 0.37059027777777775, "54": 0.32819444444444446, "55": 0.4303472222222222, "56": 0.4298263888888889, "57": 0.5349999999999999, "58": 0.49163194444444447, "59": 0.5236111111111111, "60": 0.5347916666666667, "61": 0.54875, "62": 0.5513541666666667, "63": 0.3587152777777778, "64": 0.5132986111111111, "65": 0.3976736111111111, "66": 0.38760416666666664, "67": 0.33972222222222226, "68": 0.34430555555555553, "69": 0.36496527777777776, "70": 0.3591666666666667, "71": 0.3505902777777778, "72": 0.5707291666666667, "73": 0.5611458333333333, "74": 0.5558333333333333, "75": 0.5278819444444445, "76": 0.5504861111111111, "77": 0.5564930555555555, "78": 0.5530902777777778, "79": 0.5254861111111111, "80": 0.5635416666666666, "81": 0.570486111111111, "82": 0.5791666666666666, "83": 0.6017013888888889, "84": 0.5907291666666667, "85": 0.5865972222222222, "86": 0.5824652777777778, "87": 0.58, "88": 0.564375, "89": 0.5634375, "90": 0.5642013888888888, "91": 0.5649652777777778, "92": 0.5295833333333333, "93": 0.4277430555555556, "94": 0.5537847222222223, "95": 0.5582986111111111, "96": 0.5573958333333333, "97": 0.5407291666666667, "98": 0.5226041666666666, "99": 0.5381944444444444, "100": 0.4755208333333334, "101": 0.46569444444444447, "102": 0.5057291666666667, "103": 0.32711805555555556, "104": 0.3482291666666667, "105": 0.3676388888888889, "106": 0.5682291666666667, "107": 0.4126736111111111, "108": 0.3875694444444444, "109": 0.3598958333333333, "110": 0.4219097222222222, "111": 0.4093055555555556, "112": 0.45600694444444445, "113": 0.3904861111111111, "114": 0.47954861111111113, "115": 0.5127430555555555, "116": 0.40718750000000004, "117": 0.42375, "118": 0.4392361111111111, "119": 0.45496527777777773, "120": 0.46468750000000003, "121": 0.46927083333333336, "122": 0.4767013888888889, "123": 0.42975694444444446, "124": 0.3801388888888889, "125": 0.5460763888888889, "126": 0.4901041666666667, "127": 0.37760416666666663, "128": 0.4703819444444445, "129": 0.5056944444444444, "130": 0.4040625, "131": 0.504375, "132": 0.45795138888888887, "133": 0.45180555555555557, "134": 0.5072222222222222, "135": 0.5341319444444445, "136": 0.5492361111111111, "137": 0.4261111111111111, "138": 0.5086111111111111, "139": 0.3637152777777778, "140": 0.6066319444444445, "141": 0.5486111111111112, "142": 0.48892361111111116, "143": 0.38809027777777777, "144": 0.42645833333333333, "145": 0.4334027777777778, "146": 0.5564236111111112, "147": 0.4531597222222222, "148": 0.6382291666666666, "149": 0.59875, "150": 0.5773958333333333, "151": 0.4144791666666666, "152": 0.6598611111111111, "153": 0.44038194444444445, "154": 0.44652777777777775, "155": 0.45003472222222224, "156": 0.3715277777777778, "157": 0.438125, "158": 0.42947916666666663, "159": 0.42166666666666663, "160": 0.41552083333333334, "161": 0.4128472222222222, "162": 0.35434027777777777, "163": 0.42041666666666666, "164": 0.5629513888888888, "165": 0.5332986111111111, "166": 0.5219444444444444, "167": 0.5498958333333333, "168": 0.4687152777777778, "169": 0.5613888888888889, "170": 0.583576388888889, "171": 0.6298263888888889, "172": 0.5229166666666667, "173": 0.4467013888888889, "174": 0.48812500000000003, "175": 0.6514930555555556, "176": 0.6184375, "177": 0.4520833333333333, "178": 0.570486111111111, "179": 0.5720833333333333, "180": 0.5736805555555555, "181": 0.5778125000000001, "182": 0.5845138888888889, "183": 0.5557291666666666, "184": 0.5522916666666666, "185": 0.5497222222222222, "186": 0.5284375, "187": 0.46947916666666667, "188": 0.47729166666666667, "189": 0.4495486111111111, "190": 0.44600694444444444, "191": 0.5591666666666667, "192": 0.4953472222222222, "193": 0.45739583333333333, "194": 0.5910069444444445, "195": 0.5070833333333333, "196": 0.48836805555555557, "197": 0.49538194444444444, "198": 0.49868055555555557, "199": 0.640625, "200": 0.6272569444444445, "201": 0.6116319444444445, "202": 0.5492013888888889, "203": 0.5053819444444445, "204": 0.5713194444444445, "205": 0.48201388888888885, "206": 0.5067013888888889, "207": 0.49, "208": 0.6215277777777778, "209": 0.4984375, "210": 0.5505902777777778, "211": 0.5753125, "212": 0.5279861111111112, "213": 0.475, "214": 0.5183680555555555, "215": 0.4789930555555556, "216": 0.5113888888888889, "217": 0.48954861111111114, "218": 0.5203472222222223, "219": 0.5167708333333334, "220": 0.5171875, "221": 0.4317361111111111, "222": 0.4094097222222222, "223": 0.39468749999999997, "224": 0.3859027777777778, "225": 0.3839236111111111, "226": 0.3996180555555555, "227": 0.40100694444444446, "228": 0.4215972222222222, "229": 0.4336458333333333, "230": 0.44666666666666666, "231": 0.45548611111111115, "232": 0.4617013888888889, "233": 0.46447916666666667, "234": 0.4018402777777778, "235": 0.5184375, "236": 0.49812500000000004, "237": 0.5289930555555555, "238": 0.5392013888888889, "239": 0.5306597222222222, "240": 0.524375, "241": 0.5417708333333333, "242": 0.5443055555555556, "243": 0.4552777777777778, "244": 0.4629861111111111, "245": 0.46725694444444443, "246": 0.41104166666666664, "247": 0.39569444444444446, "248": 0.5165625, "249": 0.545625, "250": 0.5608680555555556, "251": 0.5437847222222223, "252": 0.5296527777777778, "253": 0.5392013888888889, "254": 0.5478819444444445, "255": 0.5549999999999999, "256": 0.5193402777777778, "257": 0.5126041666666666, "258": 0.5030208333333334, "259": 0.5238541666666667, "260": 0.5349652777777778, "261": 0.5703819444444445, "262": 0.6695833333333333, "263": 0.5474305555555555, "264": 0.5957291666666666, "265": 0.5732986111111111, "266": 0.5841666666666667, "267": 0.5917708333333334, "268": 0.599201388888889, "269": 0.608125, "270": 0.6210069444444444, "271": 0.6104861111111111, "272": 0.6208333333333333, "273": 0.6440625, "274": 0.5532638888888889, "275": 0.5432986111111111, "276": 0.5379861111111112, "277": 0.5374652777777778, "278": 0.5734375, "279": 0.5676041666666667, "280": 0.6112152777777777, "281": 0.5290972222222222, "282": 0.5011805555555555, "283": 0.5192361111111111, "284": 0.5150347222222222, "285": 0.47034722222222225, "286": 0.49850694444444443, "287": 0.6427430555555556, "288": 0.6879861111111112, "289": 0.5722916666666666, "290": 0.5678125, "291": 0.638125, "292": 0.6355208333333333, "293": 0.5169444444444444, "294": 0.5793055555555555, "295": 0.48378472222222224, "296": 0.4754861111111111, "297": 0.45010416666666664, "298": 0.518125, "299": 0.4640625, "300": 0.5381944444444444, "301": 0.5435416666666667, "302": 0.5959027777777778, "303": 0.6097222222222223, "304": 0.6200694444444443, "305": 0.5722222222222222, "306": 0.6372569444444445, "307": 0.6328472222222222, "308": 0.6337847222222223,