{"label": 8, "0": 0.5490785609397945, "1": 0.512143906020558, "2": 0.5243759177679883, "3": 0.47029735682819385, "4": 0.502143906020558, "5": 0.489643906020558, "6": 0.4613105726872247, "7": 0.3735022026431718, "8": 0.4404772393538914, "9": 0.4279772393538913, "10": 0.38547723935389133, "11": 0.5538105726872247, "12": 0.559643906020558, "13": 0.5627092511013216, "14": 0.5627092511013216, "15": 0.5677092511013215, "16": 0.5732745961820851, "17": 0.5807745961820852, "18": 0.5913399412628487, "19": 0.5177092511013216, "20": 0.5066960352422908, "21": 0.2920080763582966, "22": 0.41680983847283404, "23": 0.40359397944199704, "24": 0.39064610866372984, "25": 0.37106093979442, "26": 0.4253230543318649, "27": 0.3702900146842878, "28": 0.38627386196769453, "29": 0.3584728340675477, "30": 0.35382892804698973, "31": 0.3656130690161527, "32": 0.5579111600587372, "33": 0.36743024963289284, "34": 0.3248641703377386, "35": 0.34352790014684287, "36": 0.4443979441997063, "37": 0.5297907488986784, "38": 0.5442254038179148, "39": 0.5180029368575624, "40": 0.5117217327459618, "41": 0.5326762114537444, "42": 0.5241629955947137, "43": 0.5124339207048458, "44": 0.5011306901615272, "45": 0.48892804698972103, "46": 0.3220704845814978, "47": 0.4458296622613803, "48": 0.47002569750367107, "49": 0.46392437591776803, "50": 0.4055837004405286, "51": 0.4783627019089574, "52": 0.33957415565345084, "53": 0.3261196769456681, "54": 0.28715859030837004, "55": 0.4051762114537445, "56": 0.4033883994126285, "57": 0.49252202643171805, "58": 0.433942731277533, "59": 0.4860389133627019, "60": 0.499284140969163, "61": 0.5085058737151248, "62": 0.511809838472834, "63": 0.31147577092511014, "64": 0.4750256975036711, "65": 0.36380323054331865, "66": 0.3541005873715125, "67": 0.31612334801762115, "68": 0.3026358296622614, "69": 0.33966593245227605, "70": 0.3099265785609398, "71": 0.30415198237885466, "72": 0.5375587371512482, "73": 0.5252055800293686, "74": 0.5175256975036711, "75": 0.49074155653450807, "76": 0.510708516886931, "77": 0.5178817914831131, "78": 0.5140124816446402, "79": 0.48764684287812043, "80": 0.5291336270190896, "81": 0.5373788546255507, "82": 0.5494933920704845, "83": 0.5728854625550661, "84": 0.5623201174743024, "85": 0.5559214390602056, "86": 0.5514574155653451, "87": 0.5486600587371513, "88": 0.5280323054331865, "89": 0.526395007342144, "90": 0.5272577092511013, "91": 0.5272870778267255, "92": 0.4879405286343612, "93": 0.36962555066079295, "94": 0.5202092511013217, "95": 0.5211563876651982, "96": 0.5195190895741556, "97": 0.507856093979442, "98": 0.48609765051395004, "99": 0.5039867841409692, "100": 0.4381791483113069, "101": 0.423920704845815, "102": 0.4667217327459618, "103": 0.2941850220264317, "104": 0.31272760646108666, "105": 0.32656754772393537, "106": 0.5301138032305432, "107": 0.38853891336270185, "108": 0.36966960352422906, "109": 0.3469309838472834, "110": 0.37906754772393536, "111": 0.3579625550660793, "112": 0.4305323054331865, "113": 0.3436784140969163, "114": 0.4490748898678414, "115": 0.4730029368575624, "116": 0.35087738619676945, "117": 0.3726064610866373, "118": 0.3916262848751836, "119": 0.41529001468428783, "120": 0.4298458149779736, "121": 0.43999632892804696, "122": 0.45169603524229074, "123": 0.37281204111600585, "124": 0.3318318649045521, "125": 0.5113693098384728, "126": 0.45609765051395007, "127": 0.32185756240822316, "128": 0.4440748898678414, "129": 0.4672870778267254, "130": 0.3608223201174743, "131": 0.46800293685756245, "132": 0.398197503671072, "133": 0.4280323054331865, "134": 0.47151615271659325, "135": 0.4809104258443465, "136": 0.4959104258443465, "137": 0.36626284875183557, "138": 0.4529919236417034, "139": 0.31284140969163, "140": 0.5671071953010278, "141": 0.5158039647577093, "142": 0.4514831130690162, "143": 0.33584801762114536, "144": 0.387848751835536, "145": 0.3996953010279002, "146": 0.5173458149779736, "147": 0.3966813509544787, "148": 0.6091042584434655, "149": 0.553920704845815, "150": 0.527132892804699, "151": 0.40547723935389135, "152": 0.6394052863436124, "153": 0.4096071953010279, "154": 0.4186857562408223, "155": 0.42556167400881056, "156": 0.32108663729809106, "157": 0.41035242290748897, "158": 0.3987738619676946, "159": 0.38692731277533043, "160": 0.377848751835536, "161": 0.37180616740088107, "162": 0.30319750367107196, "163": 0.3795741556534508, "164": 0.5324412628487518, "165": 0.49448972099853156, "166": 0.48437224669603524, "167": 0.5156534508076358, "168": 0.45104258443465495, "169": 0.5107635829662261, "170": 0.5383847283406755, "171": 0.5980029368575625, "172": 0.4663252569750367, "173": 0.4222283406754772, "174": 0.45788546255506607, "175": 0.6302386196769456, "176": 0.5801431718061674, "177": 0.3929001468428781, "178": 0.5362775330396475, "179": 0.538241556534508, "180": 0.5399375917767988, "181": 0.5444016152716593, "182": 0.549996328928047, "183": 0.5170190895741557, "184": 0.5128817914831131, "185": 0.5098458149779735, "186": 0.4871953010279002, "187": 0.4179038179148311, "188": 0.4495521292217327, "189": 0.42794419970631425, "190": 0.4227349486049926, "191": 0.5211563876651982, "192": 0.4412665198237885, "193": 0.43645741556534506, "194": 0.5539537444933921, "195": 0.479643906020558, "196": 0.4608627019089574, "197": 0.47047723935389135, "198": 0.46380690161527166, "199": 0.6188399412628487, "200": 0.6038399412628488, "201": 0.5798788546255507, "202": 0.5050513950073421, "203": 0.46544052863436125, "204": 0.5291005873715124, "205": 0.43487151248164463, "206": 0.46415932452276065, "207": 0.44025697503671074, "208": 0.589640234948605, "209": 0.4616629955947137, "210": 0.5021035242290749, "211": 0.5302900146842878, "212": 0.48180616740088106, "213": 0.41748531571218794, "214": 0.46778634361233484, "215": 0.421442731277533, "216": 0.46731277533039645, "217": 0.45657488986784145, "218": 0.4815748898678414, "219": 0.4769309838472834, "220": 0.4795814977973568, "221": 0.4060976505139501, "222": 0.3776725403817915, "223": 0.3581167400881057, "224": 0.34519823788546256, "225": 0.34001835535976505, "226": 0.35341042584434657, "227": 0.3423935389133627, "228": 0.37555433186490456, "229": 0.3904368575624082, "230": 0.40805800293685757, "231": 0.4229111600587372, "232": 0.4327936857562408, "233": 0.43827092511013216, "234": 0.34519089574155654, "235": 0.48026431718061674, "236": 0.46621879588839943, "237": 0.49148678414096914, "238": 0.503928046989721, "239": 0.49315345080763584, "240": 0.4888362701908957, "241": 0.5061306901615272, "242": 0.5105653450807636, "243": 0.4316042584434655, "244": 0.44014684287812045, "245": 0.44538546255506606, "246": 0.3701688693098385, "247": 0.3522209985315712, "248": 0.4931571218795888, "249": 0.5530176211453744, "250": 0.5295558002936858, "251": 0.5712371512481644, "252": 0.5283113069016153, "253": 0.5401578560939795, "254": 0.5522723935389133, "255": 0.5615895741556535, "256": 0.5158994126284875, "257": 0.5164977973568282, "258": 0.5030139500734214, "259": 0.5313803230543319, "260": 0.5443575624082232, "261": 0.5809361233480176, "262": 0.6608994126284875, "263": 0.5546549192364171, "264": 0.6206130690161527, "265": 0.588586637298091, "266": 0.5757525697503671, "267": 0.5628303964757708, "268": 0.5739610866372982, "269": 0.5862848751835537, "270": 0.6020301027900148, "271": 0.5877422907488987, "272": 0.5993208516886931, "273": 0.636079295154185, "274": 0.5220558002936857, "275": 0.514258443465492, "276": 0.5528120411160059, "277": 0.5234875183553598, "278": 0.5534581497797357, "279": 0.5503928046989721, "280": 0.6148641703377387, "281": 0.5023237885462555, "282": 0.5119456681350955, "283": 0.5334654919236417, "284": 0.5388546255506608, "285": 0.46354625550660794, "286": 0.49616740088105726, "287": 0.6359911894273127, "288": 0.7068318649045522, "289": 0.5493795888399413, "290": 0.5408663729809104, "291": 0.6208406754772393, "292": 0.6175367107195301, "293": 0.53534140969163, "294": 0.559291483113069, "295": 0.4888179148311307, "296": 0.48352055800293686, "297": 0.4626284875183554,