{"label": 3, "0": 0.5186111111111111, "1": 0.5016666666666667, "2": 0.5072222222222222, "3": 0.47444444444444445, "4": 0.495, "5": 0.4852777777777778, "6": 0.4622222222222222, "7": 0.4255555555555556, "8": 0.4458333333333333, "9": 0.43694444444444447, "10": 0.40305555555555556, "11": 0.5219444444444444, "12": 0.5252777777777777, "13": 0.5275, "14": 0.5275, "15": 0.5316666666666667, "16": 0.535, "17": 0.5394444444444444, "18": 0.5449999999999999, "19": 0.5038888888888888, "20": 0.4988888888888889, "21": 0.38111111111111107, "22": 0.44472222222222224, "23": 0.43972222222222224, "24": 0.4355555555555556, "25": 0.4261111111111111, "26": 0.4458333333333333, "27": 0.41833333333333333, "28": 0.42527777777777775, "29": 0.41527777777777775, "30": 0.4141666666666667, "31": 0.4255555555555556, "32": 0.5375, "33": 0.4227777777777778, "34": 0.40722222222222226, "35": 0.4141666666666667, "36": 0.4708333333333333, "37": 0.5116666666666667, "38": 0.5202777777777778, "39": 0.5091666666666667, "40": 0.5091666666666667, "41": 0.5161111111111112, "42": 0.5130555555555555, "43": 0.5122222222222222, "44": 0.49749999999999994, "45": 0.49, "46": 0.4011111111111111, "47": 0.4625, "48": 0.48444444444444446, "49": 0.4802777777777778, "50": 0.45555555555555555, "51": 0.4822222222222222, "52": 0.40527777777777774, "53": 0.40166666666666667, "54": 0.37416666666666665, "55": 0.4336111111111111, "56": 0.43166666666666664, "57": 0.5025, "58": 0.47277777777777774, "59": 0.49111111111111105, "60": 0.4966666666666667, "61": 0.5086111111111111, "62": 0.5102777777777778, "63": 0.3938888888888889, "64": 0.48583333333333334, "65": 0.41555555555555557, "66": 0.41027777777777774, "67": 0.3797222222222222, "68": 0.385, "69": 0.3963888888888889, "70": 0.3944444444444445, "71": 0.3888888888888889, "72": 0.5169444444444444, "73": 0.5122222222222222, "74": 0.5111111111111111, "75": 0.4930555555555556, "76": 0.5094444444444444, "77": 0.5130555555555556, "78": 0.5091666666666667, "79": 0.4913888888888889, "80": 0.515, "81": 0.5191666666666667, "82": 0.5233333333333333, "83": 0.5391666666666667, "84": 0.5336111111111111, "85": 0.5291666666666667, "86": 0.5247222222222222, "87": 0.5233333333333333, "88": 0.515, "89": 0.5152777777777777, "90": 0.5166666666666666, "91": 0.5180555555555556, "92": 0.49833333333333335, "93": 0.43500000000000005, "94": 0.5061111111111112, "95": 0.5125, "96": 0.5127777777777778, "97": 0.5005555555555555, "98": 0.49083333333333334, "99": 0.4986111111111111, "100": 0.46166666666666667, "101": 0.45861111111111114, "102": 0.4816666666666667, "103": 0.3736111111111111, "104": 0.3869444444444444, "105": 0.39916666666666667, "106": 0.5208333333333333, "107": 0.4241666666666667, "108": 0.40694444444444444, "109": 0.39, "110": 0.43, "111": 0.42500000000000004, "112": 0.44722222222222224, "113": 0.4113888888888889, "114": 0.46138888888888885, "115": 0.4847222222222222, "116": 0.4255555555555556, "117": 0.4336111111111111, "118": 0.44277777777777777, "119": 0.4508333333333333, "120": 0.45444444444444443, "121": 0.45611111111111113, "122": 0.4602777777777778, "123": 0.4405555555555556, "124": 0.4061111111111111, "125": 0.5013888888888889, "126": 0.47, "127": 0.40444444444444444, "128": 0.45611111111111113, "129": 0.48083333333333333, "130": 0.4191666666666667, "131": 0.48027777777777775, "132": 0.45305555555555554, "133": 0.445, "134": 0.4802777777777778, "135": 0.5011111111111111, "136": 0.5077777777777778, "137": 0.43666666666666665, "138": 0.48638888888888887, "139": 0.3975, "140": 0.5433333333333333, "141": 0.5025, "142": 0.4702777777777778, "143": 0.4111111111111111, "144": 0.43194444444444446, "145": 0.43638888888888894, "146": 0.5133333333333333, "147": 0.45555555555555555, "148": 0.5594444444444444, "149": 0.5363888888888889, "150": 0.5241666666666667, "151": 0.4194444444444444, "152": 0.5705555555555555, "153": 0.4405555555555556, "154": 0.44277777777777777, "155": 0.44333333333333336, "156": 0.40166666666666667, "157": 0.4363888888888889, "158": 0.43000000000000005, "159": 0.42666666666666664, "160": 0.4244444444444444, "161": 0.4230555555555555, "162": 0.39083333333333337, "163": 0.42833333333333334, "164": 0.5116666666666667, "165": 0.49916666666666665, "166": 0.49, "167": 0.5061111111111111, "168": 0.4536111111111111, "169": 0.5166666666666666, "170": 0.53, "171": 0.5561111111111111, "172": 0.4919444444444444, "173": 0.4411111111111111, "174": 0.46694444444444444, "175": 0.5672222222222223, "176": 0.5486111111111112, "177": 0.4525, "178": 0.5191666666666667, "179": 0.5205555555555555, "180": 0.5230555555555556, "181": 0.5255555555555556, "182": 0.5302777777777778, "183": 0.5116666666666667, "184": 0.5088888888888888, "185": 0.5080555555555555, "186": 0.49944444444444447, "187": 0.46555555555555556, "188": 0.4602777777777778, "189": 0.4438888888888889, "190": 0.4413888888888889, "191": 0.5125, "192": 0.4802777777777778, "193": 0.44805555555555554, "194": 0.5333333333333333, "195": 0.4775, "196": 0.4669444444444445, "197": 0.4708333333333333, "198": 0.47444444444444445, "199": 0.5605555555555556, "200": 0.5527777777777778, "201": 0.5441666666666667, "202": 0.5105555555555555, "203": 0.48305555555555557, "204": 0.5230555555555556, "205": 0.4711111111111111, "206": 0.48444444444444446, "207": 0.47694444444444445, "208": 0.5502777777777778, "209": 0.47555555555555556, "210": 0.5116666666666667, "211": 0.5241666666666667, "212": 0.49944444444444447, "213": 0.4672222222222222, "214": 0.4936111111111111, "215": 0.4683333333333334, "216": 0.4880555555555556, "217": 0.4688888888888889, "218": 0.4886111111111111, "219": 0.4883333333333333, "220": 0.4869444444444444, "221": 0.4338888888888889, "222": 0.42194444444444446, "223": 0.4141666666666667, "224": 0.41055555555555556, "225": 0.40944444444444444, "226": 0.4180555555555555, "227": 0.42055555555555557, "228": 0.4311111111111111, "229": 0.4375, "230": 0.4452777777777778, "231": 0.44805555555555554, "232": 0.4508333333333333, "233": 0.4522222222222222, "234": 0.41861111111111116, "235": 0.48944444444444446, "236": 0.47444444444444445, "237": 0.4930555555555556, "238": 0.49777777777777776, "239": 0.49416666666666664, "240": 0.4925, "241": 0.4997222222222222, "242": 0.5016666666666667, "243": 0.44666666666666666, "244": 0.4513888888888889, "245": 0.45416666666666666, "246": 0.42333333333333334, "247": 0.41583333333333333, "248": 0.48277777777777775, "249": 0.48750000000000004, "250": 0.5080555555555555, "251": 0.4772222222222222, "252": 0.48444444444444446, "253": 0.4886111111111111, "254": 0.49083333333333334, "255": 0.4913888888888889, "256": 0.48, "257": 0.47055555555555556, "258": 0.4666666666666667, "259": 0.4747222222222222, "260": 0.4802777777777778, "261": 0.49916666666666665, "262": 0.5705555555555555, "263": 0.4869444444444444, "264": 0.5083333333333333, "265": 0.49972222222222223, "266": 0.513611111111111, "267": 0.5233333333333334, "268": 0.5291666666666667, "269": 0.5313888888888889, "270": 0.5369444444444444, "271": 0.5333333333333333, "272": 0.5377777777777778, "273": 0.5516666666666667, "274": 0.5038888888888889, "275": 0.49916666666666665, "276": 0.4797222222222222, "277": 0.48888888888888893, "278": 0.5116666666666667, "279": 0.5072222222222222, "280": 0.5247222222222223, "281": 0.48944444444444446, "282": 0.46416666666666667, "283": 0.47111111111111115, "284": 0.46305555555555555, "285": 0.4536111111111111, "286": 0.4666666666666667, "287": 0.5494444444444444, "288": 0.5611111111111111, "289": 0.5116666666666666, "290": 0.5105555555555555, "291": 0.5455555555555556, "292": 0.5438888888888889, "293": 0.46944444444444444, "294": 0.5138888888888888, "295": 0.4569444444444445, "296": 0.4533333333333333, "297": 0.4319444444444444, "298": 0.46805555555555556, "299": 0.4427777777777778, "300": 0.48, "301": 0.48000000000000004, "302": 0.5266666666666666, "303": 0.5319444444444444, "304": 0.5383333333333333, "305": 0.5119444444444444, "306": 0.5447222222222222, "307": 0.5433333333333333, "308": 0.5430555555555555,