{"label": 10, "0": 0.5860804816223066, "1": 0.5349081115335869, "2": 0.5502598225602028, "3": 0.485649556400507, "4": 0.5231242078580481, "5": 0.5062230671736375, "6": 0.4692046894803549, "7": 0.39173954372623576, "8": 0.43885297845373894, "9": 0.4236185044359949, "10": 0.3763656527249683, "11": 0.592031051964512, "12": 0.597031051964512, "13": 0.6013149556400508, "14": 0.6003643852978454, "15": 0.6063149556400507, "16": 0.6139321926489227, "17": 0.6215494296577947, "18": 0.6315494296577947, "19": 0.5425253485424588, "20": 0.5329024081115336, "21": 0.31932826362484157, "22": 0.4296577946768061, "23": 0.4208681875792142, "24": 0.41029467680608367, "25": 0.39103612167300383, "26": 0.435830164765526, "27": 0.3815969581749049, "28": 0.39395437262357413, "29": 0.3725728770595691, "30": 0.36996831432192645, "31": 0.3897465145754119, "32": 0.6056875792141951, "33": 0.3862705956907478, "34": 0.35684093789607096, "35": 0.36965462610899874, "36": 0.4732382762991128, "37": 0.5690874524714828, "38": 0.5844391634980989, "39": 0.559711660329531, "40": 0.5542553865652725, "41": 0.572915082382763, "42": 0.5641254752851711, "43": 0.5557129277566539, "44": 0.5252851711026616, "45": 0.5116001267427123, "46": 0.34440747782002534, "47": 0.4642680608365019, "48": 0.49760139416983523, "49": 0.4916508238276299, "50": 0.4396166032953105, "51": 0.4973162230671736, "52": 0.35340621039290243, "53": 0.34486375158428395, "54": 0.30800063371356146, "55": 0.40890367553865653, "56": 0.40952788339670465, "57": 0.5352566539923954, "58": 0.4800190114068441, "59": 0.5148415716096324, "60": 0.527797845373891, "61": 0.5493979721166034, "62": 0.5522496831432193, "63": 0.33142585551330794, "64": 0.5043852978453739, "65": 0.37265209125475285, "66": 0.3614670468948035, "67": 0.320659062103929, "68": 0.3222718631178707, "69": 0.34409695817490493, "70": 0.3325190114068441, "71": 0.32848225602027886, "72": 0.5767046894803549, "73": 0.5667300380228136, "74": 0.5596070975918884, "75": 0.5193599493029151, "76": 0.5503485424588086, "77": 0.559502534854246, "78": 0.5541508238276299, "79": 0.5145944233206591, "80": 0.5676932826362484, "81": 0.5773162230671737, "82": 0.5888403041825094, "83": 0.6143219264892269, "84": 0.6052724968314322, "85": 0.5986058301647655, "86": 0.5919391634980988, "87": 0.5878897338403042, "88": 0.5676932826362484, "89": 0.5682921419518379, "90": 0.5687737642585551, "91": 0.5710392902408111, "92": 0.5266634980988594, "93": 0.409692648922687, "94": 0.5459759188846641, "95": 0.5609220532319391, "96": 0.5606875792141952, "97": 0.5357667934093789, "98": 0.5158048162230672, "99": 0.5313656527249684, "100": 0.46119455006337134, "101": 0.45134980988593154, "102": 0.49474968314321927, "103": 0.30654309252218, "104": 0.3241476552598226, "105": 0.3410361216730038, "106": 0.5737864385297845, "107": 0.38998415716096324, "108": 0.3692807351077313, "109": 0.3444106463878327, "110": 0.40007287705956907, "111": 0.3873891001267427, "112": 0.43915082382762993, "113": 0.3652281368821293, "114": 0.46448986058301645, "115": 0.5002059569074778, "116": 0.38479721166032954, "117": 0.4035614702154626, "118": 0.42127059569074776, "119": 0.4390842839036755, "120": 0.4494106463878327, "121": 0.45415082382762995, "122": 0.46196451204055766, "123": 0.4101489226869455, "124": 0.3547718631178707, "125": 0.5368219264892269, "126": 0.4770025348542459, "127": 0.3575570342205323, "128": 0.45603929024081113, "129": 0.4964163498098859, "130": 0.38044993662864385, "131": 0.4916381495564005, "132": 0.4420627376425856, "133": 0.4358174904942966, "134": 0.4928105196451204, "135": 0.5293694550063371, "136": 0.5455544993662864, "137": 0.40457541191381496, "138": 0.498925855513308, "139": 0.34099493029150824, "140": 0.6162864385297846, "141": 0.5412230671736376, "142": 0.4765462610899873, "143": 0.36336501901140683, "144": 0.4046958174904943, "145": 0.4140842839036755, "146": 0.5592680608365019, "147": 0.43645120405576676, "148": 0.6579024081115336, "149": 0.6044106463878327, "150": 0.5780164765525982, "151": 0.3991001267427123, "152": 0.6864195183776933, "153": 0.4227566539923954, "154": 0.4288117870722433, "155": 0.43284854245880866, "156": 0.3452661596958175, "157": 0.41952788339670466, "158": 0.4083555133079848, "159": 0.39884980988593155, "160": 0.39184410646387835, "161": 0.38864068441064636, "162": 0.33445817490494295, "163": 0.3972084917617237, "164": 0.5603770595690748, "165": 0.5296197718631179, "166": 0.5113910012674271, "167": 0.545766793409379, "168": 0.4548035487959442, "169": 0.5608808618504436, "170": 0.5881083650190113, "171": 0.6476679340937896, "172": 0.5152281368821293, "173": 0.4304657794676806, "174": 0.4737610899873257, "175": 0.6763022813688213, "176": 0.6300887198986058, "177": 0.4352788339670469, "178": 0.5773162230671737, "179": 0.5795817490494296, "180": 0.582680608365019, "181": 0.5893472750316857, "182": 0.5938783269961977, "183": 0.5572370088719899, "184": 0.5545025348542458, "185": 0.5508174904942966, "186": 0.5282256020278834, "187": 0.45689480354879597, "188": 0.4619771863117871, "189": 0.4325887198986058, "190": 0.42926806083650193, "191": 0.5609220532319391, "192": 0.4853453738910013, "193": 0.4413783269961977, "194": 0.5988910012674271, "195": 0.49360583016476556, "196": 0.47374841571609627, "197": 0.4818219264892269, "198": 0.48448986058301646, "199": 0.6619011406844106, "200": 0.645, "201": 0.6239702154626109, "202": 0.5500221799746514, "203": 0.497861216730038, "204": 0.5751140684410646, "205": 0.4701774397972117, "206": 0.4990716096324461, "207": 0.4807889733840304, "208": 0.6351679340937896, "209": 0.4862864385297846, "210": 0.5495659062103929, "211": 0.5784600760456273, "212": 0.5252820025348542, "213": 0.4603707224334601, "214": 0.5132889733840305, "215": 0.4645500633713561, "216": 0.5073003802281368, "217": 0.4754404309252218, "218": 0.509125475285171, "219": 0.5056875792141952, "220": 0.5045944233206591, "221": 0.4121324461343473, "222": 0.3863371356147022, "223": 0.371010773130545, "224": 0.3609188846641318, "225": 0.3590304182509506, "226": 0.3760614702154626, "227": 0.3783903675538656, "228": 0.4015177439797212, "229": 0.41459125475285175, "230": 0.4281337135614702, "231": 0.44000950570342207, "232": 0.4454657794676806, "233": 0.44985424588086187, "234": 0.38362484157160964, "235": 0.5099714828897338, "236": 0.4837610899873257, "237": 0.5158967046894803, "238": 0.5294518377693282, "239": 0.5193472750316857, "240": 0.5171070975918884, "241": 0.5321863117870722, "242": 0.5374207858048162, "243": 0.43878643852978455, "244": 0.4471070975918885, "245": 0.4526932826362484, "246": 0.3874556400506971, "247": 0.37199936628643854, "248": 0.5048954372623574, "249": 0.5440399239543726, "250": 0.5532160963244613, "251": 0.5507477820025348, "252": 0.5269550063371355, "253": 0.5365779467680608, "254": 0.5463181242078581, "255": 0.5539100126742712, "256": 0.5157826362484157, "257": 0.5050285171102662, "258": 0.4951711026615969, "259": 0.5183365019011407, "260": 0.5310583016476553, "261": 0.5728168567807351, "262": 0.6979974651457541, "263": 0.5462927756653992, "264": 0.6102408111533587, "265": 0.5777915082382763, "266": 0.5851457541191382, "267": 0.5971229404309253, "268": 0.6096229404309252, "269": 0.6157826362484158, "270": 0.630522813688213, "271": 0.6211470215462611, "272": 0.6307699619771863, "273": 0.6626330798479088, "274": 0.544531051964512, "275": 0.534648288973384, "276": 0.5371007604562738, "277": 0.530795310519645, "278": 0.5707826362484157, "279": 0.5649493029150824, "280": 0.6198352344740177, "281": 0.5184632446134347, "282": 0.4959664131812421, "283": 0.5164100126742712, "284": 0.516254752851711, "285": 0.4589195183776933, "286": 0.4905481622306717, "287": 0.6595215462610899, "288": 0.7274809885931559, "289": 0.5688941698352346, "290": 0.5635551330798478, "291": 0.6497813688212928, "292": 0.6469296577946768, "293": 0.5162801013941698, "294": 0.5776837769328265, "295": 0.4766032953105196, "296": 0.46922053231939165, "297": 0.4431400506970849, "298": 0.5169835234474017,