{"label": 6, "0": 0.5986781609195402, "1": 0.5485344827586207, "2": 0.5593678160919541, "3": 0.4936925287356322, "4": 0.5349568965517242, "5": 0.5172126436781609, "6": 0.4744683908045977, "7": 0.37905172413793103, "8": 0.44147988505747127, "9": 0.4245689655172414, "10": 0.362169540229885, "11": 0.6028448275862068, "12": 0.6070114942528736, "13": 0.6103448275862069, "14": 0.6103448275862069, "15": 0.6172557471264368, "16": 0.6230890804597701, "17": 0.6297557471264368, "18": 0.6405890804597701, "19": 0.5543678160919541, "20": 0.5414367816091954, "21": 0.28316091954022987, "22": 0.42402298850574716, "23": 0.41192528735632183, "24": 0.4009051724137931, "25": 0.3786637931034483, "26": 0.4312212643678161, "27": 0.36997126436781613, "28": 0.38672413793103444, "29": 0.35846264367816094, "30": 0.3556752873563218, "31": 0.3759770114942529, "32": 0.6081752873563219, "33": 0.3719971264367816, "34": 0.3294396551724138, "35": 0.3523132183908046, "36": 0.47089080459770116, "37": 0.5791810344827586, "38": 0.592169540229885, "39": 0.5674281609195402, "40": 0.5602298850574713, "41": 0.5784051724137931, "42": 0.5687068965517241, "43": 0.5564224137931034, "44": 0.5366810344827586, "45": 0.5217816091954023, "46": 0.32711206896551726, "47": 0.46425287356321837, "48": 0.5020977011494253, "49": 0.49435344827586203, "50": 0.4310201149425288, "51": 0.505948275862069, "52": 0.3425287356321839, "53": 0.33004310344827587, "54": 0.2731034482758621, "55": 0.41096264367816093, "56": 0.4046551724137931, "57": 0.5350574712643679, "58": 0.4666235632183908, "59": 0.5195402298850575, "60": 0.5347270114942528, "61": 0.5514655172413793, "62": 0.5536206896551724, "63": 0.315, "64": 0.5070977011494253, "65": 0.3681465517241379, "66": 0.3549137931034483, "67": 0.2945833333333333, "68": 0.29339080459770117, "69": 0.32570402298850576, "70": 0.3134913793103449, "71": 0.29820402298850573, "72": 0.5860919540229885, "73": 0.5729166666666667, "74": 0.5648850574712644, "75": 0.5255172413793103, "76": 0.5525431034482758, "77": 0.5623419540229885, "78": 0.5557758620689655, "79": 0.5226724137931035, "80": 0.572528735632184, "81": 0.5830603448275862, "82": 0.596580459770115, "83": 0.6222701149425287, "84": 0.6116810344827586, "85": 0.6060919540229885, "86": 0.6005028735632183, "87": 0.596580459770115, "88": 0.572528735632184, "89": 0.5728735632183908, "90": 0.5729741379310345, "91": 0.5741522988505747, "92": 0.5279885057471264, "93": 0.3867385057471264, "94": 0.556867816091954, "95": 0.5652298850574713, "96": 0.5636637931034483, "97": 0.5432040229885058, "98": 0.5191522988505748, "99": 0.5393821839080459, "100": 0.45774425287356324, "101": 0.4461925287356322, "102": 0.4982758620689655, "103": 0.275, "104": 0.30028735632183906, "105": 0.3288074712643678, "106": 0.5766091954022989, "107": 0.3897413793103448, "108": 0.35636494252873563, "109": 0.3223994252873563, "110": 0.38846264367816097, "111": 0.3711350574712644, "112": 0.43626436781609196, "113": 0.34857758620689655, "114": 0.4653735632183908, "115": 0.5054741379310345, "116": 0.36462643678160916, "117": 0.3883333333333333, "118": 0.40998563218390804, "119": 0.4333477011494253, "120": 0.44583333333333336, "121": 0.4540086206896552, "122": 0.4648706896551724, "123": 0.3947701149425288, "124": 0.337801724137931, "125": 0.5479022988505747, "126": 0.4786637931034483, "127": 0.3266954022988506, "128": 0.45704022988505744, "129": 0.497198275862069, "130": 0.36636494252873564, "131": 0.49714080459770116, "132": 0.4226149425287356, "133": 0.43102011494252873, "134": 0.5001724137931034, "135": 0.5267959770114943, "136": 0.5408620689655173, "137": 0.38566091954022985, "138": 0.49288793103448275, "139": 0.31257183908045977, "140": 0.6170977011494253, "141": 0.5514798850574713, "142": 0.47597701149425287, "143": 0.3448706896551724, "144": 0.39364942528735636, "145": 0.4033477011494253, "146": 0.561853448275862, "147": 0.4245689655172414, "148": 0.6571264367816092, "149": 0.6033333333333333, "150": 0.5763362068965517, "151": 0.39241379310344826, "152": 0.6859770114942528, "153": 0.41412356321839083, "154": 0.4221551724137931, "155": 0.4286206896551724, "156": 0.3264367816091954, "157": 0.4125, "158": 0.39839080459770115, "159": 0.3867816091954023, "160": 0.3785057471264368, "161": 0.3745402298850575, "162": 0.30027298850574713, "163": 0.3852729885057471, "164": 0.5704454022988505, "165": 0.533419540229885, "166": 0.5178735632183908, "167": 0.5529597701149425, "168": 0.4575574712643678, "169": 0.5601149425287356, "170": 0.5871120689655173, "171": 0.6491379310344827, "172": 0.5061206896551724, "173": 0.42420977011494254, "174": 0.4773275862068965, "175": 0.679066091954023, "176": 0.6308189655172414, "177": 0.4190373563218391, "178": 0.5830603448275862, "179": 0.5850718390804598, "180": 0.5879166666666666, "181": 0.5935057471264368, "182": 0.5989511494252874, "183": 0.5611637931034483, "184": 0.5581752873563218, "185": 0.5551867816091954, "186": 0.5285344827586207, "187": 0.44931034482758625, "188": 0.46482758620689657, "189": 0.4326293103448276, "190": 0.4256752873563218, "191": 0.5652298850574713, "192": 0.48004310344827583, "193": 0.4438936781609195, "194": 0.6027298850574713, "195": 0.5030459770114942, "196": 0.48011494252873566, "197": 0.48863505747126434, "198": 0.48870689655172417, "199": 0.6679885057471264, "200": 0.6525000000000001, "201": 0.6298706896551725, "202": 0.5498132183908045, "203": 0.4964224137931035, "204": 0.5763218390804598, "205": 0.46541666666666665, "206": 0.4981465517241379, "207": 0.4759626436781609, "208": 0.6391379310344827, "209": 0.48783045977011497, "210": 0.5495258620689656, "211": 0.5792672413793103, "212": 0.5229597701149425, "213": 0.4510344827586207, "214": 0.510617816091954, "215": 0.4539798850574712, "216": 0.5053591954022989, "217": 0.47811781609195403, "218": 0.5166954022988506, "219": 0.5116522988505747, "220": 0.5126724137931035, "221": 0.40910919540229884, "222": 0.38005747126436784, "223": 0.3598275862068966, "224": 0.3469971264367816, "225": 0.3439655172413793, "226": 0.36107758620689656, "227": 0.3544396551724138, "228": 0.38768678160919545, "229": 0.4052729885057471, "230": 0.4216810344827586, "231": 0.4345114942528736, "232": 0.4441091954022989, "233": 0.4485632183908046, "234": 0.354683908045977, "235": 0.5141522988505747, "236": 0.4898275862068966, "237": 0.5261494252873563, "238": 0.5386925287356321, "239": 0.527816091954023, "240": 0.5217959770114943, "241": 0.5427586206896552, "242": 0.5463362068965517, "243": 0.43724137931034485, "244": 0.44728448275862065, "245": 0.4554166666666667, "246": 0.3727298850574713, "247": 0.35695402298850576, "248": 0.5157327586206897, "249": 0.5610057471264367, "250": 0.5664655172413793, "251": 0.5601867816091954, "252": 0.5377011494252874, "253": 0.5487212643678161, "254": 0.5608189655172414, "255": 0.572471264367816, "256": 0.529080459770115, "257": 0.5169540229885058, "258": 0.5071120689655173, "259": 0.5328735632183907, "260": 0.5467385057471265, "261": 0.5934913793103448, "262": 0.7053017241379311, "263": 0.5630603448275862, "264": 0.6247844827586206, "265": 0.59941091954023, "266": 0.6019109195402299, "267": 0.6106752873563219, "268": 0.6204310344827586, "269": 0.6282614942528736, "270": 0.6415373563218392, "271": 0.6314511494252874, "272": 0.6411494252873564, "273": 0.6753448275862068, "274": 0.5584770114942528, "275": 0.5478879310344827, "276": 0.5539798850574713, "277": 0.5409051724137931, "278": 0.5849712643678161, "279": 0.5785488505747127, "280": 0.6397701149425288, "281": 0.5309770114942529, "282": 0.507830459770115, "283": 0.5316379310344828, "284": 0.5251005747126436, "285": 0.4679741379310345, "286": 0.5019252873563218, "287": 0.6725431034482758, "288": 0.7269971264367816, "289": 0.5827729885057471, "290": 0.5761637931034482, "291": 0.6588793103448276, "292": 0.6564798850574713, "293": 0.530603448275862, "294": 0.5910488505747127, "295": 0.4861350574712644, "296": 0.4780459770114942, "297": 0.4427442528735632, "298": 0.5292241379310345, "299": 0.4596120689655172,