{"label": 7, "0": 0.577156862745098, "1": 0.5429761904761905, "2": 0.5513095238095238, "3": 0.49456582633053225, "4": 0.5313095238095238, "5": 0.5154761904761904, "6": 0.47463585434173666, "7": 0.39237394957983196, "8": 0.44213585434173663, "9": 0.4263025210084034, "10": 0.3712955182072829, "11": 0.5804901960784314, "12": 0.5846568627450981, "13": 0.587156862745098, "14": 0.587156862745098, "15": 0.5913235294117647, "16": 0.5963235294117648, "17": 0.6029971988795518, "18": 0.6079761904761904, "19": 0.5479761904761904, "20": 0.5378991596638656, "21": 0.30871148459383757, "22": 0.43177170868347337, "23": 0.4225210084033614, "24": 0.4116036414565827, "25": 0.3923389355742297, "26": 0.43934873949579833, "27": 0.3841456582633053, "28": 0.3975840336134454, "29": 0.37488795518207285, "30": 0.37400560224089635, "31": 0.3905952380952381, "32": 0.5860084033613445, "33": 0.38567927170868344, "34": 0.35284313725490196, "35": 0.3704971988795518, "36": 0.47672268907563026, "37": 0.5628921568627452, "38": 0.5737394957983193, "39": 0.5553011204481793, "40": 0.5519117647058823, "41": 0.5644957983193277, "42": 0.5586064425770307, "43": 0.5484453781512605, "44": 0.5345728291316527, "45": 0.5220588235294118, "46": 0.3497128851540616, "47": 0.4685574229691877, "48": 0.5068837535014006, "49": 0.4993767507002801, "50": 0.44313025210084034, "51": 0.5078991596638656, "52": 0.36073529411764704, "53": 0.35145658263305324, "54": 0.3004621848739496, "55": 0.41611344537815126, "56": 0.41350840336134453, "57": 0.5325490196078431, "58": 0.46630252100840336, "59": 0.5211204481792717, "60": 0.532016806722689, "61": 0.5476680672268908, "62": 0.5493487394957983, "63": 0.3389145658263305, "64": 0.5110504201680672, "65": 0.3808963585434174, "66": 0.3700490196078431, "67": 0.3166316526610644, "68": 0.31968487394957984, "69": 0.34501400560224094, "70": 0.3379971988795518, "71": 0.3237675070028011, "72": 0.5695658263305322, "73": 0.5603151260504202, "74": 0.5552591036414566, "75": 0.5253011204481792, "76": 0.5485084033613445, "77": 0.5552170868347339, "78": 0.5501960784313725, "79": 0.5228221288515407, "80": 0.5611204481792718, "81": 0.567843137254902, "82": 0.5770798319327731, "83": 0.5953711484593838, "84": 0.5903991596638656, "85": 0.5845658263305322, "86": 0.580406162464986, "87": 0.5770798319327731, "88": 0.5611204481792718, "89": 0.5619397759103641, "90": 0.5627591036414565, "91": 0.563578431372549, "92": 0.5268067226890756, "93": 0.3978501400560224, "94": 0.5496428571428571, "95": 0.556078431372549, "96": 0.5560644257703081, "97": 0.5387044817927171, "98": 0.5202450980392157, "99": 0.5353571428571429, "100": 0.46346638655462186, "101": 0.4541596638655462, "102": 0.5018627450980392, "103": 0.30058823529411766, "104": 0.3256512605042017, "105": 0.3490406162464986, "106": 0.563515406162465, "107": 0.39859243697478997, "108": 0.37022408963585435, "109": 0.3393557422969188, "110": 0.40070728291316526, "111": 0.38632352941176473, "112": 0.44357142857142856, "113": 0.36808823529411766, "114": 0.46778011204481795, "115": 0.5094327731092437, "116": 0.3845798319327731, "117": 0.4022128851540616, "118": 0.4198109243697479, "119": 0.43831232492997196, "120": 0.4492717086834734, "121": 0.45603641456582633, "122": 0.4678921568627451, "123": 0.4112675070028011, "124": 0.35801820728291317, "125": 0.5429341736694677, "126": 0.4818977591036414, "127": 0.34531512605042014, "128": 0.4586064425770308, "129": 0.5010224089635854, "130": 0.3823109243697479, "131": 0.5002591036414565, "132": 0.4295658263305322, "133": 0.4394047619047619, "134": 0.5019887955182073, "135": 0.5189915966386555, "136": 0.5298389355742297, "137": 0.40119747899159663, "138": 0.49138655462184877, "139": 0.33621848739495797, "140": 0.5926610644257704, "141": 0.5454411764705882, "142": 0.48099439775910363, "143": 0.36376050420168066, "144": 0.4057843137254902, "145": 0.4150210084033613, "146": 0.555203081232493, "147": 0.4371358543417367, "148": 0.6236484593837535, "149": 0.5809103641456582, "150": 0.5591386554621849, "151": 0.3987955182072829, "152": 0.6446428571428571, "153": 0.42426470588235293, "154": 0.4318347338935574, "155": 0.43771708683473387, "156": 0.34879551820728294, "157": 0.4201610644257703, "158": 0.4075840336134454, "159": 0.39666666666666667, "160": 0.38992997198879553, "161": 0.3873879551820728, "162": 0.3236694677871148, "163": 0.3982422969187675, "164": 0.5596428571428571, "165": 0.5310504201680672, "166": 0.5202871148459384, "167": 0.5461974789915967, "168": 0.45796918767507, "169": 0.5466106442577031, "170": 0.5692156862745098, "171": 0.616967787114846, "172": 0.4997268907563025, "173": 0.43271708683473387, "174": 0.48033613445378154, "175": 0.6396428571428572, "176": 0.6026890756302521, "177": 0.430406162464986, "178": 0.567843137254902, "179": 0.5694957983193277, "180": 0.5728221288515406, "181": 0.5769817927170868, "182": 0.5785994397759104, "183": 0.5535574229691876, "184": 0.5510434173669467, "185": 0.5493697478991597, "186": 0.5267436974789916, "187": 0.45891456582633056, "188": 0.4670028011204482, "189": 0.4369607843137255, "190": 0.4327450980392157, "191": 0.5552380952380952, "192": 0.4822478991596639, "193": 0.4461974789915967, "194": 0.5818837535014005, "195": 0.5013025210084033, "196": 0.4812254901960784, "197": 0.4888025210084034, "198": 0.4919467787114846, "199": 0.6304761904761904, "200": 0.6188095238095238, "201": 0.602843137254902, "202": 0.5416946778711484, "203": 0.5001190476190476, "204": 0.5626190476190476, "205": 0.47325630252100837, "206": 0.500875350140056, "207": 0.4815266106442577, "208": 0.6103151260504202, "209": 0.4927380952380952, "210": 0.5399649859943978, "211": 0.5634033613445378, "212": 0.5224649859943977, "213": 0.4579971988795518, "214": 0.5090266106442577, "215": 0.45878851540616244, "216": 0.5074859943977591, "217": 0.4811204481792717, "218": 0.5177941176470588, "219": 0.5144117647058823, "220": 0.5144887955182073, "221": 0.41772408963585433, "222": 0.3925770308123249, "223": 0.3757843137254902, "224": 0.3656792717086835, "225": 0.3631162464985994, "226": 0.37724789915966384, "227": 0.3745028011204482, "228": 0.40147058823529413, "229": 0.41572128851540613, "230": 0.4291666666666667, "231": 0.4409453781512605, "232": 0.44769607843137255, "233": 0.45192577030812325, "234": 0.37032913165266107, "235": 0.516078431372549, "236": 0.4911694677871149, "237": 0.5261834733893558, "238": 0.5353921568627451, "239": 0.527016806722689, "240": 0.5227731092436975, "241": 0.5387394957983194, "242": 0.5412464985994399, "243": 0.4435994397759104, "244": 0.4519747899159664, "245": 0.45615546218487396, "246": 0.3865336134453782, "247": 0.37480392156862746, "248": 0.5113795518207283, "249": 0.5352450980392157, "250": 0.5555532212885155, "251": 0.5247058823529411, "252": 0.5200140056022409, "253": 0.5300980392156862, "254": 0.5385084033613445, "255": 0.5436134453781513, "256": 0.5107843137254902, "257": 0.5001260504201681, "258": 0.4908613445378151, "259": 0.5127170868347339, "260": 0.5236064425770308, "261": 0.5595168067226891, "262": 0.6566106442577031, "263": 0.5352731092436975, "264": 0.5797619047619048, "265": 0.5612745098039216, "266": 0.5750560224089636, "267": 0.5855812324929972, "268": 0.5939075630252101, "269": 0.5981652661064426, "270": 0.6082212885154061, "271": 0.6014705882352942, "272": 0.6081932773109244, "273": 0.6333333333333333, "274": 0.5505462184873949, "275": 0.5413935574229691, "276": 0.5262044817927171, "277": 0.5273879551820728, "278": 0.5665616246498599, "279": 0.5607352941176471, "280": 0.6011414565826331, "281": 0.5255532212885154, "282": 0.49351540616246503, "283": 0.5102941176470588, "284": 0.4979621848739496, "285": 0.4606582633053221, "286": 0.48745098039215684, "287": 0.6317296918767508, "288": 0.6629691876750701, "289": 0.5656652661064425, "290": 0.5614355742296919, "291": 0.6216316526610643, "292": 0.619110644257703, "293": 0.5069957983193277, "294": 0.5715686274509804, "295": 0.4758613445378151, "296": 0.4692086834733894, "297": 0.4342927170868347,