{"label": 7, "0": 0.5358247570040022, "1": 0.49994282447112637, "2": 0.5124185248713551, "3": 0.4580331618067467, "4": 0.48910949113779306, "5": 0.4757761578044597, "6": 0.445800457404231, "7": 0.3746169239565466, "8": 0.4233247570040023, "9": 0.40999142367066893, "10": 0.3633490566037736, "11": 0.5408247570040023, "12": 0.5449671240708976, "13": 0.548300457404231, "14": 0.548300457404231, "15": 0.553300457404231, "16": 0.558300457404231, "17": 0.5649671240708977, "18": 0.5749185248713551, "19": 0.506609491137793, "20": 0.497175528873642, "21": 0.3034991423670669, "22": 0.41037021154945685, "23": 0.40176958261863926, "24": 0.39150228702115497, "25": 0.3744954259576901, "26": 0.41644654088050315, "27": 0.3649814179531161, "28": 0.3769639794168096, "29": 0.3563321898227559, "30": 0.3544711263579188, "31": 0.37256146369353915, "32": 0.556276443682104, "33": 0.3686863922241281, "34": 0.34163807890222986, "35": 0.3538879359634077, "36": 0.4442938822184105, "37": 0.5196026300743282, "38": 0.5321269296740995, "39": 0.5091895368782161, "40": 0.5047555746140652, "41": 0.5226686678101773, "42": 0.5157590051457976, "43": 0.512724413950829, "44": 0.4905088622069754, "45": 0.4788178959405375, "46": 0.3323913664951401, "47": 0.4407590051457976, "48": 0.46735277301315037, "49": 0.4614951400800458, "50": 0.4133947970268725, "51": 0.4671755288736421, "52": 0.34140508862206975, "53": 0.33265866209262435, "54": 0.2937907375643225, "55": 0.3943353344768439, "56": 0.3922555746140652, "57": 0.49498141795311607, "58": 0.45190537449971413, "59": 0.4809048027444254, "60": 0.4919811320754717, "61": 0.5028216123499143, "62": 0.5053945111492282, "63": 0.3208218982275586, "64": 0.4714951400800458, "65": 0.36027301315037163, "66": 0.3510577472841624, "67": 0.3091480846197827, "68": 0.30898513436249286, "69": 0.33265151515151514, "70": 0.32133933676386506, "71": 0.31450257289879935, "72": 0.5262692967409949, "73": 0.51676243567753, "74": 0.5098284734133791, "75": 0.48514436821040596, "76": 0.5036792452830189, "77": 0.511349342481418, "78": 0.5071097770154374, "79": 0.4810506003430532, "80": 0.5191409376786735, "81": 0.5268839336763865, "82": 0.5371512292738707, "83": 0.5603630646083476, "84": 0.5512692967409949, "85": 0.5446026300743282, "86": 0.5396269296740995, "87": 0.5363178959405375, "88": 0.5191409376786735, "89": 0.5190923384791309, "90": 0.5198770726129217, "91": 0.5223284734133791, "92": 0.48867924528301887, "93": 0.39078044596912526, "94": 0.509109491137793, "95": 0.5131132075471698, "96": 0.5122312750142939, "97": 0.4995540308747856, "98": 0.48244997141223556, "99": 0.496196397941681, "100": 0.43627644368210405, "101": 0.42493281875357347, "102": 0.4647798742138365, "103": 0.2951100628930817, "104": 0.31447112635791885, "105": 0.33045025728988, "106": 0.5271340766152087, "107": 0.37757146941109204, "108": 0.35668953687821614, "109": 0.33159233847913094, "110": 0.3821169239565466, "111": 0.3697455688965123, "112": 0.41994997141223556, "113": 0.3500128644939966, "114": 0.4409777015437393, "115": 0.4683562035448828, "116": 0.3660234419668382, "117": 0.38413093196112064, "118": 0.40035305889079476, "119": 0.4175786163522013, "120": 0.4271340766152087, "121": 0.4315923384791309, "122": 0.43886649514008, "123": 0.38940537449971413, "124": 0.3406032018296169, "125": 0.500630360205832, "126": 0.45078330474556894, "127": 0.341565180102916, "128": 0.4343353344768439, "129": 0.4655889079473985, "130": 0.3643739279588336, "131": 0.4616895368782161, "132": 0.4192109777015437, "133": 0.41661663807890226, "134": 0.46359919954259576, "135": 0.4916552315608919, "136": 0.5075371640937679, "137": 0.38580474556889655, "138": 0.4671483704974271, "139": 0.3259748427672956, "140": 0.5653702115494569, "141": 0.5048213264722698, "142": 0.44882504288164665, "143": 0.3469296740994854, "144": 0.3865265866209262, "145": 0.3959362492853059, "146": 0.5121340766152087, "147": 0.41278730703259003, "148": 0.6000957690108634, "149": 0.5575300171526587, "150": 0.5354745568896512, "151": 0.3858247570040023, "152": 0.6249185248713551, "153": 0.40365494568324756, "154": 0.4097069754145226, "155": 0.414019439679817, "156": 0.3320268724985706, "157": 0.39884934248141796, "158": 0.3869396798170383, "159": 0.3783876500857633, "160": 0.3714779874213836, "161": 0.3696655231560892, "162": 0.31830474556889654, "163": 0.37971412235563184, "164": 0.5207518582046884, "165": 0.4923041738136078, "166": 0.47840480274442543, "167": 0.5078630646083476, "168": 0.43582475700400225, "169": 0.5187106918238994, "170": 0.5415994854202402, "171": 0.5909048027444254, "172": 0.4821969696969697, "173": 0.41071040594625496, "174": 0.4486720983419097, "175": 0.6157518582046884, "176": 0.5779431103487707, "177": 0.41256861063464834, "178": 0.5268839336763865, "179": 0.5285020011435105, "180": 0.530953401943968, "181": 0.5359291023441967, "182": 0.5433076043453402, "183": 0.5097312750142939, "184": 0.5063250428816466, "185": 0.5029188107489995, "186": 0.4892695826186392, "187": 0.42898513436249286, "188": 0.4386720983419097, "189": 0.4143353344768439, "190": 0.40997427101200684, "191": 0.5131375071469411, "192": 0.4539365351629503, "193": 0.4229359634076615, "194": 0.5497798742138365, "195": 0.465800457404231, "196": 0.44886649514008004, "197": 0.45580045740423103, "198": 0.45762006861063464, "199": 0.6040851915380216, "200": 0.5882518582046884, "201": 0.5702415666094911, "202": 0.5090994854202402, "203": 0.46534591194968555, "204": 0.5302487135506003, "205": 0.43964122355631785, "206": 0.4650300171526587, "207": 0.44854059462550033, "208": 0.5801200686106347, "209": 0.45742567181246424, "210": 0.5088321898227559, "211": 0.5333876500857633, "212": 0.4871898227558605, "213": 0.4336935391652373, "214": 0.4768010291595197, "215": 0.4385234419668382, "216": 0.47145368782161234, "217": 0.44931103487707263, "218": 0.47595340194396796, "219": 0.4732590051457976, "220": 0.4727415666094912, "221": 0.3949256718124643, "222": 0.3719639794168096, "223": 0.3565508862206975, "224": 0.347877358490566, "225": 0.34513436249285306, "226": 0.35998856489422526, "227": 0.3615894797026873, "228": 0.38273156089193827, "229": 0.39552315608919386, "230": 0.40841194968553457, "231": 0.4179188107489994, "232": 0.4248770726129216, "233": 0.4284048027444254, "234": 0.3648985134362493, "235": 0.47744997141223555, "236": 0.4561477987421384, "237": 0.482814465408805, "238": 0.4946512292738708, "239": 0.4844811320754717, "240": 0.4833562035448828, "241": 0.49636649514008, "242": 0.500557461406518, "243": 0.42004716981132073, "244": 0.42771726700971985, "245": 0.43198113207547173, "246": 0.36875929102344196, "247": 0.356016295025729, "248": 0.476043453401944, "249": 0.5263207547169811, "250": 0.5168767867352773, "251": 0.5324142367066895, "252": 0.507185534591195, "253": 0.5174528301886793, "254": 0.5268867924528302, "255": 0.534775586049171, "256": 0.4961092052601487, "257": 0.4892409948542024, "258": 0.47890080045740424, "259": 0.5020568896512292, "260": 0.514775586049171, "261": 0.5508519153802173, "262": 0.6394182389937106, "263": 0.5272512864493997, "264": 0.5825600343053173, "265": 0.5570254431103487, "266": 0.5523070325900514, "267": 0.5470225843339052, "268": 0.5578073184676958, "269": 0.5666023441966839, "270": 0.5810120068610635, "271": 0.5697898799313894, "272": 0.5808662092624357, "273": 0.6113036020583191, "274": 0.5085191538021727, "275": 0.49940108633504865, "276": 0.5218553459119497, "277": 0.504199542595769, "278": 0.5342238421955403, "279": 0.5300814751286449, "280": 0.5865637507146941, "281": 0.48773441966838194, "282": 0.48195969125214405, "283": 0.5015394511149228, "284": 0.500431675242996, "285": 0.4439808461978273, "286": 0.4744668381932533, "287": 0.611546598056032, "288": 0.6739351057747285, "289": 0.5314808461978273, "290": 0.525404516866781, "291": 0.5996369353916524, "292": 0.5970640365923385, "293": 0.5025671812464265, "294": 0.5400571755288737, "295": 0.46137650085763293, "296": 0.45559176672384216, "297": 0.4300500285877644,