{"label": 0, "0": 0.5602320675105485, "1": 0.5242299578059072, "2": 0.5348417721518988, "3": 0.4841244725738396, "4": 0.5142299578059072, "5": 0.5027848101265823, "6": 0.4738396624472574, "7": 0.38678270042194096, "8": 0.4498945147679325, "9": 0.43656118143459915, "10": 0.3997257383966245, "11": 0.5660654008438819, "12": 0.5718987341772153, "13": 0.5760654008438819, "14": 0.5760654008438819, "15": 0.5818987341772153, "16": 0.5893987341772152, "17": 0.5968987341772152, "18": 0.6016772151898734, "19": 0.5290084388185654, "20": 0.5195147679324894, "21": 0.3137552742616034, "22": 0.4265400843881857, "23": 0.4157700421940928, "24": 0.40522151898734177, "25": 0.38484177215189874, "26": 0.43436708860759493, "27": 0.3815506329113924, "28": 0.39504219409282704, "29": 0.37055907172995783, "30": 0.3673417721518988, "31": 0.3807383966244726, "32": 0.5679852320675105, "33": 0.38006329113924053, "34": 0.3440400843881857, "35": 0.3595253164556962, "36": 0.46226793248945147, "37": 0.5450738396624473, "38": 0.5613502109704641, "39": 0.537415611814346, "40": 0.5350316455696202, "41": 0.5518565400843882, "42": 0.5461392405063291, "43": 0.5318776371308017, "44": 0.5147362869198312, "45": 0.502626582278481, "46": 0.3394092827004219, "47": 0.45964135021097047, "48": 0.48753164556962025, "49": 0.48253164556962025, "50": 0.42662447257383973, "51": 0.49201476793248944, "52": 0.3543354430379747, "53": 0.3426793248945148, "54": 0.30891350210970464, "55": 0.4151898734177215, "56": 0.41164556962025317, "57": 0.5144936708860759, "58": 0.44664556962025315, "59": 0.5028586497890295, "60": 0.5137974683544304, "61": 0.534704641350211, "62": 0.5378691983122363, "63": 0.3296835443037974, "64": 0.49253164556962026, "65": 0.37626582278481013, "66": 0.36582278481012653, "67": 0.3357700421940928, "68": 0.32190928270042196, "69": 0.3560443037974683, "70": 0.3270253164556962, "71": 0.32341772151898734, "72": 0.5536286919831224, "73": 0.5445253164556962, "74": 0.5404746835443037, "75": 0.5066350210970464, "76": 0.5368143459915612, "77": 0.5416455696202531, "78": 0.5389240506329114, "79": 0.50207805907173, "80": 0.548860759493671, "81": 0.5562447257383967, "82": 0.5657383966244726, "83": 0.5841877637130801, "84": 0.5815189873417721, "85": 0.5750738396624473, "86": 0.5694620253164557, "87": 0.5646835443037975, "88": 0.548860759493671, "89": 0.5492510548523207, "90": 0.5494198312236287, "91": 0.5514767932489452, "92": 0.5082067510548524, "93": 0.38504219409282703, "94": 0.5315084388185654, "95": 0.5444198312236287, "96": 0.5439767932489452, "97": 0.5211286919831224, "98": 0.5034177215189873, "99": 0.5184071729957807, "100": 0.45364978902953584, "101": 0.4413291139240506, "102": 0.48542194092827, "103": 0.3156223628691983, "104": 0.33089662447257384, "105": 0.3426160337552743, "106": 0.5469831223628692, "107": 0.3976371308016878, "108": 0.3843037974683544, "109": 0.3638607594936709, "110": 0.3932278481012658, "111": 0.37641350210970465, "112": 0.4392510548523207, "113": 0.35990506329113925, "114": 0.46141350210970467, "115": 0.489915611814346, "116": 0.37103375527426163, "117": 0.39046413502109706, "118": 0.4104535864978903, "119": 0.43093881856540084, "120": 0.44364978902953583, "121": 0.4513080168776371, "122": 0.4639029535864979, "123": 0.3937552742616034, "124": 0.3476898734177215, "125": 0.5237341772151899, "126": 0.47069620253164557, "127": 0.3417088607594937, "128": 0.4558016877637131, "129": 0.4860337552742616, "130": 0.374789029535865, "131": 0.48302742616033756, "132": 0.4142616033755274, "133": 0.43486286919831224, "134": 0.48585443037974685, "135": 0.4950738396624472, "136": 0.5056856540084388, "137": 0.3835970464135021, "138": 0.46824894514767934, "139": 0.3324789029535865, "140": 0.5745991561181435, "141": 0.527289029535865, "142": 0.46764767932489454, "143": 0.35253164556962024, "144": 0.3996097046413502, "145": 0.4099367088607595, "146": 0.542035864978903, "147": 0.41691983122362875, "148": 0.6115295358649789, "149": 0.5596097046413502, "150": 0.5348417721518988, "151": 0.41761603375527423, "152": 0.6404008438818565, "153": 0.41943037974683545, "154": 0.42725738396624474, "155": 0.43253164556962026, "156": 0.337584388185654, "157": 0.4187025316455696, "158": 0.40482067510548525, "159": 0.3953270042194093, "160": 0.38666666666666666, "161": 0.3830590717299578, "162": 0.3236497890295359, "163": 0.39266877637130804, "164": 0.5440084388185653, "165": 0.5131434599156118, "166": 0.5003586497890296, "167": 0.5290189873417721, "168": 0.4613396624472574, "169": 0.5221202531645569, "170": 0.5468881856540084, "171": 0.6031962025316456, "172": 0.47802742616033755, "173": 0.42836497890295355, "174": 0.4715189873417721, "175": 0.6329008438818565, "176": 0.5848206751054852, "177": 0.41031645569620256, "178": 0.5562447257383967, "179": 0.558301687763713, "180": 0.5611919831223628, "181": 0.5657489451476794, "182": 0.5652531645569621, "183": 0.5414767932489452, "184": 0.5377004219409283, "185": 0.5328691983122362, "186": 0.5089345991561182, "187": 0.4396308016877637, "188": 0.46235232067510545, "189": 0.43518987341772153, "190": 0.43030590717299577, "191": 0.5444198312236287, "192": 0.46063291139240503, "193": 0.44573839662447257, "194": 0.5651476793248945, "195": 0.4919514767932489, "196": 0.4739029535864979, "197": 0.48278481012658225, "198": 0.4789135021097046, "199": 0.6231223628691983, "200": 0.6106223628691984, "201": 0.5899683544303798, "202": 0.5217194092827004, "203": 0.48298523206751054, "204": 0.5431012658227848, "205": 0.45494725738396624, "206": 0.4832700421940928, "207": 0.4629535864978903, "208": 0.5963607594936708, "209": 0.47819620253164563, "210": 0.5165611814345992, "211": 0.5421624472573839, "212": 0.5018354430379747, "213": 0.437584388185654, "214": 0.48684599156118147, "215": 0.4374789029535865, "216": 0.4889978902953587, "217": 0.4716350210970464, "218": 0.497246835443038, "219": 0.49508438818565403, "220": 0.49479957805907177, "221": 0.4156962025316456, "222": 0.3892088607594937, "223": 0.3714978902953586, "224": 0.3602848101265823, "225": 0.3557911392405063, "226": 0.3677953586497891, "227": 0.36087552742616036, "228": 0.3912341772151898, "229": 0.40617088607594937, "230": 0.421993670886076, "231": 0.43426160337552744, "232": 0.44336497890295357, "233": 0.4484704641350211, "234": 0.36232067510548527, "235": 0.49841772151898733, "236": 0.47963080168776373, "237": 0.5046308016877638, "238": 0.5167932489451477, "239": 0.5071308016877637, "240": 0.504915611814346, "241": 0.5197362869198312, "242": 0.5232911392405063, "243": 0.44013713080168776, "244": 0.44896624472573843, "245": 0.45379746835443036, "246": 0.38156118143459916, "247": 0.36706751054852316, "248": 0.5039451476793249, "249": 0.5515084388185654, "250": 0.5403902953586498, "251": 0.5702004219409282, "252": 0.5284177215189874, "253": 0.5397995780590717, "254": 0.5511814345991561, "255": 0.5617827004219409, "256": 0.5164240506329114, "257": 0.5169620253164557, "258": 0.5051371308016878, "259": 0.5310654008438819, "260": 0.5445042194092827, "261": 0.5796097046413502, "262": 0.6590928270042193, "263": 0.5540611814345991, "264": 0.6163080168776371, "265": 0.58665611814346, "266": 0.5776371308016878, "267": 0.5703902953586498, "268": 0.5835021097046413, "269": 0.5888818565400844, "270": 0.6023206751054853, "271": 0.5938291139240506, "272": 0.602879746835443, "273": 0.6348101265822785, "274": 0.5337236286919831, "275": 0.5266666666666666, "276": 0.5509388185654008, "277": 0.529873417721519, "278": 0.558818565400844, "279": 0.554873417721519, "280": 0.6141139240506328, "281": 0.5141666666666667, "282": 0.5106223628691984, "283": 0.5312236286919831, "284": 0.5402637130801687, "285": 0.4668776371308017, "286": 0.49686708860759493, "287": 0.6330274261603375, "288": 0.6927637130801687, "289": 0.554324894514768, "290": 0.5483860759493671, "291": 0.6199261603375528, "292": 0.6178164556962026, "293": 0.5317194092827005, "294": 0.5638185654008439, "295": 0.48869198312236284, "296": 0.4843565400843882, "297": 0.4717932489451476,