{"label": 7, "0": 0.5568589743589744, "1": 0.5269871794871794, "2": 0.536923076923077, "3": 0.47705128205128206, "4": 0.5161538461538462, "5": 0.5019871794871795, "6": 0.46782051282051285, "7": 0.34833333333333333, "8": 0.43993589743589745, "9": 0.4262179487179487, "10": 0.38211538461538463, "11": 0.5626923076923076, "12": 0.5664102564102564, "13": 0.5705769230769231, "14": 0.5705769230769231, "15": 0.575576923076923, "16": 0.5801282051282051, "17": 0.5867948717948718, "18": 0.6009615384615384, "19": 0.5315384615384615, "20": 0.5174358974358975, "21": 0.2458974358974359, "22": 0.39679487179487183, "23": 0.38269230769230766, "24": 0.3685897435897436, "25": 0.3456410256410256, "26": 0.40711538461538466, "27": 0.3492948717948718, "28": 0.3663461538461539, "29": 0.3334615384615385, "30": 0.3260897435897436, "31": 0.3369230769230769, "32": 0.5527564102564103, "33": 0.34153846153846157, "34": 0.2827564102564103, "35": 0.30935897435897436, "36": 0.4340384615384616, "37": 0.5364102564102564, "38": 0.551025641025641, "39": 0.5221794871794871, "40": 0.513525641025641, "41": 0.5356410256410257, "42": 0.5257692307692308, "43": 0.5096153846153846, "44": 0.512051282051282, "45": 0.5007692307692309, "46": 0.2942948717948718, "47": 0.4407051282051282, "48": 0.47320512820512817, "49": 0.46480769230769237, "50": 0.3836538461538461, "51": 0.4887179487179487, "52": 0.32153846153846155, "53": 0.3026282051282051, "54": 0.24256410256410257, "55": 0.39987179487179486, "56": 0.38544871794871793, "57": 0.4872435897435897, "58": 0.3998076923076923, "59": 0.4914102564102564, "60": 0.5075641025641026, "61": 0.5056410256410256, "62": 0.5094871794871795, "63": 0.2861538461538462, "64": 0.47775641025641025, "65": 0.35269230769230764, "66": 0.3409615384615384, "67": 0.28762820512820514, "68": 0.2611538461538462, "69": 0.31365384615384617, "70": 0.27903846153846157, "71": 0.26032051282051283, "72": 0.5439102564102564, "73": 0.5289102564102565, "74": 0.5207051282051282, "75": 0.4969230769230769, "76": 0.5082051282051282, "77": 0.5171153846153846, "78": 0.512051282051282, "79": 0.4941025641025641, "80": 0.53, "81": 0.5415384615384615, "82": 0.5543589743589744, "83": 0.5775, "84": 0.5671794871794872, "85": 0.5605128205128205, "86": 0.5572435897435898, "87": 0.5543589743589744, "88": 0.53, "89": 0.5278205128205128, "90": 0.5285897435897436, "91": 0.5293589743589744, "92": 0.48730769230769233, "93": 0.328525641025641, "94": 0.5335897435897436, "95": 0.5210256410256411, "96": 0.5192948717948718, "97": 0.515576923076923, "98": 0.48955128205128207, "99": 0.5117948717948718, "100": 0.4294230769230769, "101": 0.4091666666666667, "102": 0.46807692307692306, "103": 0.25448717948717947, "104": 0.2759615384615385, "105": 0.3072435897435898, "106": 0.5286538461538461, "107": 0.38230769230769235, "108": 0.3555128205128205, "109": 0.33, "110": 0.3553846153846154, "111": 0.3273076923076923, "112": 0.4123076923076923, "113": 0.3144230769230769, "114": 0.446025641025641, "115": 0.47717948717948716, "116": 0.3164102564102564, "117": 0.3450641025641026, "118": 0.3705769230769231, "119": 0.3996794871794872, "120": 0.41647435897435897, "121": 0.42814102564102563, "122": 0.45493589743589746, "123": 0.3423076923076923, "124": 0.29993589743589744, "125": 0.5238461538461539, "126": 0.4541025641025641, "127": 0.2784615384615384, "128": 0.43512820512820516, "129": 0.46762820512820513, "130": 0.3325641025641025, "131": 0.4705128205128205, "132": 0.3607692307692308, "133": 0.40897435897435896, "134": 0.4766666666666667, "135": 0.46025641025641023, "136": 0.4719230769230769, "137": 0.3285897435897436, "138": 0.42602564102564106, "139": 0.27006410256410257, "140": 0.5589102564102564, "141": 0.5276282051282051, "142": 0.44705128205128203, "143": 0.296474358974359, "144": 0.36493589743589744, "145": 0.376025641025641, "146": 0.5162179487179487, "147": 0.36698717948717946, "148": 0.6021153846153846, "149": 0.5383974358974359, "150": 0.5078846153846154, "151": 0.4041666666666667, "152": 0.6400641025641025, "153": 0.38756410256410256, "154": 0.39826923076923076, "155": 0.40512820512820513, "156": 0.28544871794871796, "157": 0.39076923076923076, "158": 0.3767307692307692, "159": 0.36435897435897435, "160": 0.3523717948717949, "161": 0.3471794871794872, "162": 0.2577564102564103, "163": 0.3564102564102564, "164": 0.543974358974359, "165": 0.4968589743589744, "166": 0.4889102564102564, "167": 0.5242948717948718, "168": 0.4536538461538462, "169": 0.4949358974358974, "170": 0.525, "171": 0.595448717948718, "172": 0.43685897435897436, "173": 0.4017948717948718, "174": 0.4600641025641026, "175": 0.6338461538461538, "176": 0.5698076923076923, "177": 0.35916666666666663, "178": 0.5407051282051282, "179": 0.541025641025641, "180": 0.5426282051282052, "181": 0.5471794871794872, "182": 0.5519871794871795, "183": 0.5176282051282051, "184": 0.5121153846153846, "185": 0.5087179487179487, "186": 0.4849358974358974, "187": 0.39544871794871794, "188": 0.45006410256410256, "189": 0.41602564102564105, "190": 0.40532051282051285, "191": 0.5210256410256411, "192": 0.42000000000000004, "193": 0.43185897435897436, "194": 0.5517307692307692, "195": 0.4903205128205128, "196": 0.46576923076923077, "197": 0.4794871794871795, "198": 0.46602564102564104, "199": 0.6238461538461538, "200": 0.6105128205128205, "201": 0.5819230769230769, "202": 0.4971153846153846, "203": 0.46185897435897433, "204": 0.5233333333333333, "205": 0.4208974358974359, "206": 0.4573076923076923, "207": 0.4255769230769231, "208": 0.5880128205128206, "209": 0.4624358974358974, "210": 0.4883974358974359, "211": 0.5214102564102564, "212": 0.4714102564102564, "213": 0.3912820512820513, "214": 0.45173076923076927, "215": 0.3898076923076923, "216": 0.45782051282051284, "217": 0.4573076923076923, "218": 0.48730769230769233, "219": 0.4816666666666667, "220": 0.4875, "221": 0.39365384615384613, "222": 0.36096153846153844, "223": 0.33794871794871795, "224": 0.32121794871794873, "225": 0.3129487179487179, "226": 0.32224358974358974, "227": 0.303525641025641, "228": 0.3496153846153846, "229": 0.36961538461538457, "230": 0.3901282051282051, "231": 0.40685897435897433, "232": 0.4176282051282051, "233": 0.42583333333333334, "234": 0.3017948717948718, "235": 0.485, "236": 0.46923076923076923, "237": 0.49884615384615383, "238": 0.5136538461538462, "239": 0.5013461538461539, "240": 0.4930128205128205, "241": 0.5178846153846154, "242": 0.5216666666666667, "243": 0.4153846153846154, "244": 0.428974358974359, "245": 0.4370512820512821, "246": 0.3437179487179487, "247": 0.3242307692307692, "248": 0.5060897435897436, "249": 0.5767948717948718, "250": 0.5451923076923078, "251": 0.5951923076923077, "252": 0.5466666666666666, "253": 0.5611538461538461, "254": 0.5752564102564103, "255": 0.5890384615384615, "256": 0.5326282051282052, "257": 0.5350641025641025, "258": 0.5213461538461539, "259": 0.552948717948718, "260": 0.5673717948717949, "261": 0.6089102564102564, "262": 0.6744871794871795, "263": 0.578974358974359, "264": 0.6461538461538461, "265": 0.6197435897435898, "266": 0.5971794871794872, "267": 0.5718589743589744, "268": 0.5826282051282051, "269": 0.5956410256410256, "270": 0.610897435897436, "271": 0.5975641025641025, "272": 0.6094871794871795, "273": 0.6526923076923077, "274": 0.5398076923076923, "275": 0.5315384615384615, "276": 0.5821153846153846, "277": 0.5393589743589744, "278": 0.5731410256410256, "279": 0.5685897435897436, "280": 0.6437179487179487, "281": 0.5190384615384616, "282": 0.5325, "283": 0.5580128205128205, "284": 0.5636538461538462, "285": 0.475, "286": 0.5114102564102564, "287": 0.6542307692307692, "288": 0.7196794871794872, "289": 0.5661538461538462, "290": 0.5558333333333334, "291": 0.6307692307692307, "292": 0.627371794871795, "293": 0.5598717948717948, "294": 0.5768589743589744, "295": 0.5038461538461538, "296": 0.498525641025641, "297": 0.4801923076923077, "298": 0.5647435897435897, "299": 0.49083333333333334, "300": 0.5873076923076923, "301": 0.592948717948718,