{"label": 9, "0": 0.6048833614390107, "1": 0.5674030354131534, "2": 0.5773833614390107, "3": 0.5197948285553682, "4": 0.5557363687464868, "5": 0.5399030354131535, "6": 0.5015500281056773, "7": 0.4223707138842046, "8": 0.47238336143901066, "9": 0.4573833614390107, "10": 0.404040191118606, "11": 0.610716694772344, "12": 0.6157068577852727, "13": 0.6198735244519393, "14": 0.6232068577852726, "15": 0.6282068577852726, "16": 0.6348735244519392, "17": 0.6423735244519393, "18": 0.6481970207982013, "19": 0.5732363687464868, "20": 0.5622751545812255, "21": 0.3385160202360877, "22": 0.4593521641371557, "23": 0.4500674536256324, "24": 0.43994940978077574, "25": 0.42231169196177626, "26": 0.4661270376616076, "27": 0.4133614390106801, "28": 0.4259991568296796, "29": 0.40490022484541877, "30": 0.403154862282181, "31": 0.4196838111298482, "32": 0.6235680157391793, "33": 0.417331365935919, "34": 0.38178049465992125, "35": 0.4012127599775155, "36": 0.5025969645868466, "37": 0.5888926363125351, "38": 0.6039024732996066, "39": 0.5795685778527262, "40": 0.576136874648679, "41": 0.5937844294547499, "42": 0.5870292299044407, "43": 0.576783305227656, "44": 0.5589713322091062, "45": 0.5456183249016301, "46": 0.377977796514896, "47": 0.4953527262507027, "48": 0.5303428892636313, "49": 0.5236663856098932, "50": 0.46973299606520513, "51": 0.5322948285553681, "52": 0.3882729061270377, "53": 0.3780958403597527, "54": 0.33116357504215854, "55": 0.44380410342889265, "56": 0.4411172006745363, "57": 0.5575281056773468, "58": 0.5010652051714446, "59": 0.5445980888139403, "60": 0.556363125351321, "61": 0.5735188308038224, "62": 0.5768915120854412, "63": 0.36720348510399103, "64": 0.5344997189432266, "65": 0.4076658234963463, "66": 0.39764614952220345, "67": 0.3500182686902754, "68": 0.3512717818999438, "69": 0.37759696458684655, "70": 0.36789910061832487, "71": 0.35529089376053963, "72": 0.5963926363125351, "73": 0.587088251826869, "74": 0.5819997189432266, "75": 0.5487844294547499, "76": 0.5752051714446318, "77": 0.5835975267003934, "78": 0.577734682405846, "79": 0.5471669477234401, "80": 0.5903822372119167, "81": 0.5988041034288927, "82": 0.6080789769533446, "83": 0.6330297920179877, "84": 0.625539629005059, "85": 0.6197161326587971, "86": 0.6155691399662732, "87": 0.6114123102866779, "88": 0.5920489038785834, "89": 0.5920292299044407, "90": 0.5928330522765598, "91": 0.5936368746486791, "92": 0.5510188308038224, "93": 0.43007448004496907, "94": 0.5748931984260821, "95": 0.5853133783024171, "96": 0.584460370994941, "97": 0.5630593029792018, "98": 0.5436958965711074, "99": 0.5597062956717257, "100": 0.49105817875210794, "101": 0.48085160202360877, "102": 0.526136874648679, "103": 0.33387998875772906, "104": 0.3581450252951096, "105": 0.37656689151208544, "106": 0.5943915120854413, "107": 0.4254314221472737, "108": 0.40205874086565485, "109": 0.3736762225969646, "110": 0.43069421023046656, "111": 0.41620292299044404, "112": 0.46869589657110733, "113": 0.39802698145025295, "114": 0.49544125913434517, "115": 0.5329215851602023, "116": 0.4135652051714447, "117": 0.43129145587408657, "118": 0.44811551433389546, "119": 0.46585160202360876, "120": 0.47602866779089376, "121": 0.4828330522765598, "122": 0.4947751545812254, "123": 0.4402613827993255, "124": 0.3879187745924677, "125": 0.5673341765036537, "126": 0.507862563237774, "127": 0.37587830241708825, "128": 0.4845980888139404, "129": 0.5252838673412029, "130": 0.411429173693086, "131": 0.5245784148397976, "132": 0.46262366498032603, "133": 0.4645292299044407, "134": 0.5271866216975829, "135": 0.5530368184373243, "136": 0.567203485103991, "137": 0.43094716132658795, "138": 0.5237029229904441, "139": 0.36602585722315906, "140": 0.6335483417650365, "141": 0.5706773468240585, "142": 0.5060778527262507, "143": 0.3944280494659921, "144": 0.43497892074198985, "145": 0.4434007869589657, "146": 0.5827346824058459, "147": 0.46528105677346826, "148": 0.6679412591343452, "149": 0.621734120292299, "150": 0.5982335581787521, "151": 0.430716694772344, "152": 0.6915303541315345, "153": 0.4509991568296796, "154": 0.45776419336706015, "155": 0.46283305227655985, "156": 0.3786537380550872, "157": 0.4494308600337268, "158": 0.4384893198426082, "159": 0.42922428330522766, "160": 0.4224592467678471, "161": 0.4199002248454188, "162": 0.35259415401911187, "163": 0.4282532321528949, "164": 0.5857068577852726, "165": 0.5553035413153458, "166": 0.5429314221472737, "167": 0.5713729623383923, "168": 0.4873833614390107, "169": 0.5823707138842046, "170": 0.6075379426644182, "171": 0.6595980888139403, "172": 0.5362029229904441, "173": 0.4594997189432265, "174": 0.506363125351321, "175": 0.6831970207982012, "176": 0.6444013490725127, "177": 0.46015317594154015, "178": 0.6004707700955593, "179": 0.6029510961214165, "180": 0.604588251826869, "181": 0.6095784148397976, "182": 0.6128527262507026, "183": 0.5811172006745363, "184": 0.5777543563799887, "185": 0.5744013490725126, "186": 0.5517537942664419, "187": 0.4862914558740865, "188": 0.4946964586846543, "189": 0.4637942664418212, "190": 0.45955874086565485, "191": 0.5844800449690837, "192": 0.5129384485666104, "193": 0.47223580663293985, "194": 0.6177937043282743, "195": 0.5265598650927488, "196": 0.5081183249016301, "197": 0.514893198426082, "198": 0.5171079258010118, "199": 0.672363687464868, "200": 0.6598636874648679, "201": 0.6413237774030354, "202": 0.5716750983698707, "203": 0.5251756604834177, "204": 0.5951363125351321, "205": 0.49906689151208544, "206": 0.526734120292299, "207": 0.5098018549747049, "208": 0.6504510961214165, "209": 0.5170292299044407, "210": 0.5724100618324902, "211": 0.5984007869589657, "212": 0.5499198988195616, "213": 0.48865373805508716, "214": 0.5380958403597527, "215": 0.4910652051714446, "216": 0.5333024170882519, "217": 0.5071177627880832, "218": 0.5412942664418212, "219": 0.5378822372119167, "220": 0.5380101180438449, "221": 0.4445390668915121, "222": 0.4193324901630129, "223": 0.4033220910623946, "224": 0.3948510399100618, "225": 0.39140949971894323, "226": 0.40716413715570543, "227": 0.4042608206857785, "228": 0.4297526700393479, "229": 0.4432040472175379, "230": 0.45670460933108487, "231": 0.4676953344575604, "232": 0.47448988195615516, "233": 0.47790191118605957, "234": 0.4017214727374929, "235": 0.5395390668915121, "236": 0.516363125351321, "237": 0.5497161326587972, "238": 0.5606084879145588, "239": 0.5513827993254637, "240": 0.5454019111860596, "241": 0.5631281618887015, "242": 0.5664713322091062, "243": 0.4687450815064643, "244": 0.477137436762226, "245": 0.4821767847105115, "246": 0.41819421023046655, "247": 0.403929173693086, "248": 0.5375014052838674, "249": 0.5631899943788645, "250": 0.581668071950534, "251": 0.5619364811691961, "252": 0.5478850477796515, "253": 0.5580030916245081, "254": 0.5672779651489601, "255": 0.5724058459808881, "256": 0.5369533445756043, "257": 0.5272091062394604, "258": 0.517071388420461, "259": 0.5398369870713884, "260": 0.5515823496346262, "261": 0.5908473861720067, "262": 0.7019828555368184, "263": 0.5640626756604834, "264": 0.6178485103991006, "265": 0.59263209668353, "266": 0.6071402473299606, "267": 0.6150309162450815, "268": 0.6275112422709388, "269": 0.6326784710511524, "270": 0.6461101742551996, "271": 0.6384626194491287, "272": 0.6460413153456999, "273": 0.6728948847667229, "274": 0.5758347386172007, "275": 0.5658544125913434, "276": 0.5542397414277684, "277": 0.556894322653176, "278": 0.5944238336143901, "279": 0.5894336706014616, "280": 0.6358178752107926, "281": 0.5508445756042721, "282": 0.5173173130972457, "283": 0.5358080382237211, "284": 0.5318184373243395, "285": 0.48597245643620013, "286": 0.5136298482293423, "287": 0.6688167509836986, "288": 0.7152304665542439, "289": 0.5935019673974142, "290": 0.5884035975267004, "291": 0.66287521079258, "292": 0.6603456998313659, "293": 0.5325238898257448, "294": 0.6002571669477235, "295": 0.49960089938167507, "296": 0.49296374367622264, "297": 0.4672091062394604, "298": 0.5359162450815065,