{"label": 0, "0": 0.5541666666666667, "1": 0.5263888888888888, "2": 0.5372222222222223, "3": 0.48333333333333334, "4": 0.5152777777777777, "5": 0.5027777777777778, "6": 0.4713888888888889, "7": 0.3894444444444444, "8": 0.445, "9": 0.43166666666666664, "10": 0.3861111111111111, "11": 0.5594444444444444, "12": 0.5652777777777778, "13": 0.5705555555555555, "14": 0.5722222222222222, "15": 0.5791666666666666, "16": 0.5869444444444445, "17": 0.5955555555555556, "18": 0.6000000000000001, "19": 0.5313888888888889, "20": 0.5222222222222223, "21": 0.31305555555555553, "22": 0.42833333333333334, "23": 0.4177777777777778, "24": 0.4066666666666666, "25": 0.38916666666666666, "26": 0.43472222222222223, "27": 0.3836111111111111, "28": 0.39694444444444443, "29": 0.37416666666666665, "30": 0.3705555555555555, "31": 0.3866666666666667, "32": 0.5752777777777778, "33": 0.3844444444444445, "34": 0.34944444444444445, "35": 0.3675, "36": 0.4672222222222222, "37": 0.5391666666666667, "38": 0.5541666666666667, "39": 0.5325, "40": 0.5333333333333333, "41": 0.5475, "42": 0.5441666666666667, "43": 0.5419444444444445, "44": 0.5163888888888889, "45": 0.505, "46": 0.34638888888888886, "47": 0.46138888888888885, "48": 0.49277777777777776, "49": 0.4855555555555555, "50": 0.43444444444444447, "51": 0.49333333333333335, "52": 0.35750000000000004, "53": 0.3488888888888889, "54": 0.30666666666666664, "55": 0.41361111111111115, "56": 0.4125, "57": 0.5255555555555556, "58": 0.45944444444444443, "59": 0.5066666666666667, "60": 0.5180555555555556, "61": 0.5383333333333333, "62": 0.5397222222222222, "63": 0.3363888888888889, "64": 0.49777777777777776, "65": 0.37777777777777777, "66": 0.3680555555555556, "67": 0.3269444444444445, "68": 0.3219444444444444, "69": 0.35138888888888886, "70": 0.33611111111111114, "71": 0.325, "72": 0.5461111111111111, "73": 0.54, "74": 0.5372222222222223, "75": 0.5116666666666667, "76": 0.5386111111111112, "77": 0.5438888888888889, "78": 0.54, "79": 0.5061111111111112, "80": 0.5472222222222223, "81": 0.5533333333333333, "82": 0.5605555555555555, "83": 0.5863888888888888, "84": 0.5811111111111111, "85": 0.5736111111111111, "86": 0.5661111111111111, "87": 0.5622222222222222, "88": 0.5480555555555555, "89": 0.5491666666666667, "90": 0.5502777777777778, "91": 0.5533333333333333, "92": 0.5155555555555555, "93": 0.39416666666666667, "94": 0.5338888888888889, "95": 0.545, "96": 0.5444444444444445, "97": 0.5247222222222222, "98": 0.5080555555555555, "99": 0.5219444444444444, "100": 0.4569444444444445, "101": 0.44555555555555554, "102": 0.48944444444444446, "103": 0.31027777777777776, "104": 0.32972222222222225, "105": 0.34638888888888886, "106": 0.5541666666666667, "107": 0.39583333333333337, "108": 0.3775, "109": 0.35194444444444445, "110": 0.39805555555555555, "111": 0.3816666666666667, "112": 0.43805555555555553, "113": 0.36444444444444446, "114": 0.46166666666666667, "115": 0.4933333333333333, "116": 0.3788888888888889, "117": 0.3961111111111111, "118": 0.4141666666666667, "119": 0.4330555555555555, "120": 0.44472222222222224, "121": 0.45111111111111113, "122": 0.4627777777777778, "123": 0.4041666666666667, "124": 0.35444444444444445, "125": 0.5258333333333334, "126": 0.47277777777777774, "127": 0.3472222222222222, "128": 0.45416666666666666, "129": 0.49, "130": 0.3797222222222222, "131": 0.48638888888888887, "132": 0.4241666666666667, "133": 0.4358333333333333, "134": 0.4875, "135": 0.5066666666666667, "136": 0.5177777777777778, "137": 0.3947222222222222, "138": 0.47972222222222227, "139": 0.335, "140": 0.5811111111111111, "141": 0.5294444444444444, "142": 0.47111111111111115, "143": 0.36083333333333334, "144": 0.40305555555555556, "145": 0.41194444444444445, "146": 0.5452777777777778, "147": 0.4277777777777778, "148": 0.6158333333333333, "149": 0.5683333333333334, "150": 0.5472222222222223, "151": 0.4077777777777778, "152": 0.6422222222222222, "153": 0.42000000000000004, "154": 0.42833333333333334, "155": 0.43222222222222223, "156": 0.3458333333333333, "157": 0.4197222222222222, "158": 0.40888888888888886, "159": 0.39888888888888885, "160": 0.39166666666666666, "161": 0.3866666666666667, "162": 0.3258333333333333, "163": 0.39555555555555555, "164": 0.5466666666666666, "165": 0.518888888888889, "166": 0.505, "167": 0.5338888888888889, "168": 0.4586111111111111, "169": 0.5330555555555556, "170": 0.5569444444444445, "171": 0.6080555555555556, "172": 0.49, "173": 0.43000000000000005, "174": 0.47111111111111115, "175": 0.6355555555555557, "176": 0.5916666666666667, "177": 0.4211111111111111, "178": 0.5541666666666667, "179": 0.5561111111111111, "180": 0.5608333333333333, "181": 0.5675, "182": 0.5694444444444444, "183": 0.5408333333333333, "184": 0.5377777777777778, "185": 0.5336111111111111, "186": 0.5180555555555555, "187": 0.44861111111111107, "188": 0.4608333333333333, "189": 0.43527777777777776, "190": 0.4291666666666667, "191": 0.5441666666666667, "192": 0.47305555555555556, "193": 0.4425, "194": 0.5708333333333333, "195": 0.4916666666666667, "196": 0.4738888888888889, "197": 0.48138888888888887, "198": 0.4802777777777778, "199": 0.6244444444444445, "200": 0.6108333333333333, "201": 0.5927777777777778, "202": 0.5308333333333333, "203": 0.4886111111111111, "204": 0.5513888888888889, "205": 0.46305555555555555, "206": 0.4905555555555556, "207": 0.47194444444444444, "208": 0.6002777777777778, "209": 0.48138888888888887, "210": 0.5275, "211": 0.5511111111111111, "212": 0.5111111111111111, "213": 0.44916666666666666, "214": 0.4975, "215": 0.4488888888888889, "216": 0.4980555555555556, "217": 0.47194444444444444, "218": 0.5019444444444444, "219": 0.4986111111111111, "220": 0.49777777777777776, "221": 0.41500000000000004, "222": 0.39, "223": 0.3733333333333333, "224": 0.3633333333333333, "225": 0.35944444444444446, "226": 0.37416666666666665, "227": 0.36944444444444446, "228": 0.3963888888888889, "229": 0.4102777777777778, "230": 0.425, "231": 0.4361111111111111, "232": 0.44305555555555554, "233": 0.44861111111111107, "234": 0.36916666666666664, "235": 0.5030555555555556, "236": 0.47944444444444445, "237": 0.5077777777777778, "238": 0.5194444444444445, "239": 0.5105555555555555, "240": 0.5097222222222222, "241": 0.5216666666666667, "242": 0.5261111111111111, "243": 0.43916666666666665, "244": 0.4475, "245": 0.4525, "246": 0.385, "247": 0.3711111111111111, "248": 0.5025, "249": 0.5480555555555555, "250": 0.5413888888888889, "251": 0.5536111111111112, "252": 0.5261111111111112, "253": 0.5372222222222223, "254": 0.5472222222222223, "255": 0.5577777777777777, "256": 0.5155555555555555, "257": 0.5111111111111111, "258": 0.5013888888888889, "259": 0.5252777777777777, "260": 0.5372222222222223, "261": 0.5733333333333333, "262": 0.6575, "263": 0.55, "264": 0.6033333333333334, "265": 0.5800000000000001, "266": 0.5741666666666667, "267": 0.5638888888888889, "268": 0.5755555555555556, "269": 0.5833333333333333, "270": 0.5977777777777777, "271": 0.5880555555555556, "272": 0.5983333333333334, "273": 0.6333333333333333, "274": 0.5344444444444445, "275": 0.5263888888888888, "276": 0.5444444444444445, "277": 0.5277777777777778, "278": 0.5580555555555555, "279": 0.5541666666666667, "280": 0.6077777777777778, "281": 0.5136111111111111, "282": 0.505, "283": 0.5247222222222222, "284": 0.5236111111111111, "285": 0.4633333333333334, "286": 0.4955555555555556, "287": 0.6316666666666667, "288": 0.6855555555555555, "289": 0.5552777777777778, "290": 0.5497222222222222, "291": 0.6183333333333334, "292": 0.6152777777777778, "293": 0.5263888888888889, "294": 0.5630555555555555, "295": 0.4847222222222223, "296": 0.4783333333333333, "297": 0.455, "298": 0.5241666666666667, "299": 0.4661111111111111, "300": 0.5486111111111112, "301": 0.5508333333333333, "302": 0.5697222222222222, "303": 0.586111111111111, "304": 0.5980555555555556, "305": 0.5544444444444445, "306": 0.6172222222222222, "307": 0.6136111111111111, "308": 0.6130555555555556, "309": 0.5466666666666666, "310": 0.5966666666666667,