{"label": 1, "0": 0.5873484848484849, "1": 0.5513383838383838, "2": 0.5603282828282828, "3": 0.5064141414141414, "4": 0.5415151515151515, "5": 0.5273484848484848, "6": 0.4915151515151515, "7": 0.40356060606060606, "8": 0.46151515151515154, "9": 0.4483585858585859, "10": 0.3960353535353536, "11": 0.5915151515151515, "12": 0.5956818181818182, "13": 0.5971717171717172, "14": 0.5971717171717172, "15": 0.6023484848484848, "16": 0.6065151515151515, "17": 0.6123484848484848, "18": 0.6158080808080808, "19": 0.5571717171717172, "20": 0.5462373737373738, "21": 0.31441919191919193, "22": 0.44553030303030305, "23": 0.43441919191919187, "24": 0.42247474747474745, "25": 0.4016666666666666, "26": 0.45313131313131316, "27": 0.39621212121212124, "28": 0.411010101010101, "29": 0.3865909090909091, "30": 0.38267676767676767, "31": 0.39805555555555555, "32": 0.5920707070707071, "33": 0.39702020202020205, "34": 0.3550252525252525, "35": 0.3765909090909091, "36": 0.4839393939393939, "37": 0.5725505050505051, "38": 0.583560606060606, "39": 0.5644191919191919, "40": 0.5613383838383839, "41": 0.5742929292929293, "42": 0.5687121212121212, "43": 0.5548232323232323, "44": 0.5422474747474748, "45": 0.5304040404040404, "46": 0.3555050505050505, "47": 0.4805050505050505, "48": 0.5136616161616161, "49": 0.5068181818181818, "50": 0.44691919191919194, "51": 0.517070707070707, "52": 0.3686111111111111, "53": 0.35744949494949496, "54": 0.3073737373737374, "55": 0.4291161616161616, "56": 0.4271212121212121, "57": 0.5375757575757576, "58": 0.46851010101010104, "59": 0.529419191919192, "60": 0.54, "61": 0.5568939393939394, "62": 0.5589141414141414, "63": 0.3438888888888889, "64": 0.5186616161616162, "65": 0.38982323232323235, "66": 0.380479797979798, "67": 0.33252525252525256, "68": 0.3262878787878788, "69": 0.3594191919191919, "70": 0.3434343434343434, "71": 0.32916666666666666, "72": 0.5793939393939394, "73": 0.5697727272727273, "74": 0.5650252525252525, "75": 0.5331060606060606, "76": 0.5579040404040404, "77": 0.5637878787878788, "78": 0.5609343434343435, "79": 0.5303030303030303, "80": 0.5705555555555555, "81": 0.5788131313131313, "82": 0.5870707070707071, "83": 0.6026767676767677, "84": 0.5983838383838384, "85": 0.5933838383838383, "86": 0.5893939393939394, "87": 0.5870707070707071, "88": 0.5705555555555555, "89": 0.5702020202020202, "90": 0.5716919191919192, "91": 0.5721717171717171, "92": 0.5332070707070707, "93": 0.40085858585858586, "94": 0.5588383838383839, "95": 0.5653282828282828, "96": 0.564141414141414, "97": 0.5471969696969697, "98": 0.5285353535353535, "99": 0.544520202020202, "100": 0.4732070707070707, "101": 0.4606818181818182, "102": 0.5108080808080808, "103": 0.3123989898989899, "104": 0.335479797979798, "105": 0.35623737373737374, "106": 0.5699242424242424, "107": 0.41108585858585855, "108": 0.38954545454545453, "109": 0.3596717171717172, "110": 0.41088383838383835, "111": 0.3922474747474748, "112": 0.4566919191919192, "113": 0.37555555555555553, "114": 0.4810858585858586, "115": 0.5165656565656566, "116": 0.38661616161616164, "117": 0.4086616161616161, "118": 0.4288131313131313, "119": 0.4493686868686869, "120": 0.46237373737373744, "121": 0.4694949494949495, "122": 0.4829040404040404, "123": 0.412979797979798, "124": 0.36378787878787877, "125": 0.5502777777777778, "126": 0.4923484848484848, "127": 0.3493181818181818, "128": 0.47275252525252526, "129": 0.5087878787878788, "130": 0.39095959595959595, "131": 0.508888888888889, "132": 0.4327525252525253, "133": 0.45436868686868687, "134": 0.5113131313131314, "135": 0.5212626262626263, "136": 0.5322727272727272, "137": 0.4028787878787879, "138": 0.4929545454545454, "139": 0.3394191919191919, "140": 0.5992171717171717, "141": 0.5537878787878788, "142": 0.48974747474747476, "143": 0.36714646464646467, "144": 0.4178282828282828, "145": 0.4277525252525253, "146": 0.56260101010101, "147": 0.4386868686868687, "148": 0.631919191919192, "149": 0.5862626262626263, "150": 0.5637878787878788, "151": 0.4216919191919192, "152": 0.6558080808080808, "153": 0.4368434343434343, "154": 0.4451010101010101, "155": 0.45116161616161615, "156": 0.3521969696969697, "157": 0.4351010101010101, "158": 0.42083333333333334, "159": 0.4098989898989899, "160": 0.4024747474747475, "161": 0.3989141414141414, "162": 0.32734848484848483, "163": 0.4101010101010101, "164": 0.5686616161616161, "165": 0.5384848484848485, "166": 0.5277525252525253, "167": 0.5553535353535354, "168": 0.47651515151515156, "169": 0.5507575757575758, "170": 0.5740656565656566, "171": 0.6250757575757575, "172": 0.5022979797979799, "173": 0.4461616161616162, "174": 0.491489898989899, "175": 0.6499747474747475, "176": 0.6089141414141415, "177": 0.43126262626262624, "178": 0.5788131313131313, "179": 0.5792929292929293, "180": 0.5806060606060606, "181": 0.5837626262626263, "182": 0.5852020202020202, "183": 0.5633080808080808, "184": 0.5604545454545454, "185": 0.55760101010101, "186": 0.533459595959596, "187": 0.46050505050505053, "188": 0.48065656565656567, "189": 0.45244949494949493, "190": 0.4470454545454545, "191": 0.5653282828282828, "192": 0.4846717171717172, "193": 0.46070707070707073, "194": 0.5881313131313132, "195": 0.5148484848484849, "196": 0.49457070707070705, "197": 0.5040151515151515, "198": 0.5019191919191919, "199": 0.6408080808080808, "200": 0.6283080808080809, "201": 0.6092929292929293, "202": 0.5470454545454546, "203": 0.507020202020202, "204": 0.5683333333333334, "205": 0.47825757575757577, "206": 0.5069191919191919, "207": 0.4848232323232323, "208": 0.6169191919191919, "209": 0.5006818181818181, "210": 0.5437878787878788, "211": 0.5687626262626263, "212": 0.5254545454545455, "213": 0.46022727272727276, "214": 0.5113131313131314, "215": 0.45999999999999996, "216": 0.5119949494949495, "217": 0.4919191919191919, "218": 0.5245959595959596, "219": 0.5218686868686869, "220": 0.521969696969697, "221": 0.43085858585858583, "222": 0.4033333333333333, "223": 0.3863383838383838, "224": 0.3746969696969697, "225": 0.37143939393939396, "226": 0.38436868686868686, "227": 0.3765151515151515, "228": 0.4091161616161616, "229": 0.4254040404040404, "230": 0.44055555555555553, "231": 0.454040404040404, "232": 0.4618181818181818, "233": 0.4665656565656566, "234": 0.3746717171717172, "235": 0.5243686868686869, "236": 0.5023232323232323, "237": 0.5325, "238": 0.543560606060606, "239": 0.5351767676767677, "240": 0.5307323232323232, "241": 0.5464141414141415, "242": 0.5499242424242424, "243": 0.4584090909090909, "244": 0.46595959595959596, "245": 0.471489898989899, "246": 0.3983838383838384, "247": 0.38345959595959594, "248": 0.5256060606060606, "249": 0.5648232323232323, "250": 0.565429292929293, "251": 0.5642171717171718, "252": 0.5453535353535354, "253": 0.5572979797979798, "254": 0.5665656565656566, "255": 0.573030303030303, "256": 0.5337626262626263, "257": 0.5290151515151515, "258": 0.5167171717171717, "259": 0.5428030303030303, "260": 0.5540404040404041, "261": 0.5914646464646465, "262": 0.6737121212121212, "263": 0.565530303030303, "264": 0.6167676767676767, "265": 0.5952525252525253, "266": 0.5967171717171718, "267": 0.5967929292929293, "268": 0.6057828282828284, "269": 0.6139141414141414, "270": 0.6261616161616161, "271": 0.6157070707070706, "272": 0.6254545454545455, "273": 0.6516161616161616, "274": 0.5604292929292929, "275": 0.5516161616161617, "276": 0.5600252525252525, "277": 0.5480050505050504, "278": 0.5811616161616162, "279": 0.5763383838383838, "280": 0.6292171717171717, "281": 0.5382828282828283, "282": 0.5222727272727272, "283": 0.541590909090909, "284": 0.535959595959596, "285": 0.48176767676767673, "286": 0.511439393939394, "287": 0.6523737373737374, "288": 0.6952525252525252, "289": 0.5789141414141414, "290": 0.5741666666666667, "291": 0.6437626262626263, "292": 0.6409090909090909, "293": 0.5409848484848485, "294": 0.5861616161616161, "295": 0.5029040404040404, "296": 0.4947474747474747, "297": 0.46835858585858586, "298": 0.5397222222222222, "299": 0.4821212121212122,