{"label": 8, "0": 0.6116461327857632, "1": 0.576332991101985, "2": 0.5853062970568104, "3": 0.5333127994524298, "4": 0.5665263518138262, "5": 0.553386379192334, "6": 0.5196064339493498, "7": 0.4349110198494182, "8": 0.4958264887063655, "9": 0.4816598220396988, "10": 0.433266598220397, "11": 0.6158127994524298, "12": 0.6191461327857631, "13": 0.6216461327857632, "14": 0.6216461327857632, "15": 0.6256194387405887, "16": 0.6306194387405887, "17": 0.6364527720739219, "18": 0.6435061601642711, "19": 0.5811396303901437, "20": 0.570039356605065, "21": 0.3482631759069131, "22": 0.47404517453798767, "23": 0.4635848733744011, "24": 0.4522912388774811, "25": 0.43291752224503766, "26": 0.4816187542778918, "27": 0.4309514031485284, "28": 0.4441050650239562, "29": 0.4202977412731006, "30": 0.41625085557837094, "31": 0.42829055441478436, "32": 0.6155783709787817, "33": 0.4281108829568789, "34": 0.3860763175906913, "35": 0.4082768651608487, "36": 0.5102515400410678, "37": 0.5959924709103355, "38": 0.605159137577002, "39": 0.5851454483230665, "40": 0.5792385352498288, "41": 0.5959188911704312, "42": 0.5885386721423682, "43": 0.580444900752909, "44": 0.5670927446954142, "45": 0.5552327173169063, "46": 0.3906570841889117, "47": 0.50822553045859, "48": 0.5382854209445586, "49": 0.5314253935660507, "50": 0.47489733059548256, "51": 0.543952772073922, "52": 0.4075444900752909, "53": 0.3944507186858316, "54": 0.34225017111567424, "55": 0.46804585900068446, "56": 0.45956536618754285, "57": 0.5640913757700206, "58": 0.49428986995208757, "59": 0.552138945927447, "60": 0.5636858316221766, "61": 0.5748049281314168, "62": 0.576858316221766, "63": 0.38162388774811773, "64": 0.542258726899384, "65": 0.43096509240246406, "66": 0.41974503764544835, "67": 0.3698648186173854, "68": 0.36399041752224504, "69": 0.3976916495550993, "70": 0.37847022587268997, "71": 0.3648100616016427, "72": 0.6009924709103354, "73": 0.5905321697467488, "74": 0.5839852840520191, "75": 0.5568856947296372, "76": 0.5758316221765913, "77": 0.5826317590691308, "78": 0.578911704312115, "79": 0.5539390828199863, "80": 0.5914253935660506, "81": 0.5986122518822724, "82": 0.6086858316221766, "83": 0.6282991101984942, "84": 0.6214390828199863, "85": 0.6166324435318276, "86": 0.6126591375770021, "87": 0.6095191649555098, "88": 0.5914253935660506, "89": 0.590845311430527, "90": 0.591291923340178, "91": 0.5915451745379877, "92": 0.5591050650239562, "93": 0.4296629021218344, "94": 0.5828062970568104, "95": 0.5860985626283368, "96": 0.5838518138261465, "97": 0.5709325804243669, "98": 0.5530321697467488, "99": 0.5674058863791923, "100": 0.5017385352498289, "101": 0.4899247091033539, "102": 0.5343720054757015, "103": 0.34945071868583166, "104": 0.37330424366872006, "105": 0.3951043805612594, "106": 0.5944917864476387, "107": 0.45079911019849417, "108": 0.4254123887748118, "109": 0.39733230663928815, "110": 0.4413843258042437, "111": 0.4224435318275154, "112": 0.48527891854893906, "113": 0.4080971937029432, "114": 0.5097724161533197, "115": 0.5411122518822724, "116": 0.41698323066392884, "117": 0.4381570841889117, "118": 0.4566974674880219, "119": 0.47761806981519506, "120": 0.48987850787132103, "121": 0.4980321697467488, "122": 0.5118394934976044, "123": 0.4423699520876112, "124": 0.3971902806297057, "125": 0.5751728268309377, "126": 0.5198921971252567, "127": 0.37927618069815194, "128": 0.5024657768651608, "129": 0.535205338809035, "130": 0.4227840520191649, "131": 0.5336122518822723, "132": 0.45960301163586587, "133": 0.482138945927447, "134": 0.5370191649555099, "135": 0.5443771389459274, "136": 0.5550171115674196, "137": 0.43190965092402467, "138": 0.517056810403833, "139": 0.37326317590691305, "140": 0.6214715947980834, "141": 0.5786995208761123, "142": 0.5171252566735113, "143": 0.4007032854209446, "144": 0.4476779603011636, "145": 0.4569182067077344, "146": 0.5822450376454483, "147": 0.466090006844627, "148": 0.6559787816563998, "149": 0.6081245722108145, "150": 0.5845841889117043, "151": 0.4578798767967146, "152": 0.6820927446954141, "153": 0.46615845311430526, "154": 0.4737320328542095, "155": 0.47989219712525666, "156": 0.38647672826830937, "157": 0.46584531143052704, "158": 0.45493839835728955, "159": 0.4456981519507187, "160": 0.4372912388774811, "161": 0.43279774127310067, "162": 0.35921629021218343, "163": 0.440684462696783, "164": 0.5942796030116358, "165": 0.5627053388090348, "166": 0.5514989733059549, "167": 0.5799058863791924, "168": 0.507299794661191, "169": 0.5718908281998631, "170": 0.5960711841204654, "171": 0.6484787816563997, "172": 0.527056810403833, "173": 0.47553216974674883, "174": 0.5192659137577003, "175": 0.6745927446954141, "176": 0.6316649555099247, "177": 0.4591563997262149, "178": 0.5994455852156058, "179": 0.60072553045859, "180": 0.6028388090349076, "181": 0.6057854209445586, "182": 0.6107854209445585, "183": 0.5821851471594798, "184": 0.5792984257357974, "185": 0.5755783709787816, "186": 0.5592248459958933, "187": 0.4881570841889117, "188": 0.5094592744695414, "189": 0.48285249828884325, "190": 0.47733230663928816, "191": 0.5842385352498289, "192": 0.5100770020533881, "193": 0.49395277207392196, "194": 0.6135985626283367, "195": 0.5427464065708418, "196": 0.5224794661190965, "197": 0.5310797399041752, "198": 0.5285523613963039, "199": 0.6647861054072554, "200": 0.6541461327857632, "201": 0.6350256673511294, "202": 0.5706245722108145, "203": 0.5324383983572896, "204": 0.5908915126625599, "205": 0.5052977412731007, "206": 0.5319780971937029, "207": 0.5116974674880219, "208": 0.6415588637919233, "209": 0.5271988364134155, "210": 0.5659976043805612, "211": 0.5912046543463382, "212": 0.5509377138945928, "213": 0.4864767282683094, "214": 0.5357306639288159, "215": 0.48595653661875426, "216": 0.5377378507871321, "217": 0.5195790554414784, "218": 0.549192334017796, "219": 0.5455321697467488, "220": 0.5468258042436687, "221": 0.4652789185489391, "222": 0.4401317590691307, "223": 0.4210112936344969, "224": 0.4091375770020534, "225": 0.40489733059548255, "226": 0.41707049965776866, "227": 0.40652292950034224, "228": 0.4386173853524983, "229": 0.45427104722792605, "230": 0.4696714579055441, "231": 0.4815451745379876, "232": 0.49053216974674885, "233": 0.4943856947296372, "234": 0.4044695414099932, "235": 0.5480321697467488, "236": 0.5300992470910335, "237": 0.5572125256673511, "238": 0.5673459958932239, "239": 0.5588791923340178, "240": 0.5544455852156057, "241": 0.5702327173169062, "242": 0.5737594113620808, "243": 0.4860523613963039, "244": 0.49471252566735113, "245": 0.5013193018480493, "246": 0.43035763175906916, "247": 0.41528405201916496, "248": 0.5536533196440794, "249": 0.5943018480492813, "250": 0.5924332648870636, "251": 0.6099965776865162, "252": 0.5720277207392197, "253": 0.5831279945242984, "254": 0.5942282683093771, "255": 0.6044353182751541, "256": 0.5602874743326489, "257": 0.5619815195071869, "258": 0.5496611909650924, "259": 0.5757751540041067, "260": 0.5879620123203286, "261": 0.6230355920602327, "262": 0.701047227926078, "263": 0.5977686516084872, "264": 0.6578832991101985, "265": 0.6307426420260096, "266": 0.62427446954141, "267": 0.6233264887063655, "268": 0.6304397672826831, "269": 0.6408401779603011, "270": 0.6532203969883641, "271": 0.6434000684462697, "272": 0.6532802874743326, "273": 0.6800941136208076, "274": 0.5855732375085558, "275": 0.5776266255989049, "276": 0.5977224503764544, "277": 0.5764339493497604, "278": 0.6104072553045858, "279": 0.6047672826830938, "280": 0.6581553730321698, "281": 0.5653199863107461, "282": 0.5576950718685831, "283": 0.5791221765913758, "284": 0.5795362765229295, "285": 0.5167470910335388, "286": 0.5425342231348391, "287": 0.6810010266940452, "288": 0.7365160848733745, "289": 0.6061670088980151, "290": 0.6004534565366187, "291": 0.6728473648186174, "292": 0.6697672826830938, "293": 0.5786156741957563, "294": 0.6145739219712526, "295": 0.5379945242984258, "296": 0.5317145790554414, "297": 0.5064750171115674, "298": 0.5809360027378507,