{"label": 2, "0": 0.5752705627705628, "1": 0.525530303030303, "2": 0.5396103896103897, "3": 0.47445887445887447, "4": 0.5127813852813853, "5": 0.4969480519480519, "6": 0.4586147186147186, "7": 0.3768614718614719, "8": 0.4300324675324675, "9": 0.41503246753246753, "10": 0.36453463203463204, "11": 0.5786038961038962, "12": 0.5819372294372294, "13": 0.5844372294372294, "14": 0.5844372294372294, "15": 0.5877705627705627, "16": 0.5921861471861471, "17": 0.5971861471861472, "18": 0.6108549783549784, "19": 0.5324458874458874, "20": 0.5205411255411255, "21": 0.2874134199134199, "22": 0.4176623376623377, "23": 0.4074242424242424, "24": 0.3966017316017316, "25": 0.37753246753246755, "26": 0.42406926406926404, "27": 0.3662662337662338, "28": 0.37925324675324673, "29": 0.35769480519480523, "30": 0.3551190476190476, "31": 0.37312770562770564, "32": 0.5845670995670995, "33": 0.37003246753246755, "34": 0.33191558441558444, "35": 0.34964285714285714, "36": 0.4581709956709957, "37": 0.559534632034632, "38": 0.5700324675324675, "39": 0.5507142857142857, "40": 0.5453896103896104, "41": 0.56004329004329, "42": 0.553051948051948, "43": 0.5414935064935065, "44": 0.5155411255411255, "45": 0.5017099567099567, "46": 0.3262229437229437, "47": 0.4519805194805194, "48": 0.48515151515151517, "49": 0.4784848484848485, "50": 0.42353896103896105, "51": 0.48670995670995676, "52": 0.338030303030303, "53": 0.3278787878787879, "54": 0.277987012987013, "55": 0.39905844155844156, "56": 0.39640692640692643, "57": 0.5225865800865801, "58": 0.460974025974026, "59": 0.5015584415584415, "60": 0.5137987012987013, "61": 0.5412337662337663, "62": 0.5444805194805195, "63": 0.31363636363636366, "64": 0.49123376623376624, "65": 0.3599242424242424, "66": 0.34834415584415584, "67": 0.3008549783549783, "68": 0.2955627705627706, "69": 0.32651515151515154, "70": 0.3136471861471862, "71": 0.3016558441558441, "72": 0.5656168831168831, "73": 0.5553787878787879, "74": 0.5492207792207793, "75": 0.5064718614718615, "76": 0.5433982683982684, "77": 0.5496428571428571, "78": 0.5447294372294372, "79": 0.5036363636363637, "80": 0.5560497835497835, "81": 0.5638744588744589, "82": 0.5727813852813853, "83": 0.5946212121212121, "84": 0.5831168831168831, "85": 0.5781168831168831, "86": 0.5750324675324675, "87": 0.5736147186147186, "88": 0.5560497835497835, "89": 0.5555519480519481, "90": 0.5561363636363637, "91": 0.5573051948051948, "92": 0.5125757575757576, "93": 0.38782467532467535, "94": 0.5360281385281385, "95": 0.5503896103896104, "96": 0.5490584415584415, "97": 0.5222943722943723, "98": 0.5033116883116884, "99": 0.5184632034632035, "100": 0.44757575757575757, "101": 0.43642857142857144, "102": 0.4824025974025974, "103": 0.2813852813852814, "104": 0.30312770562770563, "105": 0.3242857142857143, "106": 0.5562337662337662, "107": 0.3794805194805195, "108": 0.35515151515151516, "109": 0.32832251082251085, "110": 0.3862770562770563, "111": 0.36847402597402595, "112": 0.4272294372294372, "113": 0.3482142857142857, "114": 0.45205627705627704, "115": 0.487478354978355, "116": 0.36357142857142855, "117": 0.3857142857142857, "118": 0.4050324675324675, "119": 0.425508658008658, "120": 0.4359090909090909, "121": 0.44198051948051953, "122": 0.4502922077922078, "123": 0.39123376623376627, "124": 0.33572510822510826, "125": 0.525952380952381, "126": 0.46472943722943727, "127": 0.33, "128": 0.4439718614718615, "129": 0.48323593073593074, "130": 0.3654545454545455, "131": 0.479978354978355, "132": 0.4229004329004329, "133": 0.42306277056277053, "134": 0.48113636363636364, "135": 0.508452380952381, "136": 0.5231168831168831, "137": 0.3850757575757576, "138": 0.47938311688311686, "139": 0.31457792207792207, "140": 0.592987012987013, "141": 0.5306168831168832, "142": 0.4630735930735931, "143": 0.3413203463203463, "144": 0.39101731601731604, "145": 0.40075757575757576, "146": 0.5491450216450217, "147": 0.41914502164502165, "148": 0.6328787878787879, "149": 0.5808333333333333, "150": 0.5545995670995671, "151": 0.3897835497835498, "152": 0.6626839826839827, "153": 0.4096645021645022, "154": 0.4169047619047619, "155": 0.42148268398268396, "156": 0.32431818181818184, "157": 0.40474025974025973, "158": 0.39141774891774894, "159": 0.38142857142857145, "160": 0.3741883116883117, "161": 0.3721103896103896, "162": 0.3039177489177489, "163": 0.38285714285714284, "164": 0.5487770562770562, "165": 0.5167316017316017, "166": 0.49989177489177494, "167": 0.5322943722943723, "168": 0.4444480519480519, "169": 0.5377705627705628, "170": 0.5648376623376623, "171": 0.6223809523809524, "172": 0.49454545454545457, "173": 0.41648268398268395, "174": 0.4618831168831169, "175": 0.6521861471861472, "176": 0.6054004329004329, "177": 0.4165692640692641, "178": 0.5638744588744589, "179": 0.5642099567099567, "180": 0.5664610389610389, "181": 0.5695454545454546, "182": 0.5750541125541125, "183": 0.5482251082251083, "184": 0.5452272727272727, "185": 0.5430627705627705, "186": 0.515, "187": 0.4412121212121212, "188": 0.45046536796536796, "189": 0.42147186147186144, "190": 0.4155627705627706, "191": 0.5503896103896104, "192": 0.4678787878787879, "193": 0.4303787878787879, "194": 0.5793939393939394, "195": 0.4836147186147186, "196": 0.4627922077922078, "197": 0.47111471861471865, "198": 0.473474025974026, "199": 0.6386038961038961, "200": 0.6233549783549783, "201": 0.6019588744588744, "202": 0.5318398268398268, "203": 0.4826623376623377, "204": 0.5556601731601731, "205": 0.455021645021645, "206": 0.48458874458874457, "207": 0.46469696969696966, "208": 0.6117965367965368, "209": 0.47364718614718615, "210": 0.5293506493506493, "211": 0.5572510822510822, "212": 0.5095995670995671, "213": 0.4437229437229437, "214": 0.49444805194805197, "215": 0.4466450216450216, "216": 0.49284632034632037, "217": 0.4628896103896104, "218": 0.4968073593073593, "219": 0.49364718614718617, "220": 0.4925541125541126, "221": 0.40064935064935064, "222": 0.37317099567099565, "223": 0.35585497835497837, "224": 0.34595238095238096, "225": 0.3431277056277056, "226": 0.35904761904761906, "227": 0.35633116883116883, "228": 0.38487012987012986, "229": 0.3992748917748918, "230": 0.41467532467532464, "231": 0.4264935064935065, "232": 0.4331493506493507, "233": 0.4365584415584416, "234": 0.35932900432900433, "235": 0.49722943722943724, "236": 0.47271645021645026, "237": 0.5052164502164502, "238": 0.5177922077922078, "239": 0.507965367965368, "240": 0.504891774891775, "241": 0.5207900432900433, "242": 0.5254545454545455, "243": 0.42822510822510823, "244": 0.43638528138528143, "245": 0.4412987012987013, "246": 0.3716125541125541, "247": 0.3566233766233766, "248": 0.4971861471861472, "249": 0.5420238095238096, "250": 0.5456818181818182, "251": 0.5577164502164502, "252": 0.5152272727272726, "253": 0.527965367965368, "254": 0.540952380952381, "255": 0.5496861471861472, "256": 0.5019047619047619, "257": 0.5043722943722944, "258": 0.4908874458874459, "259": 0.5209415584415584, "260": 0.533517316017316, "261": 0.5690909090909091, "262": 0.6803030303030303, "263": 0.5430194805194805, "264": 0.6157900432900433, "265": 0.5761580086580087, "266": 0.5803787878787878, "267": 0.5868398268398268, "268": 0.5940909090909091, "269": 0.6042424242424242, "270": 0.6173160173160173, "271": 0.6057467532467532, "272": 0.6163203463203464, "273": 0.6526298701298701, "274": 0.537435064935065, "275": 0.5257683982683983, "276": 0.5427489177489178, "277": 0.523073593073593, "278": 0.5638203463203464, "279": 0.5582359307359308, "280": 0.6157575757575757, "281": 0.5096861471861471, "282": 0.504025974025974, "283": 0.524426406926407, "284": 0.5231493506493506, "285": 0.4547510822510823, "286": 0.4818181818181818, "287": 0.6523701298701299, "288": 0.7162121212121212, "289": 0.5618290043290044, "290": 0.555422077922078, "291": 0.6350541125541125, "292": 0.6328896103896104, "293": 0.5253354978354978, "294": 0.5709848484848485, "295": 0.4802164502164502, "296": 0.4748809523809524, "297": 0.4430411255411255, "298": 0.5239935064935065,