{"label": 7, "0": 0.5915999315537304, "1": 0.557180013689254, "2": 0.567819986310746, "3": 0.5036396303901438, "4": 0.5444866529774127, "5": 0.5276266255989048, "6": 0.4851865160848734, "7": 0.39028405201916494, "8": 0.45479979466119097, "9": 0.43877310061601643, "10": 0.3798596851471595, "11": 0.5965999315537304, "12": 0.6015999315537304, "13": 0.605766598220397, "14": 0.605766598220397, "15": 0.6099332648870637, "16": 0.615766598220397, "17": 0.6224332648870636, "18": 0.6357067077344285, "19": 0.5638466803559206, "20": 0.5504996577686516, "21": 0.2956759069130732, "22": 0.4343583162217659, "23": 0.42370465434633814, "24": 0.41138432580424367, "25": 0.38912388774811774, "26": 0.44315195071868585, "27": 0.38049110198494185, "28": 0.3967248459958932, "29": 0.37047741273100615, "30": 0.3672638603696099, "31": 0.3861635865845311, "32": 0.6103388090349076, "33": 0.38265058179329225, "34": 0.3424024640657084, "35": 0.3622364818617385, "36": 0.48191820670773444, "37": 0.5745328542094457, "38": 0.5882529089664613, "39": 0.5632991101984942, "40": 0.5590588637919234, "41": 0.5767659137577001, "42": 0.569192334017796, "43": 0.5640451745379876, "44": 0.545886379192334, "45": 0.5321663244353183, "46": 0.3394233401779603, "47": 0.47572553045859, "48": 0.5134188911704312, "49": 0.50572553045859, "50": 0.44290383299110203, "51": 0.516972963723477, "52": 0.35233744010951407, "53": 0.3407169746748802, "54": 0.28735626283367555, "55": 0.41835900068446275, "56": 0.41507186858316225, "57": 0.5446115674195756, "58": 0.4700496235455168, "59": 0.5303524982888432, "60": 0.5431194387405887, "61": 0.5544318959616701, "62": 0.5575119780971938, "63": 0.3276967830253251, "64": 0.5184188911704313, "65": 0.37614476386036966, "66": 0.36473134839151267, "67": 0.3124110198494182, "68": 0.3094832306639288, "69": 0.3424845995893224, "70": 0.3260164271047228, "71": 0.3126095140314853, "72": 0.5811995208761123, "73": 0.5705458590006844, "74": 0.5636122518822724, "75": 0.5350992470910336, "76": 0.5554585900068446, "77": 0.5641187542778918, "78": 0.5585386721423682, "79": 0.5323459958932238, "80": 0.5731057494866529, "81": 0.5813193018480493, "82": 0.5926129363449691, "83": 0.6201129363449692, "84": 0.6061995208761122, "85": 0.6013928815879535, "86": 0.5965862422997946, "87": 0.5926129363449691, "88": 0.5729123887748118, "89": 0.5725256673511294, "90": 0.5738056125941137, "91": 0.5750855578370979, "92": 0.5379585900068447, "93": 0.3940691307323751, "94": 0.5653199863107461, "95": 0.5667522245037646, "96": 0.5645054757015743, "97": 0.5513928815879535, "98": 0.5302190280629706, "99": 0.5476728268309377, "100": 0.469878507871321, "101": 0.4576779603011636, "102": 0.5095054757015742, "103": 0.29141683778234084, "104": 0.3175171115674196, "105": 0.338870636550308, "106": 0.5809787816563997, "107": 0.39822553045859, "108": 0.3734787816563997, "109": 0.34148528405201917, "110": 0.3994507186858316, "111": 0.3809565366187543, "112": 0.4478388090349076, "113": 0.36058350444900755, "114": 0.475605749486653, "115": 0.5166324435318275, "116": 0.3765828199863107, "117": 0.3985301163586584, "118": 0.4203439425051335, "119": 0.4424845995893224, "120": 0.4559650924024641, "121": 0.4634787816563997, "122": 0.4761995208761123, "123": 0.4056895961670089, "124": 0.34948323066392883, "125": 0.5558264887063655, "126": 0.48944558521560577, "127": 0.3364356605065024, "128": 0.46707905544147843, "129": 0.5093121149897331, "130": 0.37732375085557834, "131": 0.508105749486653, "132": 0.4285626283367557, "133": 0.44367214236824093, "134": 0.5108726899383983, "135": 0.5291238877481177, "136": 0.5424572210814511, "137": 0.3946492128678987, "138": 0.49647672826830935, "139": 0.324395961670089, "140": 0.617258726899384, "141": 0.5593531827515401, "142": 0.48731861738535254, "143": 0.3542761806981519, "144": 0.40593771389459277, "145": 0.41620465434633813, "146": 0.5637320328542095, "147": 0.4341563997262149, "148": 0.6552327173169062, "149": 0.6041649555099247, "150": 0.5773511293634497, "151": 0.40857973990417523, "152": 0.6827600958247775, "153": 0.4264715947980835, "154": 0.43404517453798763, "155": 0.4403986995208761, "156": 0.33754962354551676, "157": 0.42301848049281315, "158": 0.40755817932922656, "159": 0.39626454483230666, "160": 0.38849760438056125, "161": 0.3856707734428474, "162": 0.31201574264202603, "163": 0.39708418891170427, "164": 0.5769866529774128, "165": 0.5427789185489391, "166": 0.5278524982888433, "167": 0.5622262149212868, "168": 0.46999315537303216, "169": 0.5609377138945928, "170": 0.5894182067077345, "171": 0.647539356605065, "172": 0.5089767282683093, "173": 0.4362320328542094, "174": 0.48837268993839833, "175": 0.6752600958247776, "176": 0.6303388090349076, "177": 0.42664271047227925, "178": 0.5813193018480493, "179": 0.583432580424367, "180": 0.5855458590006845, "181": 0.5903524982888433, "182": 0.6003524982888433, "183": 0.5628388090349076, "184": 0.5589253935660506, "185": 0.5552053388090349, "186": 0.5378850102669405, "187": 0.45949691991786445, "188": 0.4756793292265572, "189": 0.44291238877481176, "190": 0.43636550308008215, "191": 0.5667522245037646, "192": 0.4859702258726899, "193": 0.45337268993839835, "194": 0.6048323066392881, "195": 0.513266598220397, "196": 0.4907529089664613, "197": 0.49871321013004793, "198": 0.49932580424366874, "199": 0.6625667351129363, "200": 0.6482067077344285, "201": 0.6285061601642711, "202": 0.556531485284052, "203": 0.5071851471594798, "204": 0.5809052019164955, "205": 0.4765776865160849, "206": 0.5083915126625599, "207": 0.4854774127310062, "208": 0.6377327173169063, "209": 0.49963894592744695, "210": 0.5525444900752909, "211": 0.5818583162217659, "212": 0.5319045174537987, "213": 0.45826317590691307, "214": 0.5161173853524983, "215": 0.45921629021218346, "216": 0.5141512662559891, "217": 0.4884924709103354, "218": 0.5257392197125257, "219": 0.5218856947296373, "220": 0.5233726899383984, "221": 0.41995208761122516, "222": 0.38986481861738537, "223": 0.3703576317590691, "224": 0.35931724845995894, "225": 0.3557169746748802, "226": 0.3722501711156742, "227": 0.36554243668720054, "228": 0.3983504449007529, "229": 0.4152241615331964, "230": 0.43184462696783027, "231": 0.44474503764544837, "232": 0.45392539356605066, "233": 0.4588056125941136, "234": 0.3632956878850103, "235": 0.5252190280629705, "236": 0.5002327173169062, "237": 0.5358127994524299, "238": 0.5479996577686517, "239": 0.5374794661190965, "240": 0.5316324435318275, "241": 0.550886379192334, "242": 0.5544130732375085, "243": 0.4486122518822724, "244": 0.4574657768651609, "245": 0.46509924709103356, "246": 0.3832306639288159, "247": 0.3687970568104038, "248": 0.5252002053388091, "249": 0.5612354551676934, "250": 0.5732802874743326, "251": 0.5635232717316906, "252": 0.5419079397672827, "253": 0.5542282683093771, "254": 0.5646885694729638, "255": 0.5713689253935661, "256": 0.5299743326488706, "257": 0.5231416837782341, "258": 0.5104346338124572, "259": 0.5381553730321698, "260": 0.5505355920602327, "261": 0.5901625598904859, "262": 0.6996013004791239, "263": 0.5620088980150582, "264": 0.623790212183436, "265": 0.5951762491444217, "266": 0.604034907597536, "267": 0.6034736481861739, "268": 0.6149469541409993, "269": 0.6230407255304586, "270": 0.6364476386036961, "271": 0.6262405886379192, "272": 0.6363141683778234, "273": 0.6715947980835044, "274": 0.5674469541409992, "275": 0.5559736481861739, "276": 0.5586293634496919, "277": 0.5481741957563313, "278": 0.5899743326488707, "279": 0.583307665982204, "280": 0.6393292265571526, "281": 0.5397535934291582, "282": 0.5173819301848049, "283": 0.5379757015742642, "284": 0.5312029431895962, "285": 0.4748271731690623, "286": 0.5049743326488706, "287": 0.6708350444900752, "288": 0.7257700205338808, "289": 0.5874007529089664, "290": 0.5813004791238878, "291": 0.6533812457221082, "292": 0.6503011635865845, "293": 0.5366358658453114, "294": 0.5949743326488706, "295": 0.4956279945242984, "296": 0.48748802190280627, "297": 0.4550616016427105,