{"label": 8, "0": 0.6288339920948616, "1": 0.5762977602108037, "2": 0.5924407114624506, "3": 0.5284519104084322, "4": 0.5636429512516469, "5": 0.5484881422924901, "6": 0.5151548089591568, "7": 0.44178194993412384, "8": 0.4865118577075099, "9": 0.4713570487483531, "10": 0.42188076416337283, "11": 0.6346673254281949, "12": 0.6406554677206852, "13": 0.6448221343873518, "14": 0.6448221343873518, "15": 0.6498221343873518, "16": 0.6566436100131752, "17": 0.6641436100131752, "18": 0.6726910408432147, "19": 0.5839525691699605, "20": 0.5737615283267457, "21": 0.36466073781291175, "22": 0.479235836627141, "23": 0.47003293807641633, "24": 0.4590085638998682, "25": 0.4418412384716732, "26": 0.4867720685111989, "27": 0.43061594202898545, "28": 0.44346179183135703, "29": 0.4211034255599473, "30": 0.4190316205533597, "31": 0.4383168642951252, "32": 0.6487483530961792, "33": 0.43616271409749674, "34": 0.40623188405797106, "35": 0.4186495388669301, "36": 0.5150329380764163, "37": 0.6102140974967062, "38": 0.6256785243741765, "39": 0.5992490118577075, "40": 0.5942127799736495, "41": 0.6144993412384717, "42": 0.6061297760210804, "43": 0.5955928853754942, "44": 0.5662615283267457, "45": 0.5516304347826086, "46": 0.39207839262187083, "47": 0.5097364953886693, "48": 0.5384387351778657, "49": 0.5324505928853756, "50": 0.48112648221343873, "51": 0.5392852437417655, "52": 0.3994367588932807, "53": 0.3921146245059288, "54": 0.35188735177865615, "55": 0.45680830039525694, "56": 0.45948616600790515, "57": 0.5738899868247694, "58": 0.5336495388669301, "59": 0.5541534914361002, "60": 0.5683563899868248, "61": 0.5915217391304348, "62": 0.5954743083003953, "63": 0.37837615283267456, "64": 0.5442720685111989, "65": 0.41950922266139656, "66": 0.4082114624505929, "67": 0.364532279314888, "68": 0.36531620553359684, "69": 0.38811594202898547, "70": 0.38083992094861663, "71": 0.3729347826086956, "72": 0.617868906455863, "73": 0.6063801054018445, "74": 0.60066534914361, "75": 0.5596179183135704, "76": 0.593498023715415, "77": 0.6012483530961792, "78": 0.595629117259552, "79": 0.5550823451910408, "80": 0.609927536231884, "81": 0.618975625823452, "82": 0.6318214756258235, "83": 0.655737812911726, "84": 0.6463570487483531, "85": 0.6388570487483531, "86": 0.6340118577075099, "87": 0.63, "88": 0.6097727272727272, "89": 0.6094631093544137, "90": 0.6098320158102767, "91": 0.6120223978919631, "92": 0.5640810276679842, "93": 0.4636725955204216, "94": 0.5872859025032937, "95": 0.6036890645586298, "96": 0.6023913043478261, "97": 0.5764756258234519, "98": 0.5558794466403162, "99": 0.5719993412384716, "100": 0.5043906455862978, "101": 0.49379446640316205, "102": 0.5354743083003952, "103": 0.350197628458498, "104": 0.3679479578392622, "105": 0.38699604743083005, "106": 0.6131291172595521, "107": 0.4368675889328063, "108": 0.4142720685111989, "109": 0.3876646903820817, "110": 0.44928194993412385, "111": 0.4354710144927536, "112": 0.49020092226613965, "113": 0.41384057971014493, "114": 0.510296442687747, "115": 0.5403557312252965, "116": 0.4308036890645587, "117": 0.4483761528326746, "118": 0.46585309617918313, "119": 0.4854018445322793, "120": 0.496366930171278, "121": 0.5025461133069828, "122": 0.5066304347826087, "123": 0.45527997364953887, "124": 0.40395915678524374, "125": 0.5770355731225296, "126": 0.5207246376811594, "127": 0.408731884057971, "128": 0.5047727272727273, "129": 0.5371409749670619, "130": 0.43106719367588936, "131": 0.5318675889328064, "132": 0.496268115942029, "133": 0.4870223978919631, "134": 0.5342490118577075, "135": 0.576376811594203, "136": 0.5953293807641634, "137": 0.4548748353096179, "138": 0.5482213438735178, "139": 0.38882740447957836, "140": 0.6602602108036891, "141": 0.5823451910408433, "142": 0.5190217391304348, "143": 0.4127799736495389, "144": 0.4534848484848485, "145": 0.4632114624505929, "146": 0.6007839262187088, "147": 0.4825658761528327, "148": 0.7001185770750988, "149": 0.6507476943346509, "150": 0.6266040843214756, "151": 0.44521409749670615, "152": 0.7286198945981555, "153": 0.4714262187088274, "154": 0.47964097496706193, "155": 0.48473649538866925, "156": 0.39407773386034256, "157": 0.4693313570487483, "158": 0.45778326745718045, "159": 0.4479018445322793, "160": 0.44150856389986826, "161": 0.4389130434782609, "162": 0.38222002635046115, "163": 0.4475559947299078, "164": 0.6025955204216074, "165": 0.5676054018445322, "166": 0.5524868247694334, "167": 0.5854874835309618, "168": 0.5016666666666667, "169": 0.6065085638998683, "170": 0.632473649538867, "171": 0.6888208168642951, "172": 0.5664953886693017, "173": 0.4805698287220026, "174": 0.5172134387351779, "175": 0.7174769433465086, "176": 0.6742127799736495, "177": 0.48497035573122527, "178": 0.618975625823452, "179": 0.6201778656126482, "180": 0.6233563899868247, "181": 0.6290349143610013, "182": 0.6337845849802372, "183": 0.5998913043478261, "184": 0.5960935441370224, "185": 0.5922957839262187, "186": 0.5651877470355731, "187": 0.4998880105401845, "188": 0.5072134387351779, "189": 0.48310606060606065, "190": 0.4795223978919631, "191": 0.6036890645586298, "192": 0.5310309617918314, "193": 0.4896541501976285, "194": 0.6403557312252964, "195": 0.5368214756258234, "196": 0.5184519104084322, "197": 0.5259881422924901, "198": 0.5266534914361001, "199": 0.7039888010540185, "200": 0.6870125164690382, "201": 0.6661067193675889, "202": 0.590556653491436, "203": 0.538092885375494, "204": 0.6170454545454546, "205": 0.5104249011857708, "206": 0.5388899868247694, "207": 0.5215316205533597, "208": 0.6773089591567852, "209": 0.5280698287220026, "210": 0.5934848484848485, "211": 0.6219499341238471, "212": 0.5663537549407115, "213": 0.50667325428195, "214": 0.5558530961791831, "215": 0.5162088274044796, "216": 0.5458300395256916, "217": 0.5194631093544138, "218": 0.5484749670619236, "219": 0.5457246376811594, "220": 0.5450823451910409, "221": 0.46056982872200264, "222": 0.43497364953886697, "223": 0.41900856389986824, "224": 0.40934123847167325, "225": 0.4079479578392622, "226": 0.42634057971014494, "227": 0.4285770750988142, "228": 0.4485671936758893, "229": 0.4612582345191041, "230": 0.4763899868247694, "231": 0.4878787878787879, "232": 0.4955698287220026, "233": 0.4984749670619236, "234": 0.43570816864295125, "235": 0.5500461133069828, "236": 0.5262252964426877, "237": 0.5565349143610013, "238": 0.5702733860342556, "239": 0.5600230566534914, "240": 0.55816534914361, "241": 0.5730830039525692, "242": 0.5783926218708827, "243": 0.49097496706192356, "244": 0.49773715415019765, "245": 0.5025230566534914, "246": 0.436627140974967, "247": 0.4217457180500659, "248": 0.5495125164690382, "249": 0.6010638998682477, "250": 0.5967984189723321, "251": 0.6108399209486166, "252": 0.5802766798418972, "253": 0.5913010540184453, "254": 0.6023254281949935, "255": 0.6129808959156785, "256": 0.5677404479578392, "257": 0.5571343873517787, "258": 0.546788537549407, "259": 0.572635046113307, "260": 0.5883498023715414, "261": 0.63332674571805, "262": 0.7435507246376811, "263": 0.6025164690382081, "264": 0.6703524374176548, "265": 0.6396607378129118, "266": 0.6371343873517787, "267": 0.6413109354413702, "268": 0.6536561264822134, "269": 0.6614426877470356, "270": 0.6773122529644269, "271": 0.6656686429512516, "272": 0.6753952569169961, "273": 0.7124440052700922, "274": 0.5863339920948616, "275": 0.5756554677206851, "276": 0.5926482213438735, "277": 0.5808234519104084, "278": 0.618264163372859, "279": 0.6134189723320158, "280": 0.6749934123847168, "281": 0.5613339920948617, "282": 0.5443610013175231, "283": 0.5679808959156785, "284": 0.5741963109354413, "285": 0.5023583662714097, "286": 0.540764163372859, "287": 0.7096706192358366, "288": 0.7795191040843215, "289": 0.6150494071146245, "290": 0.6083465085638999, "291": 0.6956818181818182, "292": 0.6927173913043478, "293": 0.5682312252964427, "294": 0.6242523056653491, "295": 0.5214789196310936, "296": 0.513300395256917, "297": 0.49386034255599476, "298": 0.5736363636363636,