{"label": 2, "0": 0.5341438356164383, "1": 0.49312785388127856, "2": 0.5051027397260274, "3": 0.4450456621004566, "4": 0.4822945205479452, "5": 0.4672945205479452, "6": 0.43260273972602736, "7": 0.3402283105022831, "8": 0.4067694063926941, "9": 0.39260273972602744, "10": 0.3392694063926941, "11": 0.5391438356164384, "12": 0.5441438356164383, "13": 0.548310502283105, "14": 0.548310502283105, "15": 0.5524771689497716, "16": 0.558310502283105, "17": 0.5641438356164383, "18": 0.5715525114155251, "19": 0.4989611872146119, "20": 0.48754566210045663, "21": 0.25644977168949773, "22": 0.38447488584474887, "23": 0.37160958904109587, "24": 0.3593607305936073, "25": 0.33754566210045667, "26": 0.39339041095890415, "27": 0.337351598173516, "28": 0.35385844748858447, "29": 0.3261529680365297, "30": 0.3203538812785388, "31": 0.33363013698630134, "32": 0.5411073059360731, "33": 0.333162100456621, "34": 0.29398401826484016, "35": 0.3121232876712329, "36": 0.4197260273972603, "37": 0.5164954337899543, "38": 0.5293036529680366, "39": 0.5046803652968037, "40": 0.4985730593607306, "41": 0.5187214611872146, "42": 0.5092808219178082, "43": 0.4932420091324201, "44": 0.4817123287671233, "45": 0.46859589041095884, "46": 0.2945890410958904, "47": 0.419931506849315, "48": 0.44953196347031965, "49": 0.4425570776255707, "50": 0.37893835616438354, "51": 0.45557077625570774, "52": 0.31374429223744293, "53": 0.2996461187214612, "54": 0.2490068493150685, "55": 0.3799885844748858, "56": 0.3705821917808219, "57": 0.47296803652968034, "58": 0.4124657534246575, "59": 0.466472602739726, "60": 0.47924657534246573, "61": 0.493824200913242, "62": 0.49724885844748856, "63": 0.28613013698630135, "64": 0.4533904109589041, "65": 0.3396917808219178, "66": 0.32907534246575343, "67": 0.27256849315068493, "68": 0.2650228310502283, "69": 0.29941780821917807, "70": 0.28243150684931506, "71": 0.2691324200913242, "72": 0.523162100456621, "73": 0.5111301369863014, "74": 0.5033561643835617, "75": 0.4715639269406393, "76": 0.49610730593607305, "77": 0.5034817351598173, "78": 0.49839041095890413, "79": 0.468013698630137, "80": 0.5132305936073059, "81": 0.5223630136986301, "82": 0.5337785388127854, "83": 0.5544292237442923, "84": 0.5453538812785388, "85": 0.540662100456621, "86": 0.5368036529680364, "87": 0.5337785388127854, "88": 0.5132305936073059, "89": 0.5126141552511416, "90": 0.5128310502283104, "91": 0.5138812785388127, "92": 0.4683333333333334, "93": 0.34429223744292237, "94": 0.5026027397260274, "95": 0.5063812785388128, "96": 0.5049315068493151, "97": 0.4879794520547945, "98": 0.46493150684931506, "99": 0.4840296803652968, "100": 0.4117579908675799, "101": 0.39756849315068493, "102": 0.4452739726027397, "103": 0.2525799086757991, "104": 0.2735958904109589, "105": 0.3008447488584475, "106": 0.5124657534246575, "107": 0.36042237442922376, "108": 0.32857305936073056, "109": 0.3006735159817352, "110": 0.34742009132420093, "111": 0.3271232876712329, "112": 0.39773972602739727, "113": 0.3124885844748858, "114": 0.42156392694063927, "115": 0.45335616438356163, "116": 0.3211415525114155, "117": 0.34261415525114153, "118": 0.36276255707762556, "119": 0.3862100456621005, "120": 0.40061643835616434, "121": 0.4093150684931507, "122": 0.42254566210045663, "123": 0.3467579908675799, "124": 0.3013812785388128, "125": 0.49211187214611873, "126": 0.4307648401826484, "127": 0.29284246575342465, "128": 0.4137557077625571, "129": 0.44610730593607306, "130": 0.32714611872146115, "131": 0.4447146118721461, "132": 0.37552511415525114, "133": 0.3955479452054794, "134": 0.44946347031963474, "135": 0.46236301369863014, "136": 0.4782876712328767, "137": 0.33867579908675793, "138": 0.43190639269406395, "139": 0.2794748858447489, "140": 0.548824200913242, "141": 0.4968949771689498, "142": 0.42768264840182646, "143": 0.3032077625570776, "144": 0.35383561643835615, "145": 0.36494292237442927, "146": 0.502865296803653, "147": 0.37184931506849317, "148": 0.5872716894977169, "149": 0.5367922374429224, "150": 0.5113356164383561, "151": 0.36510273972602736, "152": 0.6163356164383562, "153": 0.37552511415525114, "154": 0.38496575342465755, "155": 0.3921232876712329, "156": 0.2905821917808219, "157": 0.3766324200913242, "158": 0.3618835616438356, "159": 0.3504680365296804, "160": 0.341027397260274, "161": 0.33667808219178086, "162": 0.2704337899543379, "163": 0.3464611872146119, "164": 0.514269406392694, "165": 0.4750570776255708, "166": 0.46480593607305937, "167": 0.496837899543379, "168": 0.41926940639269406, "169": 0.494269406392694, "170": 0.521392694063927, "171": 0.5783219178082192, "172": 0.4481392694063927, "173": 0.38878995433789953, "174": 0.43205479452054796, "175": 0.6076940639269406, "176": 0.5625570776255708, "177": 0.36855022831050227, "178": 0.5223630136986301, "179": 0.5234132420091324, "180": 0.5244634703196347, "181": 0.5283219178082191, "182": 0.5319977168949772, "183": 0.5032648401826484, "184": 0.4990068493150685, "185": 0.49505707762557083, "186": 0.46836757990867584, "187": 0.3928310502283105, "188": 0.4212214611872146, "189": 0.39551369863013697, "190": 0.389189497716895, "191": 0.5063812785388128, "192": 0.42063926940639274, "193": 0.4069292237442922, "194": 0.5359817351598173, "195": 0.4547945205479452, "196": 0.43421232876712323, "197": 0.4442694063926941, "198": 0.4401141552511415, "199": 0.5976940639269406, "200": 0.5832191780821918, "201": 0.5615296803652968, "202": 0.4868264840182649, "203": 0.44302511415525114, "204": 0.5125, "205": 0.41251141552511417, "206": 0.4424429223744292, "207": 0.4185958904109589, "208": 0.5694634703196347, "209": 0.4390981735159817, "210": 0.48488584474885843, "211": 0.5139840182648402, "212": 0.4629109589041096, "213": 0.39558219178082193, "214": 0.4485958904109589, "215": 0.3990410958904109, "216": 0.4451940639269406, "217": 0.43239726027397263, "218": 0.4617808219178082, "219": 0.45826484018264835, "220": 0.4599885844748859, "221": 0.3772146118721461, "222": 0.34885844748858447, "223": 0.32778538812785385, "224": 0.31430365296803653, "225": 0.3090296803652968, "226": 0.3213470319634703, "227": 0.3142009132420091, "228": 0.344337899543379, "229": 0.3605365296803653, "230": 0.37765981735159815, "231": 0.3911415525114155, "232": 0.4015068493150685, "233": 0.40730593607305937, "234": 0.3170091324200913, "235": 0.4607648401826484, "236": 0.44174657534246575, "237": 0.4717465753424657, "238": 0.4847374429223744, "239": 0.47455479452054794, "240": 0.4675228310502283, "241": 0.4878538812785388, "242": 0.4914954337899543, "243": 0.4001141552511416, "244": 0.4083219178082192, "245": 0.41455479452054794, "246": 0.3349200913242009, "247": 0.3204794520547945, "248": 0.4690182648401826, "249": 0.5238013698630137, "250": 0.5126598173515982, "251": 0.5402625570776256, "252": 0.49924657534246575, "253": 0.5118036529680365, "254": 0.523527397260274, "255": 0.5348173515981736, "256": 0.4861643835616438, "257": 0.4863698630136986, "258": 0.47319634703196345, "259": 0.5017351598173516, "260": 0.5142009132420091, "261": 0.554041095890411, "262": 0.640730593607306, "263": 0.5258675799086758, "264": 0.597203196347032, "265": 0.5625228310502283, "266": 0.5550456621004567, "267": 0.548458904109589, "268": 0.5586757990867579, "269": 0.568607305936073, "270": 0.5830479452054795, "271": 0.5712328767123287, "272": 0.5811986301369862, "273": 0.6179794520547945, "274": 0.5045433789954338, "275": 0.494851598173516, "276": 0.5252739726027398, "277": 0.49900684931506845, "278": 0.5354566210045661, "279": 0.5307648401826484, "280": 0.59675799086758, "281": 0.4806849315068493, "282": 0.4793607305936073, "283": 0.5029337899543379, "284": 0.5042808219178082, "285": 0.43197488584474886, "286": 0.46563926940639266, "287": 0.6182534246575342, "288": 0.6922374429223744, "289": 0.5318493150684932, "290": 0.5237671232876713, "291": 0.5999885844748858, "292": 0.5977054794520548, "293": 0.5034246575342466, "294": 0.5415981735159817, "295": 0.4559132420091324, "296": 0.4478881278538813, "297": 0.42220319634703196,