{"label": 3, "0": 0.6250547217010631, "1": 0.5805737961225765, "2": 0.59390712945591, "3": 0.527754846779237, "4": 0.5690118824265166, "5": 0.5515118824265166, "6": 0.5117213883677298, "7": 0.4048889931207005, "8": 0.47515947467166975, "9": 0.4577642276422764, "10": 0.4030784865540963, "11": 0.6300547217010632, "12": 0.6349499687304565, "13": 0.6382833020637899, "14": 0.6382833020637899, "15": 0.6441166353971232, "16": 0.6506785490931832, "17": 0.6590118824265165, "18": 0.6670309568480299, "19": 0.5872404627892432, "20": 0.5759834271419637, "21": 0.3006894934333959, "22": 0.4566838649155722, "23": 0.4434459036898061, "24": 0.4294793621013133, "25": 0.40342714196372736, "26": 0.46637898686679174, "27": 0.3934412132582864, "28": 0.4128267667292057, "29": 0.380931832395247, "30": 0.3773843026891807, "31": 0.39956535334584115, "32": 0.631374296435272, "33": 0.396031894934334, "34": 0.34808005003126957, "35": 0.37278455284552847, "36": 0.5013649155722326, "37": 0.6058786741713571, "38": 0.6201500938086304, "39": 0.5950359599749844, "40": 0.5888836772983115, "41": 0.6079549718574109, "42": 0.5994074421513447, "43": 0.5881410256410257, "44": 0.5693167604752971, "45": 0.5558786741713571, "46": 0.34528924327704813, "47": 0.4978408380237649, "48": 0.5378408380237648, "49": 0.5302360850531582, "50": 0.45665103189493433, "51": 0.5409834271419638, "52": 0.360308005003127, "53": 0.34748436522826764, "54": 0.29132270168855534, "55": 0.4347217010631645, "56": 0.43356472795497186, "57": 0.5670934959349594, "58": 0.4852798624140088, "59": 0.5556597873671044, "60": 0.5693120700437774, "61": 0.5824171357098187, "62": 0.5861694809255784, "63": 0.33164634146341465, "64": 0.5436741713570982, "65": 0.38646966854283926, "66": 0.3736554096310194, "67": 0.322922138836773, "68": 0.31153689806128826, "69": 0.35198874296435273, "70": 0.33017979987492185, "71": 0.31486085053158225, "72": 0.613378674171357, "73": 0.6019121325828642, "74": 0.5941979362101313, "75": 0.5609740462789243, "76": 0.5842933083176985, "77": 0.5932551594746717, "78": 0.5871075672295184, "79": 0.5562883051907441, "80": 0.6029502814258911, "81": 0.6123311444652908, "82": 0.6244215134459037, "83": 0.6483739837398375, "84": 0.6405644152595372, "85": 0.6349405878674171, "86": 0.6283786741713571, "87": 0.6244215134459037, "88": 0.6029502814258911, "89": 0.6026360225140713, "90": 0.6031550969355848, "91": 0.6054455909943715, "92": 0.5603314571607254, "93": 0.40506097560975607, "94": 0.5905737961225765, "95": 0.5955503439649781, "96": 0.5944027517198249, "97": 0.5771263289555972, "98": 0.555864602876798, "99": 0.5736882426516573, "100": 0.49033145716072546, "101": 0.4743792995622264, "102": 0.5341932457786116, "103": 0.29727485928705444, "104": 0.32144621638524074, "105": 0.34561757348342714, "106": 0.6058552220137586, "107": 0.41169793621013134, "108": 0.38930268918073796, "109": 0.35805034396497815, "110": 0.41488899312070043, "111": 0.39372263914946837, "112": 0.4723217636022514, "113": 0.37102251407129455, "114": 0.49888836772983114, "115": 0.5403455284552846, "116": 0.3851704190118824, "117": 0.4129987492182614, "118": 0.436655722326454, "119": 0.4621935584740463, "120": 0.47783145716072545, "121": 0.4878408380237649, "122": 0.5010881801125704, "123": 0.4172560975609756, "124": 0.35643214509068166, "125": 0.5798405253283302, "126": 0.5122170106316448, "127": 0.34276579111944966, "128": 0.49149312070043777, "129": 0.533150406504065, "130": 0.3894652908067542, "131": 0.5310741088180113, "132": 0.44246091307066915, "133": 0.4673217636022514, "134": 0.5338930581613508, "135": 0.5459224515322076, "136": 0.5584224515322076, "137": 0.40506097560975607, "138": 0.5115368980612882, "139": 0.32975140712945594, "140": 0.6384552845528455, "141": 0.5850500312695435, "142": 0.5100218886804253, "143": 0.3631941838649156, "144": 0.42385553470919324, "145": 0.4367792370231395, "146": 0.5930456535334584, "147": 0.44694652908067545, "148": 0.6795121951219513, "149": 0.6226125703564728, "150": 0.59489368355222, "151": 0.4321404002501563, "152": 0.7118214509068168, "153": 0.44814102564102565, "154": 0.4577313946216385, "155": 0.4644027517198249, "156": 0.3437179487179487, "157": 0.4441885553470919, "158": 0.42699343339587237, "159": 0.4139649781113196, "160": 0.40343652282676673, "161": 0.39843183239524704, "162": 0.3164133833646029, "163": 0.41385084427767355, "164": 0.60296904315197, "165": 0.5667979987492183, "166": 0.5531597873671044, "167": 0.586916823014384, "168": 0.4943261413383364, "169": 0.5786413383364604, "170": 0.6081316447779863, "171": 0.6719074421513446, "172": 0.5242464040025016, "173": 0.4594027517198249, "174": 0.5116025641025641, "175": 0.7043214509068167, "176": 0.6504362101313321, "177": 0.43996091307066915, "178": 0.6123311444652908, "179": 0.6136835522201376, "180": 0.617640712945591, "181": 0.6224312070043777, "182": 0.6256550969355847, "183": 0.591902751719825, "184": 0.5882551594746717, "185": 0.5847123202001251, "186": 0.5609505941213259, "187": 0.474041588492808, "188": 0.4992073170731708, "189": 0.46503595997498437, "190": 0.45909318323952475, "191": 0.5955503439649781, "192": 0.5022701688555347, "193": 0.47545966228893055, "194": 0.6280456535334584, "195": 0.5382833020637898, "196": 0.515254846779237, "197": 0.5249499687304565, "198": 0.5239931207004378, "199": 0.69359287054409, "200": 0.6794262038774234, "201": 0.6552454659161976, "202": 0.5772983114446529, "203": 0.5301219512195122, "204": 0.6029315196998124, "205": 0.4930175109443402, "206": 0.5286554096310194, "207": 0.5026985616010007, "208": 0.6638883677298312, "209": 0.5239884302689181, "210": 0.5716651031894934, "211": 0.601883989993746, "212": 0.5519793621013134, "213": 0.47247029393370854, "214": 0.534155722326454, "215": 0.4732989368355222, "216": 0.5350031269543465, "217": 0.5124312070043777, "218": 0.5499312070043777, "219": 0.5466979362101314, "220": 0.5454549718574109, "221": 0.43784083802376483, "222": 0.4034505941213258, "223": 0.38114602876798, "224": 0.3676985616010007, "225": 0.36310819262038774, "226": 0.3834177611006879, "227": 0.37380863039399626, "228": 0.4137367104440275, "229": 0.43280800500312694, "230": 0.4515697310819262, "231": 0.4668933708567855, "232": 0.4776313320825516, "233": 0.4828455284552845, "234": 0.3729752970606629, "235": 0.5500312695434646, "236": 0.5232692307692308, "237": 0.5583739837398374, "238": 0.5725453408380238, "239": 0.5618120700437774, "240": 0.5579502814258912, "241": 0.575254846779237, "242": 0.5795262664165104, "243": 0.4728455284552846, "244": 0.4836835522201376, "245": 0.48910256410256414, "246": 0.3971794871794872, "247": 0.3793605378361476, "248": 0.5520403377110694, "249": 0.605844277673546, "250": 0.5984974984365228, "251": 0.6166103814884303, "252": 0.5782160725453408, "253": 0.5921826141338337, "254": 0.6053158223889932, "255": 0.6156394621638523, "256": 0.564563789868668, "257": 0.5625015634771732, "258": 0.5473874296435272, "259": 0.579906191369606, "260": 0.595120387742339, "261": 0.6360631644777985, "262": 0.7350828642901814, "263": 0.607306128830519, "264": 0.6770293933708568, "265": 0.643886804252658, "266": 0.6424921826141339, "267": 0.6367307692307692, "268": 0.6472498436522827, "269": 0.6548639774859287, "270": 0.6691400875547218, "271": 0.6584021263289556, "272": 0.6675734834271421, "273": 0.7086303939962477, "274": 0.5918308317698562, "275": 0.5829784240150093, "276": 0.6023202001250781, "277": 0.5828924327704815, "278": 0.6200781738586616, "279": 0.6143495934959349, "280": 0.6847060662914322, "281": 0.5663117573483427, "282": 0.5545919324577862, "283": 0.5791869918699187, "284": 0.5819152595372108, "285": 0.5037210756722952, "286": 0.540087554721701, "287": 0.7071779237023139, "288": 0.7684724828017511, "289": 0.6154878048780488, "290": 0.6085021888680425, "291": 0.6850828642901814, "292": 0.6822686053783614, "293": 0.5784631019387116, "294": 0.6249734208880551, "295": 0.5284302689180738, "296": 0.5204111944965604, "297": 0.4957348342714196, "298": 0.5824296435272045,