{"label": 9, "0": 0.534466610073571, "1": 0.5019977362761743, "2": 0.513664402942841, "3": 0.4602065647990945, "4": 0.49201329937747595, "5": 0.4778466327108093, "6": 0.44621109224674593, "7": 0.37498160724391627, "8": 0.4228933220147142, "9": 0.4095599886813809, "10": 0.3645911148839841, "11": 0.5386332767402376, "12": 0.5436332767402376, "13": 0.5469666100735711, "14": 0.5469666100735711, "15": 0.5511332767402377, "16": 0.5552999434069044, "17": 0.5611332767402377, "18": 0.5727843803056027, "19": 0.5078310696095076, "20": 0.49849320882852294, "21": 0.30182795698924736, "22": 0.4079173740803622, "23": 0.3994128466327108, "24": 0.39009054895302775, "25": 0.37322156196943973, "26": 0.41305744199207695, "27": 0.3651994906621392, "28": 0.3762195812110922, "29": 0.3575127334465195, "30": 0.3565704584040747, "31": 0.37055036785512163, "32": 0.5512195812110923, "33": 0.36825268817204304, "34": 0.3375056593095642, "35": 0.35201471420486696, "36": 0.4435950764006791, "37": 0.5200820599886814, "38": 0.532597623089983, "39": 0.5123486134691568, "40": 0.5080263157894737, "41": 0.5240930956423316, "42": 0.5172863610639502, "43": 0.5111106395019808, "44": 0.4926754385964912, "45": 0.4818265421618563, "46": 0.3346703452178834, "47": 0.43898415393322016, "48": 0.46808856819468025, "49": 0.46140633842671197, "50": 0.4122170345217883, "51": 0.4693421052631579, "52": 0.34507498585172613, "53": 0.3365082059988681, "54": 0.295363610639502, "55": 0.3941553480475382, "56": 0.390557441992077, "57": 0.4943039049235993, "58": 0.43920345217883416, "59": 0.4815619694397284, "60": 0.49253537068477643, "61": 0.5070373514431239, "62": 0.5095840407470289, "63": 0.32643039049235995, "64": 0.4722396717600453, "65": 0.3637351443123939, "66": 0.3545373514431239, "67": 0.3135950764006791, "68": 0.31130588568194684, "69": 0.33617289190718735, "70": 0.32456140350877194, "71": 0.3144368986983588, "72": 0.5259153933220148, "73": 0.5173797396717601, "74": 0.5130730050933786, "75": 0.4857597623089983, "76": 0.5087351443123939, "77": 0.5138129598189021, "78": 0.5112818336162988, "79": 0.48248868138087153, "80": 0.5206508205998868, "81": 0.5274575551782683, "82": 0.536795415959253, "83": 0.5583687040181098, "84": 0.5475664968873797, "85": 0.5434153933220147, "86": 0.5392642897566496, "87": 0.535946519524618, "88": 0.5206508205998868, "89": 0.5206196943972835, "90": 0.5205730050933786, "91": 0.522208545557442, "92": 0.4887040181097906, "93": 0.37907894736842107, "94": 0.5103310696095077, "95": 0.5163907753254102, "96": 0.5155263157894736, "97": 0.49924872665534803, "98": 0.4823019241652518, "99": 0.4967331635540464, "100": 0.43378183361629885, "101": 0.42431946802490095, "102": 0.464708545557442, "103": 0.29815930956423314, "104": 0.31743491794001133, "105": 0.33586162988115453, "106": 0.5254329371816638, "107": 0.37995755517826824, "108": 0.35994199207696664, "109": 0.33487973967176005, "110": 0.3816327108092813, "111": 0.367014714204867, "112": 0.4164997170345218, "113": 0.35139926428975665, "114": 0.43827532541029995, "115": 0.4690308432371251, "116": 0.3626146010186757, "117": 0.38045698924731186, "118": 0.3973571024335031, "119": 0.4143661573288059, "120": 0.4229329371816638, "121": 0.42811969439728353, "122": 0.4385243350311262, "123": 0.3859634974533107, "124": 0.34124363327674023, "125": 0.5019043576683644, "126": 0.4489841539332201, "127": 0.33411007357102435, "128": 0.4316086587436333, "129": 0.4646929824561403, "130": 0.3648415393322015, "131": 0.46236417657045836, "132": 0.4066100735710243, "133": 0.4123330503678551, "134": 0.46501980758347483, "135": 0.48457696661007355, "136": 0.49707696661007356, "137": 0.378276740237691, "138": 0.45769241652518394, "139": 0.32429683078664406, "140": 0.5595062252405207, "141": 0.5052532541029995, "142": 0.44797962648556877, "143": 0.3443435200905489, "144": 0.38595500848896436, "145": 0.39442840973401244, "146": 0.5137818336162988, "147": 0.4076301641199773, "148": 0.5931819468024901, "149": 0.5484394453876626, "150": 0.5256904357668365, "151": 0.38624221844934914, "152": 0.6186021505376345, "153": 0.40123514431239393, "154": 0.40719298245614033, "155": 0.4106196943972835, "156": 0.33193689869835885, "157": 0.3971929824561403, "158": 0.38537068477645725, "159": 0.3777306168647425, "160": 0.37175721561969444, "161": 0.36916383701188454, "162": 0.3150367855121675, "163": 0.3800438596491228, "164": 0.5211488398415394, "165": 0.49305744199207696, "166": 0.4798953027730617, "167": 0.5083998302207131, "168": 0.4345444255800792, "169": 0.5114926428975665, "170": 0.5350749858517261, "171": 0.5856819468024901, "172": 0.4702079796264856, "173": 0.4072863610639502, "174": 0.44839983022071306, "175": 0.6102688172043012, "176": 0.5703706847764572, "177": 0.4041411997736276, "178": 0.5274575551782683, "179": 0.5290930956423316, "180": 0.530728636106395, "181": 0.5348797396717601, "182": 0.5414685908319186, "183": 0.5130107526881721, "184": 0.5096307300509337, "185": 0.5070996038483305, "186": 0.48939728353140916, "187": 0.42621250707413694, "188": 0.43841539332201473, "189": 0.4124731182795699, "190": 0.4073641765704584, "191": 0.5163907753254102, "192": 0.4486502546689304, "193": 0.4209620826259196, "194": 0.5463440860215054, "195": 0.4670288624787776, "196": 0.44935766836445956, "197": 0.4570288624787776, "198": 0.457426428975665, "199": 0.5986021505376344, "200": 0.5844354838709678, "201": 0.5666242218449349, "202": 0.505074985851726, "203": 0.4645373514431239, "204": 0.5261106395019808, "205": 0.43996604414261464, "206": 0.46435059422750424, "207": 0.4472792869269949, "208": 0.5757130730050933, "209": 0.4564685908319185, "210": 0.5032371250707414, "211": 0.5276372382569327, "212": 0.48410158460667796, "213": 0.4276612903225806, "214": 0.47303480475382004, "215": 0.42920345217883416, "216": 0.4700282965478212, "217": 0.4482753254102999, "218": 0.47742642897566495, "219": 0.4748174872665535, "220": 0.47417091114883986, "221": 0.3948486134691568, "222": 0.37290181097906056, "223": 0.35848613469156765, "224": 0.349950481041313, "225": 0.3473104131295982, "226": 0.3597014714204867, "227": 0.355776740237691, "228": 0.3798104131295982, "229": 0.39248160724391623, "230": 0.40521505376344086, "231": 0.4145996038483305, "232": 0.4206041312959819, "233": 0.4248953027730617, "234": 0.35576117713638933, "235": 0.4781508205998868, "236": 0.4567176004527448, "237": 0.4850509337860781, "238": 0.49514431239388795, "239": 0.48671760045274476, "240": 0.4840308432371251, "241": 0.4976754385964912, "242": 0.5010243350311262, "243": 0.41656196943972834, "244": 0.4241553480475382, "245": 0.4300509337860781, "246": 0.3682838143746463, "247": 0.3573259762308998, "248": 0.4780178268251274, "249": 0.5141228070175439, "250": 0.5171689303904924, "251": 0.5147764572722128, "252": 0.49530701754385964, "253": 0.506311544991511, "254": 0.5148005093378608, "255": 0.5225339558573854, "256": 0.4851669496321449, "257": 0.4805871533672892, "258": 0.4703848330503678, "259": 0.49242501414827394, "260": 0.5033828522920203, "261": 0.5368406904357668, "262": 0.6309847198641765, "263": 0.5150339558573854, "264": 0.5640520656479909, "265": 0.5412096774193549, "266": 0.5462492925863045, "267": 0.5463822863610639, "268": 0.5555178268251273, "269": 0.5632823995472552, "270": 0.576771363893605, "271": 0.5665379173740803, "272": 0.5758446519524618, "273": 0.6069736842105263, "274": 0.510486700622524, "275": 0.5013511601584607, "276": 0.50946519524618, "277": 0.49922467458970005, "278": 0.53342246745897, "279": 0.5284380305602716, "280": 0.5751117713638936, "281": 0.4888511601584607, "282": 0.4740605546123373, "283": 0.4909606677985286, "284": 0.4871052631578947, "285": 0.44078239954725523, "286": 0.4660469722693832, "287": 0.6062959818902094, "288": 0.6547142048670063, "289": 0.5307668364459536, "290": 0.5256267685342388, "291": 0.5936092246745897, "292": 0.5919114318053198, "293": 0.4910696095076401, "294": 0.5384224674589699, "295": 0.4570670628183362, "296": 0.4504315223542728,