{"label": 5, "0": 0.5936533196440794, "1": 0.5564801505817933, "2": 0.5677600958247775, "3": 0.5114065708418891, "4": 0.5466735112936345, "5": 0.5335335386721424, "6": 0.4995602327173169, "7": 0.39099760438056125, "8": 0.4749469541409993, "9": 0.4626403148528405, "10": 0.41905373032169746, "11": 0.5986533196440794, "12": 0.6044866529774127, "13": 0.6076266255989049, "14": 0.6076266255989049, "15": 0.6117932922655716, "16": 0.6165999315537303, "17": 0.6224332648870636, "18": 0.6315999315537303, "19": 0.5631468172484599, "20": 0.5489664613278576, "21": 0.3064630390143737, "22": 0.43859856262833674, "23": 0.4271115674195757, "24": 0.4139579055441478, "25": 0.3890041067761807, "26": 0.4471988364134155, "27": 0.38903148528405207, "28": 0.4059052019164956, "29": 0.37549110198494184, "30": 0.3702241615331965, "31": 0.38521047227926075, "32": 0.5921851471594798, "33": 0.38253080082135527, "34": 0.33894934976043806, "35": 0.36147672826830934, "36": 0.4785249828884326, "37": 0.5767796030116359, "38": 0.5911396303901437, "39": 0.5663791923340178, "40": 0.5611122518822724, "41": 0.5806793292265572, "42": 0.5720790554414784, "43": 0.5547450376454484, "44": 0.54435318275154, "45": 0.5324931553730322, "46": 0.3429637234770705, "47": 0.47977241615331967, "48": 0.5118856947296373, "49": 0.5050256673511293, "50": 0.4359839151266256, "51": 0.521213210130048, "52": 0.3643446269678302, "53": 0.3490041067761807, "54": 0.30539014373716633, "55": 0.4351728268309377, "56": 0.42489219712525667, "57": 0.536531485284052, "58": 0.4468360711841205, "59": 0.5277926078028747, "60": 0.5413928815879535, "61": 0.5571252566735113, "62": 0.5602053388090349, "63": 0.33534394250513344, "64": 0.516692334017796, "65": 0.39065195071868586, "66": 0.381291923340178, "67": 0.34205167693360716, "68": 0.3237970568104038, "69": 0.36654517453798763, "70": 0.3305835044490075, "71": 0.32153661875427786, "72": 0.5834462696783025, "73": 0.573432580424367, "74": 0.5666923340177961, "75": 0.5333726899383984, "76": 0.5591786447638604, "77": 0.5659787816563997, "78": 0.5622587268993839, "79": 0.5299794661190965, "80": 0.5757991101984942, "81": 0.5842060232717317, "82": 0.5954996577686515, "83": 0.6124794661190965, "84": 0.6061995208761122, "85": 0.6005595482546201, "86": 0.5976129363449691, "87": 0.5944729637234771, "88": 0.5757991101984942, "89": 0.5754123887748117, "90": 0.5748323066392882, "91": 0.5761122518822723, "92": 0.5331519507186858, "93": 0.3799024640657084, "94": 0.5646201232032855, "95": 0.5686122518822725, "96": 0.56822553045859, "97": 0.5504996577686516, "98": 0.5282991101984942, "99": 0.5459462696783025, "100": 0.4720653661875428, "101": 0.4561447638603696, "102": 0.5077789185489391, "103": 0.31483744010951403, "104": 0.33721765913757695, "105": 0.3519045174537988, "106": 0.5716786447638604, "107": 0.41811943874058866, "108": 0.4010660506502396, "109": 0.3763193018480493, "110": 0.4001642710472279, "111": 0.37814339493497606, "112": 0.4527190280629706, "113": 0.36187713894592743, "114": 0.482539356605065, "115": 0.5150992470910336, "116": 0.37107631759069126, "117": 0.3957169746748802, "118": 0.41817077344284737, "119": 0.4431981519507187, "120": 0.45834531143052704, "121": 0.46669233401779603, "122": 0.4878798767967146, "123": 0.3962696783025325, "124": 0.34994353182751536, "125": 0.5551266255989048, "126": 0.49163244353182756, "127": 0.33278918548939085, "128": 0.47298596851471597, "129": 0.5075855578370979, "130": 0.376370636550308, "131": 0.5084325804243669, "132": 0.4094558521560575, "133": 0.44938569472963724, "134": 0.5130595482546202, "135": 0.5059702258726899, "136": 0.5153901437371663, "137": 0.38253593429158106, "138": 0.4739031485284052, "139": 0.3285763175906913, "140": 0.5987183436002738, "141": 0.5586533196440794, "142": 0.48847878165639974, "143": 0.3508230663928816, "144": 0.40748459958932237, "145": 0.42044490075290897, "146": 0.5655920602327174, "147": 0.4208230663928816, "148": 0.6398323066392881, "149": 0.5800444900752909, "150": 0.5507306639288159, "151": 0.4403336755646817, "152": 0.6749931553730322, "153": 0.43071184120465433, "154": 0.4391187542778918, "155": 0.4463056125941136, "156": 0.33800992470910335, "157": 0.4307854209445585, "158": 0.4153251197809719, "159": 0.4033915126625599, "160": 0.3929312114989733, "161": 0.38741101984941817, "162": 0.31600273785078714, "163": 0.398631074606434, "164": 0.5767334017796031, "165": 0.5388056125941136, "166": 0.5263193018480492, "167": 0.5592796030116358, "168": 0.48808692676249144, "169": 0.5373973305954826, "170": 0.5665177960301164, "171": 0.631692334017796, "172": 0.48248973305954823, "173": 0.4429722792607803, "174": 0.49613963039014375, "175": 0.6676865160848734, "176": 0.6087183436002738, "177": 0.4095893223819302, "178": 0.5842060232717317, "179": 0.5844592744695414, "180": 0.586572553045859, "181": 0.5905458590006845, "182": 0.5918856947296373, "183": 0.56572553045859, "184": 0.561812114989733, "185": 0.5589253935660506, "186": 0.5328850102669405, "187": 0.4488569472963724, "188": 0.4853062970568104, "189": 0.4535660506502396, "190": 0.4441324435318275, "191": 0.5686122518822725, "192": 0.46936344969199184, "193": 0.4669130732375085, "194": 0.5905920602327173, "195": 0.5210335386721423, "196": 0.49954654346338123, "197": 0.5112268993839836, "198": 0.5023459958932238, "199": 0.656213210130048, "200": 0.6430732375085557, "201": 0.617985968514716, "202": 0.541651266255989, "203": 0.50443189596167, "204": 0.5658316221765913, "205": 0.4704911019849418, "206": 0.502944900752909, "207": 0.4754774127310062, "208": 0.6241324435318275, "209": 0.5007991101984942, "210": 0.5339442162902122, "211": 0.5628713210130047, "212": 0.519271047227926, "213": 0.44287645448323065, "214": 0.4999572210814511, "215": 0.4390828199863107, "216": 0.506651266255989, "217": 0.4943993839835729, "218": 0.5242060232717317, "219": 0.5193258042436688, "220": 0.5228661875427789, "221": 0.43182580424366873, "222": 0.40129192334017794, "223": 0.37928473648186173, "224": 0.3663843258042436, "225": 0.3590639972621492, "226": 0.37046372347707046, "227": 0.35734257357973986, "228": 0.39739733059548255, "229": 0.4149110198494182, "230": 0.4342248459958932, "231": 0.44712525667351133, "232": 0.4579722792607803, "233": 0.4647125256673511, "234": 0.3549024640657084, "235": 0.5234924709103355, "236": 0.5051129363449692, "237": 0.5334462696783026, "238": 0.5472997946611909, "239": 0.5359462696783025, "240": 0.5317659137577002, "241": 0.5501865160848733, "242": 0.5537132101300479, "243": 0.4545191649555099, "244": 0.46606605065023954, "245": 0.4738928815879535, "246": 0.3849709103353867, "247": 0.3698973305954826, "248": 0.5348271731690623, "249": 0.5927960301163586, "250": 0.5742470910335387, "251": 0.6069438740588637, "252": 0.5643617385352498, "253": 0.5764887063655031, "254": 0.5896423682409309, "255": 0.6029295003422314, "256": 0.5515947980835044, "257": 0.5513689253935661, "258": 0.5378285420944559, "259": 0.569075975359343, "260": 0.5833162217659138, "261": 0.6221697467488021, "262": 0.7008812457221081, "263": 0.5954295003422313, "264": 0.6579106776180699, "265": 0.631736824093087, "266": 0.6164151266255989, "267": 0.6073870636550308, "268": 0.6176403148528405, "269": 0.628427446954141, "270": 0.6435010266940451, "271": 0.630600616016427, "272": 0.6423408624229979, "273": 0.6765947980835044, "274": 0.5686071184120466, "275": 0.5608538672142368, "276": 0.5932700205338809, "277": 0.5628011635865846, "278": 0.5961344969199178, "279": 0.5921611909650923, "280": 0.6558761122518824, "281": 0.5475205338809035, "282": 0.5472159479808351, "283": 0.5703097193702943, "284": 0.5766769336071185, "285": 0.4955544147843942, "286": 0.5305082135523614, "287": 0.6776950718685831, "288": 0.7378234086242299, "289": 0.5917008898015058, "290": 0.5839339493497604, "291": 0.6629346338124573, "292": 0.6590212183436003, "293": 0.5733299110198494, "294": 0.6009411362080767, "295": 0.521935318275154, "296": 0.5175154004106777, "297": 0.5019490075290897, "298": 0.57782340862423,