{"label": 8, "0": 0.5843664506839452, "1": 0.5569258459323254, "2": 0.5655993520518359, "3": 0.5122066234701224, "4": 0.5471724262059035, "5": 0.5330057595392368, "6": 0.4996724262059035, "7": 0.4068592512598992, "8": 0.47300575953923685, "9": 0.45991900647948164, "10": 0.4162455003599712, "11": 0.5882865370770338, "12": 0.5932865370770338, "13": 0.5966198704103671, "14": 0.5966198704103671, "15": 0.6007865370770338, "16": 0.6066198704103671, "17": 0.611373290136789, "18": 0.621033117350612, "19": 0.5616792656587473, "20": 0.5489668826493881, "21": 0.31104391648668106, "22": 0.4460169186465083, "23": 0.43629769618430525, "24": 0.4244186465082793, "25": 0.4034665226781857, "26": 0.4532361411087113, "27": 0.4013912886969042, "28": 0.4160169186465083, "29": 0.39201223902087834, "30": 0.3875395968322534, "31": 0.39800755939524834, "32": 0.5882703383729302, "33": 0.398959683225342, "34": 0.3465712742980561, "35": 0.3723956083513319, "36": 0.48105111591072713, "37": 0.566747660187185, "38": 0.5794942404607631, "39": 0.5549622030237581, "40": 0.5494096472282217, "41": 0.5686951043916486, "42": 0.5598092152627789, "43": 0.5509575233981281, "44": 0.5452933765298776, "45": 0.5342134629229661, "46": 0.3591810655147588, "47": 0.4830489560835133, "48": 0.5136357091432685, "49": 0.5067224622030237, "50": 0.4405075593952483, "51": 0.5219600431965443, "52": 0.37932505399568034, "53": 0.3651331893448524, "54": 0.30699604031677463, "55": 0.4400809935205184, "56": 0.4307361411087113, "57": 0.5320716342692584, "58": 0.4571238300935925, "59": 0.5289416846652267, "60": 0.5419942404607632, "61": 0.5461105111591072, "62": 0.5482703383729302, "63": 0.34982721382289417, "64": 0.5175557955363571, "65": 0.4028365730741541, "66": 0.39258999280057594, "67": 0.34256479481641466, "68": 0.325048596112311, "69": 0.36654427645788334, "70": 0.3433819294456444, "71": 0.3257631389488841, "72": 0.5734143268538516, "73": 0.5632019438444924, "74": 0.5551493880489561, "75": 0.5338480921526279, "76": 0.5471904247660188, "77": 0.5542566594672427, "78": 0.5504301655867531, "79": 0.5312544996400288, "80": 0.5636357091432685, "81": 0.5722750179985601, "82": 0.583907487401008, "83": 0.6040010799136069, "84": 0.5965010799136069, "85": 0.5898344132469402, "86": 0.5869942404607631, "87": 0.583907487401008, "88": 0.5636357091432685, "89": 0.5639758819294456, "90": 0.5632361411087112, "91": 0.5644096472282217, "92": 0.5299370050395968, "93": 0.39166486681065515, "94": 0.5641792656587473, "95": 0.5579895608351332, "96": 0.5555831533477321, "97": 0.5504805615550756, "98": 0.5285421166306695, "99": 0.5458207343412527, "100": 0.47484341252699785, "101": 0.4590784737221022, "102": 0.5095626349892008, "103": 0.3155075593952484, "104": 0.3366468682505399, "105": 0.3666720662347012, "106": 0.5656767458603311, "107": 0.42375449964002876, "108": 0.39952843772498203, "109": 0.374622030237581, "110": 0.41219942404607635, "111": 0.3903887688984881, "112": 0.4580489560835133, "113": 0.37742080633549313, "114": 0.48526817854571636, "115": 0.5170284377249821, "116": 0.3795302375809935, "117": 0.4086879049676026, "118": 0.4301331893448524, "119": 0.4522246220302376, "120": 0.46425665946724265, "121": 0.47221562275018003, "122": 0.4892134629229662, "123": 0.40419006479481645, "124": 0.3638750899928006, "125": 0.5543664506839453, "126": 0.4941288696904248, "127": 0.34200503959683226, "128": 0.476934845212383, "129": 0.5090694744420446, "130": 0.3924802015838733, "131": 0.5103617710583153, "132": 0.42181785457163423, "133": 0.45363570914326856, "134": 0.5144942404607631, "135": 0.5104481641468682, "136": 0.5218682505399568, "137": 0.3924046076313895, "138": 0.48008279337652987, "139": 0.3343772498200144, "140": 0.5939506839452844, "141": 0.5579463642908566, "142": 0.4897498200143988, "143": 0.36085673146148306, "144": 0.420991720662347, "145": 0.4304643628509719, "146": 0.5537634989200864, "147": 0.42801655867530597, "148": 0.6318754499640029, "149": 0.5794186465082793, "150": 0.5538066954643629, "151": 0.4384989200863931, "152": 0.661373290136789, "153": 0.4391036717062635, "154": 0.44499640028797693, "155": 0.4503959683225342, "156": 0.3484161267098632, "157": 0.437496400287977, "158": 0.4244438444924406, "159": 0.4149712023038157, "160": 0.40799856011519076, "161": 0.40318574514038874, "162": 0.32132469402447805, "163": 0.4128455723542117, "164": 0.5728527717782578, "165": 0.5370626349892009, "166": 0.5275215982721382, "167": 0.5574874010079194, "168": 0.4871724262059035, "169": 0.5399802015838733, "170": 0.5664254859611231, "171": 0.6243754499640028, "172": 0.49091612670986323, "173": 0.44814254859611236, "174": 0.49640748740100793, "175": 0.653873290136789, "176": 0.605277177825774, "177": 0.4200575953923686, "178": 0.5722750179985601, "179": 0.5734485241180706, "180": 0.5754553635709143, "181": 0.5802087832973363, "182": 0.5836357091432686, "183": 0.5530831533477322, "184": 0.550089992800576, "185": 0.5470968322534198, "186": 0.5285511159107271, "187": 0.45220842332613387, "188": 0.4864074874010079, "189": 0.4555147588192945, "190": 0.44854211663066956, "191": 0.5571562275017998, "192": 0.47372210223182143, "193": 0.4684737221022318, "194": 0.5858297336213103, "195": 0.5213390928725702, "196": 0.501126709863211, "197": 0.5113390928725702, "198": 0.504434845212383, "199": 0.6441198704103672, "200": 0.6326997840172786, "201": 0.6102681785457164, "202": 0.5391720662347013, "203": 0.5046904247660188, "204": 0.5621310295176386, "205": 0.4721994240460763, "206": 0.5017314614830813, "207": 0.476740460763139, "208": 0.6165352771778257, "209": 0.5024622030237581, "210": 0.5347930165586754, "211": 0.5618250539956804, "212": 0.5180327573794097, "213": 0.4485097192224622, "214": 0.5015874730021598, "215": 0.4482037437005039, "216": 0.5050989920806335, "217": 0.49526817854571636, "218": 0.5263480921526278, "219": 0.5212886969042476, "220": 0.524247660187185, "221": 0.437122030237581, "222": 0.4123434125269978, "223": 0.39447804175665946, "224": 0.3818592512598992, "225": 0.3749802015838733, "226": 0.38418106551475883, "227": 0.3669114470842333, "228": 0.40973362131029517, "229": 0.4271058315334773, "230": 0.443304535637149, "231": 0.45484341252699784, "232": 0.462309215262779, "233": 0.4673686105111591, "234": 0.3653383729301656, "235": 0.524622030237581, "236": 0.5064074874010079, "237": 0.5349874010079194, "238": 0.5473002159827214, "239": 0.5374874010079194, "240": 0.5301151907847372, "241": 0.5502933765298776, "242": 0.5538732901367891, "243": 0.4590352771778258, "244": 0.46801475881929444, "245": 0.47616090712742976, "246": 0.40053275737940963, "247": 0.38606011519078476, "248": 0.5335583153347732, "249": 0.5822390208783297, "250": 0.5724784017278617, "251": 0.5965154787616991, "252": 0.5554283657307415, "253": 0.5689740820734341, "254": 0.5806065514758819, "255": 0.5915586753059755, "256": 0.5451223902087833, "257": 0.545700143988481, "258": 0.531661267098632, "259": 0.5611591072714183, "260": 0.5745518358531317, "261": 0.6104445644348453, "262": 0.684476241900648, "263": 0.5848920086393088, "264": 0.6458351331893448, "265": 0.6186501079913607, "266": 0.6099946004319654, "267": 0.5975719942404607, "268": 0.6070788336933046, "269": 0.617690784737221, "270": 0.6324100071994241, "271": 0.6197912167026638, "272": 0.6320104391648669, "273": 0.6612023038156948, "274": 0.5666450683945284, "275": 0.5588048956083513, "276": 0.5832505399568034, "277": 0.5579031677465802, "278": 0.5914830813534917, "279": 0.5867296616270699, "280": 0.6464650827933766, "281": 0.5454715622750179, "282": 0.540419366450684, "283": 0.562451403887689, "284": 0.5665496760259179, "285": 0.4944168466522678, "286": 0.5247822174226062, "287": 0.6625881929445645, "288": 0.7228167746580274, "289": 0.5867638588912887, "290": 0.5806245500359971, "291": 0.6526223902087833, "292": 0.6485493160547156, "293": 0.5630975521958244, "294": 0.5956497480201584, "295": 0.5171544276457883, "296": 0.5128941684665227, "297": 0.49560655147588195, "298": 0.5684035277177826,