{"label": 4, "0": 0.5657269914926527, "1": 0.5462006960556844, "2": 0.5527204176334106, "3": 0.5049265274555298, "4": 0.5362006960556844, "5": 0.5237006960556845, "6": 0.4945340293890178, "7": 0.39589327146171693, "8": 0.4731941221964424, "9": 0.46069412219644235, "10": 0.41968097447795827, "11": 0.5695668986852281, "12": 0.5762335653518948, "13": 0.5812335653518947, "14": 0.5800734725444703, "15": 0.5859068058778036, "16": 0.5925734725444702, "17": 0.5980800464037123, "18": 0.6089133797370456, "19": 0.5500406032482599, "20": 0.5372795823665893, "21": 0.3103557617942769, "22": 0.4423627223511214, "23": 0.4284416086620263, "24": 0.41401392111368907, "25": 0.39309938128383604, "26": 0.4534570765661253, "27": 0.3961214230471771, "28": 0.4140293890177881, "29": 0.3830336426914153, "30": 0.37708623356535187, "31": 0.38733178654292344, "32": 0.575516241299304, "33": 0.3887529002320186, "34": 0.34306844547563803, "35": 0.36674400618716163, "36": 0.4725754060324826, "37": 0.548145784996133, "38": 0.5634725444702242, "39": 0.5385711523588554, "40": 0.5347969837587008, "41": 0.553538283062645, "42": 0.5475908739365816, "43": 0.5377223511214231, "44": 0.5337664346481052, "45": 0.5245997679814385, "46": 0.3493580819798917, "47": 0.4759242072699149, "48": 0.5019373549883991, "49": 0.4957772621809745, "50": 0.4334590100541377, "51": 0.5129331013147718, "52": 0.36984725444702243, "53": 0.3546191028615623, "54": 0.3090970610982212, "55": 0.4403518948182521, "56": 0.4317904098994586, "57": 0.5204350348027842, "58": 0.4428557617942769, "59": 0.5162180974477958, "60": 0.5299922660479505, "61": 0.5380162412993039, "62": 0.5406631863882444, "63": 0.3418252126836814, "64": 0.5049439288476412, "65": 0.3978692962103635, "66": 0.387215777262181, "67": 0.3459416086620263, "68": 0.32671113689095127, "69": 0.36956883217324055, "70": 0.33707076566125294, "71": 0.3257965970610982, "72": 0.555645784996133, "73": 0.5458913379737046, "74": 0.5416105955143078, "75": 0.5213650425367363, "76": 0.5383430007733951, "77": 0.5449767981438516, "78": 0.5409899458623356, "79": 0.51984532095901, "80": 0.5515777262180974, "81": 0.5591918020108275, "82": 0.5687993039443155, "83": 0.5929988399071926, "84": 0.5833255993812838, "85": 0.5769856921887084, "86": 0.5723124516627996, "87": 0.5696326372776488, "88": 0.5515777262180974, "89": 0.5517575406032482, "90": 0.5527706883217324, "91": 0.5534570765661253, "92": 0.5180162412993039, "93": 0.3806013147718484, "94": 0.5513805104408352, "95": 0.5462838360402166, "96": 0.545630317092034, "97": 0.5368058778035576, "98": 0.5154176334106728, "99": 0.5328190255220417, "100": 0.4670030935808198, "101": 0.45278808971384377, "102": 0.49762374323279196, "103": 0.31979891724671305, "104": 0.34074632637277646, "105": 0.35886697602474865, "106": 0.5539965197215777, "107": 0.423538283062645, "108": 0.4028847641144625, "109": 0.3794044856921887, "110": 0.4022331786542923, "111": 0.37859048723897915, "112": 0.45907772621809745, "113": 0.3673317865429234, "114": 0.478538283062645, "115": 0.5070514307811291, "116": 0.3744895591647332, "117": 0.3933778035576179, "118": 0.413785769528229, "119": 0.43963457076566126, "120": 0.45602281515854604, "121": 0.46693735498839906, "122": 0.4845997679814385, "123": 0.3964829853054911, "124": 0.3560576179427688, "125": 0.542246713070379, "126": 0.48625096674400614, "127": 0.33726798143851505, "128": 0.473538283062645, "129": 0.4972969837587007, "130": 0.3829524361948956, "131": 0.5000580046403713, "132": 0.40940835266821346, "133": 0.45690448569218867, "134": 0.5058255993812838, "135": 0.4958449342614076, "136": 0.5060247486465583, "137": 0.3827416860015468, "138": 0.4671036349574632, "139": 0.3331825212683681, "140": 0.5805491105955143, "141": 0.5459068058778036, "142": 0.4813167053364269, "143": 0.35764307811291574, "144": 0.41050077339520497, "145": 0.42460170146945087, "146": 0.5451566125290024, "147": 0.41796983758700695, "148": 0.6187509667440062, "149": 0.5648143851508121, "150": 0.5382463263727765, "151": 0.439354215003867, "152": 0.6490931941221965, "153": 0.4362026295436968, "154": 0.44581013147718485, "155": 0.4530974477958236, "156": 0.34511020881670534, "157": 0.4386368909512761, "158": 0.4233758700696056, "159": 0.41126836813611756, "160": 0.40050077339520496, "161": 0.39437354988399076, "162": 0.31940835266821344, "163": 0.4018735498839907, "164": 0.5602204176334107, "165": 0.5237838360402165, "166": 0.5157115235885538, "167": 0.5428190255220418, "168": 0.48370069605568444, "169": 0.5265796597061099, "170": 0.5528209590100541, "171": 0.6115777262180975, "172": 0.476776875483372, "173": 0.4509242072699149, "174": 0.49031902552204176, "175": 0.6419199535962877, "176": 0.5908758700696056, "177": 0.4090487238979118, "178": 0.5591918020108275, "179": 0.561038283062645, "180": 0.5637180974477959, "181": 0.5680645784996133, "182": 0.5717575406032482, "183": 0.5439636504253673, "184": 0.5388167053364269, "185": 0.5345030935808198, "186": 0.5159087393658159, "187": 0.44269141531322503, "188": 0.4811523588553751, "189": 0.4578518948182521, "190": 0.45139791183294664, "191": 0.5462838360402166, "192": 0.46138437741686, "193": 0.46861948955916477, "194": 0.5724767981438514, "195": 0.5137006960556845, "196": 0.4945997679814385, "197": 0.5045340293890178, "198": 0.49520494972931167, "199": 0.6322467130703789, "200": 0.6197467130703789, "201": 0.5971983758700696, "202": 0.5271345707656612, "203": 0.49435614849187937, "204": 0.5498955916473318, "205": 0.46368716163959783, "206": 0.49159512761020885, "207": 0.4667594740912606, "208": 0.6050580046403713, "209": 0.49291763341067285, "210": 0.5207134570765661, "211": 0.5489481825212683, "212": 0.5061871616395979, "213": 0.4381167826759474, "214": 0.4896191028615623, "215": 0.43600928074245937, "216": 0.4936542923433875, "217": 0.488031709203403, "218": 0.5146983758700696, "219": 0.5090777262180974, "220": 0.5138321732405259, "221": 0.4374110595514308, "222": 0.40703596287703014, "223": 0.38680781129157, "224": 0.37223317865429234, "225": 0.3647989172467131, "226": 0.3758449342614076, "227": 0.36074825986078884, "228": 0.39729891724671307, "229": 0.41422660479505025, "230": 0.4336214230471771, "231": 0.4493561484918793, "232": 0.4607772621809745, "233": 0.4667246713070379, "234": 0.35777455529775715, "235": 0.5124110595514308, "236": 0.49865235885537507, "237": 0.5248124516627997, "238": 0.5356129156999226, "239": 0.5264791183294664, "240": 0.5172312451662799, "241": 0.5387664346481051, "242": 0.5415931941221964, "243": 0.46154485692188707, "244": 0.46901198762567675, "245": 0.4741589327146172, "246": 0.391399845320959, "247": 0.3762857695282289, "248": 0.5258081979891724, "249": 0.5820475638051044, "250": 0.5604814385150811, "251": 0.5944644238205723, "252": 0.5575715390564578, "253": 0.5711658932714617, "254": 0.5807733952049497, "255": 0.5900212683681361, "256": 0.5457907965970611, "257": 0.5449729311678267, "258": 0.5327184841453982, "259": 0.559400618716164, "260": 0.5708546017014695, "261": 0.6059686774941995, "262": 0.6708236658932715, "263": 0.5821945088940449, "264": 0.639938128383604, "265": 0.6120630317092034, "266": 0.5985518174787317, "267": 0.5779814385150812, "268": 0.5898279195668987, "269": 0.600562645011601, "270": 0.618176720804331, "271": 0.6036020881670534, "272": 0.6150560711523588, "273": 0.6489443155452436, "274": 0.5554814385150812, "275": 0.5486349574632637, "276": 0.5782559938128384, "277": 0.5515100541376643, "278": 0.580170146945089, "279": 0.5771635730858469, "280": 0.6353480278422274, "281": 0.5369682907965971, "282": 0.5410672853828307, "283": 0.5606419180201083, "284": 0.566523588553751, "285": 0.49487625676720803, "286": 0.525284222737819, "287": 0.649891724671307, "288": 0.7102165506573859, "289": 0.5758894044856921, "290": 0.5691086620262955, "291": 0.6376372776488786, "292": 0.6333236658932715, "293": 0.5606090487238979, "294": 0.585170146945089, "295": 0.5198588553750967, "296": 0.5146790409899459, "297": 0.4967865429234338,