{"label": 3, "0": 0.5820997088791848, "1": 0.5446579330422125, "2": 0.5565829694323144, "3": 0.494315866084425, "4": 0.5329912663755458, "5": 0.5179912663755459, "6": 0.4796579330422125, "7": 0.3824381368267831, "8": 0.44799126637554587, "9": 0.43106622998544397, "10": 0.3760662299854439, "11": 0.5870997088791848, "12": 0.5937663755458515, "13": 0.5979330422125182, "14": 0.5979330422125182, "15": 0.6037663755458516, "16": 0.6104330422125182, "17": 0.6170997088791849, "18": 0.6290247452692868, "19": 0.5515829694323144, "20": 0.5395742358078602, "21": 0.2858697234352256, "22": 0.429872634643377, "23": 0.4167721979621543, "24": 0.4020050946142649, "25": 0.38114628820960694, "26": 0.43938136826783114, "27": 0.37657205240174674, "28": 0.39352256186317325, "29": 0.36404657933042217, "30": 0.3592212518195051, "31": 0.37554585152838427, "32": 0.595731441048035, "33": 0.3766630276564774, "34": 0.33176128093158663, "35": 0.3541120815138282, "36": 0.47024745269286755, "37": 0.5621324599708879, "38": 0.5784825327510916, "39": 0.5507569141193596, "40": 0.5448398835516739, "41": 0.5673071324599709, "42": 0.5572234352256187, "43": 0.548981077147016, "44": 0.5337409024745269, "45": 0.5207241630276565, "46": 0.3264956331877729, "47": 0.4672816593886463, "48": 0.5009315866084425, "49": 0.4940065502183406, "50": 0.42818777292576415, "51": 0.5057241630276564, "52": 0.3426382823871907, "53": 0.3293377001455604, "54": 0.2759534206695779, "55": 0.4113318777292576, "56": 0.41245633187772923, "57": 0.529155749636099, "58": 0.4607787481804949, "59": 0.5185152838427948, "60": 0.5316739446870451, "61": 0.5411644832605531, "62": 0.5444395924308588, "63": 0.31528748180494903, "64": 0.5059315866084425, "65": 0.36748908296943233, "66": 0.35613901018922856, "67": 0.30194687045123725, "68": 0.2955203784570597, "69": 0.33042212518195047, "70": 0.3157787481804949, "71": 0.30127001455604074, "72": 0.5707241630276565, "73": 0.5590320232896652, "74": 0.5514483260553129, "75": 0.5234570596797671, "76": 0.5433478893740903, "77": 0.551306404657933, "78": 0.546622998544396, "79": 0.5206404657933041, "80": 0.562165211062591, "81": 0.571990538573508, "82": 0.5839992721979621, "83": 0.6115574963609898, "84": 0.5987991266375545, "85": 0.5932241630276565, "86": 0.5876491994177584, "87": 0.5837409024745269, "88": 0.562165211062591, "89": 0.5613901018922853, "90": 0.5614483260553129, "91": 0.5634315866084425, "92": 0.5230895196506551, "93": 0.38638646288209605, "94": 0.5540829694323144, "95": 0.554523289665211, "96": 0.552914847161572, "97": 0.540207423580786, "98": 0.518056768558952, "99": 0.5363573508005822, "100": 0.4597561863173217, "101": 0.4454221251819505, "102": 0.4968231441048035, "103": 0.2800291120815138, "104": 0.30267103347889374, "105": 0.3291048034934498, "106": 0.5673981077147016, "107": 0.39222343522561864, "108": 0.3642649199417758, "109": 0.3340647743813683, "110": 0.3896797671033479, "111": 0.3685953420669578, "112": 0.4436899563318777, "113": 0.3513791848617176, "114": 0.46877365356622996, "115": 0.5033151382823873, "116": 0.36517831149927216, "117": 0.3837372634643377, "118": 0.4042794759825328, "119": 0.42964701601164484, "120": 0.44513100436681224, "121": 0.4554148471615721, "122": 0.47014919941775835, "123": 0.3937117903930131, "124": 0.33796215429403204, "125": 0.545032751091703, "126": 0.4792066957787482, "127": 0.32791120815138286, "128": 0.459665211062591, "129": 0.4968231441048035, "130": 0.36902110625909756, "131": 0.4958151382823872, "132": 0.421528384279476, "133": 0.4414483260553129, "134": 0.49897379912663753, "135": 0.5153129548762736, "136": 0.5294213973799127, "137": 0.3844614264919942, "138": 0.4839374090247453, "139": 0.3147197962154294, "140": 0.6054730713245997, "141": 0.5486244541484716, "142": 0.47745633187772923, "143": 0.34569505094614267, "144": 0.3975218340611354, "145": 0.41010553129548766, "146": 0.5507896652110627, "147": 0.4214119359534207, "148": 0.644490538573508, "149": 0.5904475982532751, "150": 0.5640720524017467, "151": 0.40356622998544395, "152": 0.6745414847161572, "153": 0.42185589519650657, "154": 0.4311062590975255, "155": 0.43791484716157203, "156": 0.3286535662299854, "157": 0.42110625909752547, "158": 0.4076892285298399, "159": 0.3948471615720524, "160": 0.38476346433770015, "161": 0.3798799126637555, "162": 0.303169577874818, "163": 0.3893049490538574, "164": 0.5668413391557496, "165": 0.5292649199417758, "166": 0.5157569141193595, "167": 0.5491157205240175, "168": 0.4638245997088792, "169": 0.5480385735080058, "170": 0.5752474526928675, "171": 0.6367321688500728, "172": 0.4983042212518195, "173": 0.4348398835516739, "174": 0.4797489082969433, "175": 0.666783114992722, "176": 0.6170815138282387, "177": 0.4171033478893741, "178": 0.571990538573508, "179": 0.572882096069869, "180": 0.5756986899563319, "181": 0.58127365356623, "182": 0.5882569141193595, "183": 0.5504148471615721, "184": 0.5463064046579331, "185": 0.5413646288209607, "186": 0.5224308588064046, "187": 0.4447125181950509, "188": 0.46808224163027656, "189": 0.43851528384279476, "190": 0.43420669577874815, "191": 0.554523289665211, "192": 0.4724708879184861, "193": 0.44776564774381367, "194": 0.591448326055313, "195": 0.5046579330422125, "196": 0.48264919941775836, "197": 0.4921579330422125, "198": 0.49018195050946145, "199": 0.6559497816593887, "200": 0.6415247452692867, "201": 0.6188573508005822, "202": 0.54004730713246, "203": 0.49507278020378453, "204": 0.565906113537118, "205": 0.4628384279475982, "206": 0.49473071324599704, "207": 0.4713464337700145, "208": 0.626990538573508, "209": 0.4892066957787482, "210": 0.5385553129548762, "211": 0.5685225618631732, "212": 0.5157969432314411, "213": 0.44603711790393014, "214": 0.5013464337700145, "215": 0.44807860262008736, "216": 0.49907205240174674, "217": 0.4804403202328966, "218": 0.51377365356623, "219": 0.5094650655021834, "220": 0.5106404657933042, "221": 0.4150982532751092, "222": 0.38300582241630277, "223": 0.3627802037845706, "224": 0.3489046579330422, "225": 0.34574599708879183, "226": 0.3627874818049491, "227": 0.3559279475982533, "228": 0.38709606986899564, "229": 0.40352983988355173, "230": 0.42183042212518196, "231": 0.43763100436681224, "232": 0.44739810771470157, "233": 0.45305676855895194, "234": 0.3561863173216885, "235": 0.5119650655021835, "236": 0.489490538573508, "237": 0.5233406113537118, "238": 0.5368158660844251, "239": 0.5250072780203785, "240": 0.519665211062591, "241": 0.5398326055312954, "242": 0.5445160116448327, "243": 0.44581513828238717, "244": 0.4540320232896652, "245": 0.45814046579330425, "246": 0.3782714701601164, "247": 0.3606877729257642, "248": 0.5183333333333333, "249": 0.5736863173216885, "250": 0.5638500727802038, "251": 0.5854548762736536, "252": 0.5501601164483261, "253": 0.5632605531295488, "254": 0.5744359534206696, "255": 0.5824781659388647, "256": 0.5364847161572053, "257": 0.5315356622998544, "258": 0.5187518195050946, "259": 0.5484861717612809, "260": 0.5624781659388647, "261": 0.6041703056768559, "262": 0.697259825327511, "263": 0.5747197962154293, "264": 0.6430967976710334, "265": 0.6094541484716157, "266": 0.6050436681222707, "267": 0.5951419213973799, "268": 0.608216885007278, "269": 0.6187008733624455, "270": 0.6337845705967977, "271": 0.6213173216885007, "272": 0.6330676855895196, "273": 0.6693267831149927, "274": 0.5566666666666666, "275": 0.5460917030567685, "276": 0.5693704512372635, "277": 0.5474927219796215, "278": 0.5852510917030568, "279": 0.5796761280931586, "280": 0.6462117903930131, "281": 0.5308333333333333, "282": 0.5249526928675401, "283": 0.5468449781659388, "284": 0.5493377001455604, "285": 0.476575691411936, "286": 0.5125764192139738, "287": 0.6683187772925764, "288": 0.7347379912663755, "289": 0.5820924308588065, "290": 0.5745087336244541, "291": 0.6543850072780204, "292": 0.6511098981077148, "293": 0.5461535662299855, "294": 0.5913427947598253, "295": 0.5015101892285299, "296": 0.4926018922852984, "297": 0.46320232896652114, "298": 0.5500873362445415,