{"label": 8, "0": 0.5648529411764706, "1": 0.5264705882352941, "2": 0.5373039215686275, "3": 0.48705882352941177, "4": 0.5176960784313726, "5": 0.506421568627451, "6": 0.48137254901960785, "7": 0.391421568627451, "8": 0.46259803921568626, "9": 0.45215686274509803, "10": 0.4162254901960784, "11": 0.5686274509803921, "12": 0.5736274509803921, "13": 0.5769607843137254, "14": 0.5761274509803922, "15": 0.5794607843137254, "16": 0.5844607843137255, "17": 0.588235294117647, "18": 0.5974019607843137, "19": 0.5323039215686275, "20": 0.5200490196078431, "21": 0.31651960784313726, "22": 0.4307843137254902, "23": 0.41936274509803917, "24": 0.4071078431372549, "25": 0.38823529411764707, "26": 0.4401470588235294, "27": 0.3906862745098039, "28": 0.405, "29": 0.3788725490196079, "30": 0.3736274509803922, "31": 0.3826470588235294, "32": 0.5600980392156862, "33": 0.3848529411764706, "34": 0.3458823529411765, "35": 0.3629411764705882, "36": 0.45691176470588235, "37": 0.5455882352941176, "38": 0.5593137254901961, "39": 0.534656862745098, "40": 0.5277941176470589, "41": 0.5470588235294117, "42": 0.5376960784313726, "43": 0.5190196078431373, "44": 0.5146078431372549, "45": 0.5042156862745097, "46": 0.3477450980392157, "47": 0.46176470588235297, "48": 0.481078431372549, "49": 0.4748529411764706, "50": 0.4193137254901961, "51": 0.495, "52": 0.3667156862745098, "53": 0.3537254901960784, "54": 0.3141666666666667, "55": 0.43019607843137253, "56": 0.42058823529411765, "57": 0.4992156862745098, "58": 0.44156862745098036, "59": 0.4967156862745098, "60": 0.5110784313725489, "61": 0.5226470588235295, "62": 0.5263235294117647, "63": 0.3413725490196079, "64": 0.4848529411764706, "65": 0.39122549019607844, "66": 0.3812745098039216, "67": 0.34519607843137257, "68": 0.3281862745098039, "69": 0.36593137254901964, "70": 0.33705882352941174, "71": 0.32681372549019605, "72": 0.5522549019607843, "73": 0.5412745098039216, "74": 0.5327450980392157, "75": 0.5008333333333334, "76": 0.5238725490196079, "77": 0.5320588235294118, "78": 0.5275490196078432, "79": 0.4999019607843137, "80": 0.541813725490196, "81": 0.5507843137254902, "82": 0.561813725490196, "83": 0.5781862745098039, "84": 0.5718627450980392, "85": 0.5668627450980392, "86": 0.563921568627451, "87": 0.561813725490196, "88": 0.541813725490196, "89": 0.5410294117647059, "90": 0.5402450980392157, "91": 0.5415196078431372, "92": 0.4968137254901961, "93": 0.3859313725490196, "94": 0.5348039215686275, "95": 0.5340686274509804, "96": 0.5336764705882353, "97": 0.518921568627451, "98": 0.49558823529411766, "99": 0.5139705882352942, "100": 0.45328431372549016, "101": 0.4391176470588235, "102": 0.47740196078431374, "103": 0.3228921568627451, "104": 0.33862745098039215, "105": 0.3563725490196078, "106": 0.534656862745098, "107": 0.41318627450980394, "108": 0.3965686274509804, "109": 0.37700980392156863, "110": 0.3968627450980392, "111": 0.3754411764705883, "112": 0.4446078431372549, "113": 0.3651470588235294, "114": 0.46490196078431373, "115": 0.48549019607843136, "116": 0.3682352941176471, "117": 0.3898529411764706, "118": 0.40828431372549023, "119": 0.4311274509803922, "120": 0.44534313725490193, "121": 0.45465686274509803, "122": 0.4707843137254902, "123": 0.3886274509803922, "124": 0.3545098039215686, "125": 0.5241176470588236, "126": 0.46887254901960784, "127": 0.3442647058823529, "128": 0.4594607843137255, "129": 0.4782352941176471, "130": 0.3795588235294117, "131": 0.479656862745098, "132": 0.4108823529411765, "133": 0.4412745098039216, "134": 0.4869117647058824, "135": 0.4844607843137255, "136": 0.4969607843137255, "137": 0.38176470588235295, "138": 0.4576470588235294, "139": 0.33529411764705885, "140": 0.566421568627451, "141": 0.527843137254902, "142": 0.46534313725490195, "143": 0.3544117647058823, "144": 0.4028921568627451, "145": 0.41352941176470587, "146": 0.5312745098039215, "147": 0.4090196078431373, "148": 0.6055392156862746, "149": 0.5513235294117647, "150": 0.5274509803921569, "151": 0.4337745098039215, "152": 0.6382843137254901, "153": 0.42333333333333334, "154": 0.43230392156862746, "155": 0.4396568627450981, "156": 0.34387254901960784, "157": 0.4244117647058824, "158": 0.41294117647058826, "159": 0.40230392156862743, "160": 0.39416666666666667, "161": 0.38848039215686275, "162": 0.3275, "163": 0.3959313725490196, "164": 0.5444117647058824, "165": 0.5044607843137254, "166": 0.4950490196078431, "167": 0.5256372549019608, "168": 0.47343137254901957, "169": 0.5125, "170": 0.5380392156862746, "171": 0.5972058823529411, "172": 0.4717647058823529, "173": 0.4350980392156863, "174": 0.473921568627451, "175": 0.6299509803921568, "176": 0.5768137254901962, "177": 0.4050490196078431, "178": 0.5507843137254902, "179": 0.5508333333333333, "180": 0.5529411764705883, "181": 0.5558823529411765, "182": 0.5548039215686275, "183": 0.5307843137254902, "184": 0.5275, "185": 0.5233823529411765, "186": 0.4953431372549019, "187": 0.4291176470588235, "188": 0.46681372549019606, "189": 0.44480392156862747, "190": 0.4378921568627451, "191": 0.5352941176470588, "192": 0.4496078431372549, "193": 0.45499999999999996, "194": 0.5566176470588236, "195": 0.49848039215686274, "196": 0.47872549019607846, "197": 0.4893137254901961, "198": 0.4778921568627451, "199": 0.6191176470588236, "200": 0.6070098039215686, "201": 0.5832843137254902, "202": 0.5088725490196079, "203": 0.4755392156862745, "204": 0.5331862745098039, "205": 0.44691176470588234, "206": 0.4732843137254902, "207": 0.4504901960784313, "208": 0.5896568627450981, "209": 0.47431372549019607, "210": 0.505343137254902, "211": 0.5329411764705883, "212": 0.4877941176470588, "213": 0.42813725490196075, "214": 0.473921568627451, "215": 0.430343137254902, "216": 0.47558823529411764, "217": 0.47200980392156866, "218": 0.4933333333333333, "219": 0.48808823529411766, "220": 0.4927941176470588, "221": 0.42666666666666664, "222": 0.4003921568627451, "223": 0.3811764705882353, "224": 0.3677450980392157, "225": 0.3629411764705882, "226": 0.3730882352941176, "227": 0.3613725490196078, "228": 0.3933333333333333, "229": 0.40808823529411764, "230": 0.4244117647058824, "231": 0.4386764705882353, "232": 0.4475980392156863, "233": 0.4536764705882353, "234": 0.36387254901960786, "235": 0.49142156862745096, "236": 0.48225490196078435, "237": 0.5039705882352942, "238": 0.5163235294117647, "239": 0.5056372549019608, "240": 0.49759803921568624, "241": 0.5196078431372548, "242": 0.5233333333333333, "243": 0.4461764705882353, "244": 0.4560294117647059, "245": 0.46053921568627454, "246": 0.3864705882352941, "247": 0.3737254901960784, "248": 0.5111764705882353, "249": 0.575, "250": 0.5466176470588235, "251": 0.5973529411764706, "252": 0.5456862745098039, "253": 0.5596078431372549, "254": 0.5718627450980392, "255": 0.5840686274509804, "256": 0.5333823529411765, "257": 0.543186274509804, "258": 0.5297058823529412, "259": 0.5591666666666667, "260": 0.5706862745098039, "261": 0.601764705882353, "262": 0.6651470588235294, "263": 0.5770098039215686, "264": 0.6405882352941177, "265": 0.6123039215686275, "266": 0.5922058823529412, "267": 0.5791176470588235, "268": 0.5883333333333334, "269": 0.599656862745098, "270": 0.6152941176470588, "271": 0.6010294117647059, "272": 0.6133333333333333, "273": 0.6457352941176471, "274": 0.5387254901960784, "275": 0.5320098039215686, "276": 0.5836274509803921, "277": 0.5426960784313726, "278": 0.5726470588235295, "279": 0.5688725490196078, "280": 0.6318627450980392, "281": 0.520343137254902, "282": 0.5433333333333333, "283": 0.5654901960784313, "284": 0.5688235294117647, "285": 0.4915686274509804, "286": 0.5195588235294117, "287": 0.6463725490196078, "288": 0.7101470588235295, "289": 0.5666176470588236, "290": 0.5580882352941177, "291": 0.6367156862745098, "292": 0.6322058823529412, "293": 0.567843137254902, "294": 0.5776470588235294, "295": 0.5188235294117647, "296": 0.515, "297": 0.49480392156862746, "298": 0.5669117647058823, "299": 0.5012254901960784, "300": 0.5888725490196078,