{"label": 0, "0": 0.554201030927835, "1": 0.5239604810996563, "2": 0.5333676975945016, "3": 0.47551546391752575, "4": 0.5114604810996564, "5": 0.4974914089347079, "6": 0.4618556701030928, "7": 0.368393470790378, "8": 0.4337199312714777, "9": 0.41891752577319585, "10": 0.3745103092783505, "11": 0.559201030927835, "12": 0.5640034364261168, "13": 0.5671391752577319, "14": 0.5671391752577319, "15": 0.572139175257732, "16": 0.5777749140893471, "17": 0.5834106529209622, "18": 0.5969845360824741, "19": 0.5295962199312715, "20": 0.5153608247422681, "21": 0.27664948453608246, "22": 0.4095189003436426, "23": 0.3979810996563574, "24": 0.38664089347079034, "25": 0.3661769759450172, "26": 0.41732817869415806, "27": 0.36052405498281787, "28": 0.37475945017182133, "29": 0.34878865979381446, "30": 0.34554123711340207, "31": 0.3602749140893471, "32": 0.565, "33": 0.3615721649484536, "34": 0.3165378006872852, "35": 0.33647766323024053, "36": 0.44631443298969076, "37": 0.5372680412371134, "38": 0.5497680412371134, "39": 0.5247422680412371, "40": 0.5192353951890034, "41": 0.5390635738831615, "42": 0.5304209621993128, "43": 0.5186168384879725, "44": 0.511786941580756, "45": 0.4990893470790378, "46": 0.31262027491408934, "47": 0.44664948453608244, "48": 0.47669243986254295, "49": 0.4698281786941581, "50": 0.4056701030927835, "51": 0.4869845360824742, "52": 0.3258505154639175, "53": 0.31415807560137454, "54": 0.2721134020618557, "55": 0.3925515463917526, "56": 0.39213058419243985, "57": 0.4985051546391752, "58": 0.4321305841924399, "59": 0.49243986254295535, "60": 0.5060824742268042, "61": 0.518926116838488, "62": 0.5220189003436426, "63": 0.2994415807560138, "64": 0.4806615120274914, "65": 0.3495618556701031, "66": 0.3375, "67": 0.30195017182130585, "68": 0.29158934707903783, "69": 0.3275, "70": 0.29834192439862545, "71": 0.2927920962199313, "72": 0.5429037800687285, "73": 0.5318041237113402, "74": 0.5248281786941581, "75": 0.4971993127147766, "76": 0.5199570446735395, "77": 0.5269759450171821, "78": 0.5222164948453608, "79": 0.4963230240549828, "80": 0.5341494845360825, "81": 0.542594501718213, "82": 0.5539347079037801, "83": 0.5788230240549828, "84": 0.5662800687285223, "85": 0.5616752577319588, "86": 0.5570704467353952, "87": 0.5539347079037801, "88": 0.5341494845360825, "89": 0.5345876288659794, "90": 0.5348281786941581, "91": 0.5350687285223368, "92": 0.4941666666666667, "93": 0.36265463917525775, "94": 0.5310652920962199, "95": 0.5285996563573883, "96": 0.5273711340206185, "97": 0.5152061855670104, "98": 0.49125429553264605, "99": 0.5106443298969072, "100": 0.43991408934707904, "101": 0.42493127147766324, "102": 0.47276632302405497, "103": 0.278127147766323, "104": 0.3005412371134021, "105": 0.31152920962199315, "106": 0.536426116838488, "107": 0.37259450171821307, "108": 0.3600945017182131, "109": 0.3326374570446735, "110": 0.37466494845360826, "111": 0.35314432989690725, "112": 0.4220446735395189, "113": 0.3361082474226804, "114": 0.4494587628865979, "115": 0.48077319587628864, "116": 0.3470446735395189, "117": 0.36908934707903784, "118": 0.3907817869415807, "119": 0.41302405498281786, "120": 0.42741408934707903, "121": 0.43581615120274914, "122": 0.45198453608247424, "123": 0.3722422680412371, "124": 0.3222680412371134, "125": 0.5215463917525773, "126": 0.4574828178694158, "127": 0.31118556701030925, "128": 0.44048969072164945, "129": 0.47153780068728524, "130": 0.35435567010309277, "131": 0.4732731958762887, "132": 0.3938831615120275, "133": 0.41787800687285226, "134": 0.47897766323024055, "135": 0.4831013745704467, "136": 0.49790378006872854, "137": 0.3626116838487973, "138": 0.45283505154639175, "139": 0.30248281786941583, "140": 0.5731786941580757, "141": 0.5250773195876288, "142": 0.45447594501718214, "143": 0.3274398625429553, "144": 0.38120274914089347, "145": 0.39234536082474225, "146": 0.5263831615120275, "147": 0.3964089347079038, "148": 0.6150257731958764, "149": 0.5589862542955326, "150": 0.5314604810996564, "151": 0.3966151202749141, "152": 0.6463917525773196, "153": 0.4016237113402062, "154": 0.41026632302405497, "155": 0.41561855670103093, "156": 0.3111254295532646, "157": 0.40153780068728523, "158": 0.3887285223367698, "159": 0.37945017182130586, "160": 0.36997422680412373, "161": 0.3662886597938144, "162": 0.28987113402061854, "163": 0.37418384879725086, "164": 0.5406701030927834, "165": 0.5017353951890035, "166": 0.49097079037800684, "167": 0.5231443298969072, "168": 0.4485223367697595, "169": 0.5145962199312715, "170": 0.5437886597938144, "171": 0.6052233676975944, "172": 0.4668041237113402, "173": 0.4122852233676976, "174": 0.4602061855670103, "175": 0.6355584192439863, "176": 0.5867096219931272, "177": 0.3905068728522337, "178": 0.542594501718213, "179": 0.5438659793814433, "180": 0.5468041237113402, "181": 0.5505756013745704, "182": 0.5562972508591065, "183": 0.5257044673539519, "184": 0.521778350515464, "185": 0.5170189003436426, "186": 0.49302405498281787, "187": 0.41893470790378007, "188": 0.4504037800687285, "189": 0.4173539518900343, "190": 0.41243986254295534, "191": 0.5285996563573883, "192": 0.44294673539518903, "193": 0.42805841924398624, "194": 0.5597164948453608, "195": 0.48499140893470793, "196": 0.4636512027491409, "197": 0.47435567010309276, "198": 0.4682302405498282, "199": 0.6232560137457045, "200": 0.609286941580756, "201": 0.5870017182130585, "202": 0.5102147766323024, "203": 0.46936426116838487, "204": 0.535085910652921, "205": 0.43799828178694156, "206": 0.46782646048109966, "207": 0.44396048109965636, "208": 0.5949828178694159, "209": 0.46664948453608246, "210": 0.5068127147766323, "211": 0.5366408934707904, "212": 0.4859364261168385, "213": 0.41827319587628864, "214": 0.47091065292096224, "215": 0.4198281786941581, "216": 0.4714862542955327, "217": 0.4602920962199313, "218": 0.49073024054982817, "219": 0.48395189003436423, "220": 0.4885824742268041, "221": 0.39454467353951894, "222": 0.3655927835051547, "223": 0.3464003436426117, "224": 0.33510309278350514, "225": 0.3314604810996563, "226": 0.3465463917525773, "227": 0.33761168384879725, "228": 0.3716580756013746, "229": 0.38756013745704465, "230": 0.405085910652921, "231": 0.4180498281786942, "232": 0.42811855670103094, "233": 0.43219931271477663, "234": 0.3359879725085911, "235": 0.4872852233676976, "236": 0.4710395189003437, "237": 0.5008419243986254, "238": 0.5126632302405498, "239": 0.5023109965635739, "240": 0.49371134020618557, "241": 0.5165893470790378, "242": 0.5201202749140894, "243": 0.42303264604811, "244": 0.4327491408934708, "245": 0.43853951890034365, "246": 0.3629982817869416, "247": 0.3451890034364261, "248": 0.49696735395189, "249": 0.5507560137457045, "250": 0.5417697594501718, "251": 0.5640120274914089, "252": 0.5232044673539519, "253": 0.5364089347079037, "254": 0.5496134020618557, "255": 0.5609106529209622, "256": 0.509561855670103, "257": 0.5104896907216494, "258": 0.49689003436426116, "259": 0.5263917525773196, "260": 0.5404725085910653, "261": 0.5795532646048109, "262": 0.6650429553264605, "263": 0.553213058419244, "264": 0.6173024054982819, "265": 0.5854553264604812, "266": 0.5777233676975945, "267": 0.5688316151202749, "268": 0.5772079037800687, "269": 0.5889003436426117, "270": 0.6046477663230241, "271": 0.5900171821305842, "272": 0.6005670103092784, "273": 0.637852233676976, "274": 0.5342697594501717, "275": 0.5246649484536082, "276": 0.548393470790378, "277": 0.5242096219931272, "278": 0.5612714776632302, "279": 0.5556357388316151, "280": 0.6156701030927836, "281": 0.5104982817869416, "282": 0.5034536082474227, "283": 0.5264175257731959, "284": 0.5312027491408935, "285": 0.4523883161512028, "286": 0.48765463917525775, "287": 0.6381615120274914, "288": 0.708745704467354, "289": 0.5567955326460481, "290": 0.5498195876288661, "291": 0.6225, "292": 0.618573883161512, "293": 0.52696735395189, "294": 0.5662714776632303, "295": 0.47807560137457045, "296": 0.4720017182130584, "297": 0.4537800687285224, "298": 0.5312886597938145,