{"label": 2, "0": 0.5208333333333334, "1": 0.5013888888888889, "2": 0.5077777777777778, "3": 0.47805555555555557, "4": 0.4947222222222222, "5": 0.48694444444444446, "6": 0.46694444444444444, "7": 0.43916666666666665, "8": 0.4536111111111111, "9": 0.4458333333333333, "10": 0.4191666666666667, "11": 0.5241666666666667, "12": 0.5263888888888889, "13": 0.5286111111111111, "14": 0.5286111111111111, "15": 0.5319444444444444, "16": 0.5352777777777777, "17": 0.5386111111111112, "18": 0.5430555555555556, "19": 0.5044444444444445, "20": 0.5002777777777778, "21": 0.4061111111111111, "22": 0.45444444444444443, "23": 0.45111111111111113, "24": 0.4469444444444444, "25": 0.43972222222222224, "26": 0.45666666666666667, "27": 0.4330555555555555, "28": 0.43722222222222223, "29": 0.43000000000000005, "30": 0.4297222222222222, "31": 0.4408333333333333, "32": 0.5391666666666667, "33": 0.43638888888888894, "34": 0.4280555555555555, "35": 0.43333333333333335, "36": 0.4766666666666667, "37": 0.5147222222222223, "38": 0.5222222222222223, "39": 0.5111111111111111, "40": 0.5111111111111111, "41": 0.5180555555555556, "42": 0.515, "43": 0.5158333333333334, "44": 0.4980555555555556, "45": 0.4905555555555555, "46": 0.4194444444444444, "47": 0.46944444444444444, "48": 0.4866666666666667, "49": 0.4833333333333333, "50": 0.46499999999999997, "51": 0.4836111111111111, "52": 0.4211111111111111, "53": 0.41833333333333333, "54": 0.39944444444444444, "55": 0.44305555555555554, "56": 0.44361111111111107, "57": 0.5069444444444444, "58": 0.4886111111111111, "59": 0.4933333333333333, "60": 0.49777777777777776, "61": 0.5102777777777778, "62": 0.5111111111111111, "63": 0.4125, "64": 0.48888888888888893, "65": 0.4286111111111111, "66": 0.42333333333333334, "67": 0.4008333333333333, "68": 0.4063888888888889, "69": 0.4125, "70": 0.4147222222222222, "71": 0.41194444444444445, "72": 0.5180555555555555, "73": 0.5152777777777777, "74": 0.5130555555555556, "75": 0.49527777777777776, "76": 0.5102777777777778, "77": 0.5138888888888888, "78": 0.5119444444444444, "79": 0.49277777777777776, "80": 0.5169444444444444, "81": 0.5202777777777778, "82": 0.5244444444444445, "83": 0.5372222222222223, "84": 0.533611111111111, "85": 0.5302777777777778, "86": 0.5258333333333334, "87": 0.5244444444444445, "88": 0.5169444444444444, "89": 0.5172222222222222, "90": 0.5186111111111111, "91": 0.52, "92": 0.5011111111111111, "93": 0.45555555555555555, "94": 0.5055555555555555, "95": 0.5144444444444445, "96": 0.5147222222222222, "97": 0.5008333333333334, "98": 0.4938888888888889, "99": 0.4997222222222222, "100": 0.4697222222222222, "101": 0.46638888888888885, "102": 0.4847222222222222, "103": 0.3963888888888889, "104": 0.4066666666666666, "105": 0.41500000000000004, "106": 0.5225, "107": 0.43444444444444447, "108": 0.4225, "109": 0.40861111111111115, "110": 0.44361111111111107, "111": 0.4411111111111111, "112": 0.45805555555555555, "113": 0.4288888888888889, "114": 0.4686111111111111, "115": 0.4869444444444444, "116": 0.4413888888888889, "117": 0.4477777777777778, "118": 0.455, "119": 0.4613888888888889, "120": 0.46305555555555555, "121": 0.46499999999999997, "122": 0.4658333333333333, "123": 0.45444444444444443, "124": 0.42444444444444446, "125": 0.5019444444444444, "126": 0.47611111111111115, "127": 0.4280555555555555, "128": 0.46499999999999997, "129": 0.48583333333333334, "130": 0.43472222222222223, "131": 0.48250000000000004, "132": 0.4716666666666667, "133": 0.45499999999999996, "134": 0.48250000000000004, "135": 0.5094444444444445, "136": 0.5161111111111111, "137": 0.45444444444444443, "138": 0.4966666666666667, "139": 0.41944444444444445, "140": 0.5430555555555555, "141": 0.5038888888888888, "142": 0.4772222222222222, "143": 0.4311111111111111, "144": 0.4444444444444444, "145": 0.4469444444444445, "146": 0.5141666666666667, "147": 0.4675, "148": 0.5583333333333333, "149": 0.54, "150": 0.5305555555555556, "151": 0.4325, "152": 0.5686111111111112, "153": 0.4502777777777778, "154": 0.4525, "155": 0.45416666666666666, "156": 0.42083333333333334, "157": 0.44833333333333336, "158": 0.4427777777777778, "159": 0.4394444444444444, "160": 0.4372222222222222, "161": 0.43666666666666665, "162": 0.41555555555555557, "163": 0.4408333333333333, "164": 0.5122222222222221, "165": 0.5019444444444444, "166": 0.4922222222222222, "167": 0.5063888888888889, "168": 0.46111111111111114, "169": 0.5211111111111111, "170": 0.5325, "171": 0.5549999999999999, "172": 0.5041666666666667, "173": 0.45305555555555554, "174": 0.4722222222222222, "175": 0.5641666666666667, "176": 0.5494444444444444, "177": 0.4675, "178": 0.5202777777777778, "179": 0.5216666666666666, "180": 0.5230555555555556, "181": 0.5263888888888889, "182": 0.53, "183": 0.5125, "184": 0.5116666666666667, "185": 0.5097222222222222, "186": 0.5030555555555556, "187": 0.47472222222222227, "188": 0.4666666666666667, "189": 0.4538888888888889, "190": 0.4525, "191": 0.5144444444444445, "192": 0.48944444444444446, "193": 0.45611111111111113, "194": 0.5341666666666667, "195": 0.4802777777777778, "196": 0.47138888888888886, "197": 0.4736111111111111, "198": 0.4797222222222222, "199": 0.5586111111111112, "200": 0.5508333333333333, "201": 0.5430555555555555, "202": 0.515, "203": 0.48777777777777775, "204": 0.5247222222222222, "205": 0.4775, "206": 0.4891666666666667, "207": 0.48416666666666663, "208": 0.5491666666666667, "209": 0.48055555555555557, "210": 0.5161111111111111, "211": 0.5277777777777778, "212": 0.5038888888888888, "213": 0.47833333333333333, "214": 0.5, "215": 0.48138888888888887, "216": 0.49444444444444446, "217": 0.4741666666666667, "218": 0.49083333333333334, "219": 0.4905555555555556, "220": 0.4883333333333333, "221": 0.445, "222": 0.43500000000000005, "223": 0.4280555555555555, "224": 0.42527777777777775, "225": 0.42500000000000004, "226": 0.4344444444444444, "227": 0.44027777777777777, "228": 0.44555555555555554, "229": 0.4508333333333333, "230": 0.4558333333333333, "231": 0.4586111111111111, "232": 0.4608333333333333, "233": 0.46194444444444444, "234": 0.4413888888888889, "235": 0.49166666666666664, "236": 0.47777777777777775, "237": 0.49444444444444446, "238": 0.4983333333333333, "239": 0.4955555555555556, "240": 0.4936111111111111, "241": 0.5002777777777778, "242": 0.5022222222222222, "243": 0.45666666666666667, "244": 0.4602777777777778, "245": 0.4622222222222222, "246": 0.4361111111111111, "247": 0.4313888888888889, "248": 0.4836111111111111, "249": 0.4938888888888889, "250": 0.5086111111111111, "251": 0.4897222222222222, "252": 0.48750000000000004, "253": 0.49083333333333334, "254": 0.495, "255": 0.49777777777777776, "256": 0.48305555555555557, "257": 0.47694444444444445, "258": 0.4738888888888889, "259": 0.4822222222222222, "260": 0.48777777777777775, "261": 0.5055555555555555, "262": 0.5700000000000001, "263": 0.4936111111111111, "264": 0.5177777777777778, "265": 0.5072222222222222, "266": 0.5163888888888888, "267": 0.5255555555555556, "268": 0.5313888888888889, "269": 0.533611111111111, "270": 0.5391666666666667, "271": 0.5355555555555556, "272": 0.538888888888889, "273": 0.5522222222222222, "274": 0.5044444444444445, "275": 0.4988888888888889, "276": 0.4883333333333334, "277": 0.49277777777777776, "278": 0.5122222222222222, "279": 0.508888888888889, "280": 0.5269444444444444, "281": 0.49111111111111116, "282": 0.4716666666666667, "283": 0.4797222222222222, "284": 0.4755555555555556, "285": 0.45972222222222225, "286": 0.47277777777777774, "287": 0.55, "288": 0.5708333333333333, "289": 0.5122222222222222, "290": 0.5111111111111111, "291": 0.5458333333333334, "292": 0.545, "293": 0.47888888888888886, "294": 0.5155555555555555, "295": 0.46416666666666667, "296": 0.4605555555555556, "297": 0.44472222222222224, "298": 0.47777777777777775, "299": 0.45333333333333337, "300": 0.48944444444444446, "301": 0.4916666666666667, "302": 0.5288888888888889, "303": 0.5341666666666667, "304": 0.5394444444444444, "305": 0.5125, "306": 0.5458333333333334, "307": 0.5455555555555556,