{"label": 0, "0": 0.5356593406593406, "1": 0.49986263736263736, "2": 0.5117948717948718, "3": 0.4574725274725275, "4": 0.4879304029304029, "5": 0.47543040293040295, "6": 0.446529304029304, "7": 0.368470695970696, "8": 0.42486263736263735, "9": 0.41236263736263734, "10": 0.369029304029304, "11": 0.541492673992674, "12": 0.5473260073260073, "13": 0.551492673992674, "14": 0.5523260073260073, "15": 0.5584249084249084, "16": 0.565091575091575, "17": 0.5717582417582417, "18": 0.5781593406593407, "19": 0.5056959706959707, "20": 0.49580586080586075, "21": 0.29811355311355314, "22": 0.406474358974359, "23": 0.3963186813186813, "24": 0.38532967032967036, "25": 0.3671428571428571, "26": 0.4135989010989011, "27": 0.3613919413919414, "28": 0.3754120879120879, "29": 0.35206959706959706, "30": 0.34964285714285714, "31": 0.36475274725274726, "32": 0.5519688644688645, "33": 0.3615750915750916, "34": 0.33235347985347985, "35": 0.3448992673992674, "36": 0.4410164835164835, "37": 0.5208058608058608, "38": 0.5363369963369963, "39": 0.513452380952381, "40": 0.5115934065934066, "41": 0.5292124542124542, "42": 0.5231868131868131, "43": 0.5106776556776557, "44": 0.4899725274725275, "45": 0.4777747252747253, "46": 0.3237271062271062, "47": 0.4382600732600732, "48": 0.4630311355311355, "49": 0.45693223443223446, "50": 0.4080494505494505, "51": 0.46637362637362634, "52": 0.3354029304029304, "53": 0.3261172161172161, "54": 0.2907692307692308, "55": 0.39152014652014655, "56": 0.39056776556776557, "57": 0.49271978021978025, "58": 0.44000915750915753, "59": 0.4776556776556776, "60": 0.48894688644688644, "61": 0.5141666666666667, "62": 0.5155311355311356, "63": 0.3136904761904762, "64": 0.4680311355311355, "65": 0.35544871794871796, "66": 0.34575091575091577, "67": 0.31249084249084247, "68": 0.3059615384615385, "69": 0.3338186813186813, "70": 0.31380036630036634, "71": 0.30887362637362636, "72": 0.5294047619047619, "73": 0.5217490842490842, "74": 0.5173901098901099, "75": 0.4826190476190476, "76": 0.5152655677655678, "77": 0.5204945054945055, "78": 0.5177289377289378, "79": 0.4789835164835165, "80": 0.5278846153846154, "81": 0.5347435897435897, "82": 0.5416025641025641, "83": 0.5627747252747253, "84": 0.5577380952380953, "85": 0.5510714285714285, "86": 0.545503663003663, "87": 0.5424358974358974, "88": 0.5278846153846154, "89": 0.5273534798534798, "90": 0.5273901098901099, "91": 0.5296245421245421, "92": 0.4856410256410256, "93": 0.3790201465201465, "94": 0.5081959706959707, "95": 0.5223901098901099, "96": 0.5218589743589743, "97": 0.4964102564102564, "98": 0.47826007326007325, "99": 0.49364468864468863, "100": 0.4328388278388279, "101": 0.42192307692307696, "102": 0.4608333333333333, "103": 0.2952838827838828, "104": 0.313543956043956, "105": 0.323507326007326, "106": 0.5253021978021978, "107": 0.3757234432234432, "108": 0.3601923076923077, "109": 0.3368956043956044, "110": 0.375970695970696, "111": 0.35989926739926736, "112": 0.4165934065934066, "113": 0.3436538461538462, "114": 0.4392857142857143, "115": 0.4654578754578754, "116": 0.35781135531135533, "117": 0.3734249084249084, "118": 0.3921428571428571, "119": 0.41052197802197804, "120": 0.4217399267399268, "121": 0.4288278388278388, "122": 0.4391391941391941, "123": 0.38084249084249083, "124": 0.3329304029304029, "125": 0.4993681318681319, "126": 0.4482600732600732, "127": 0.3318223443223443, "128": 0.43261904761904757, "129": 0.46166666666666667, "130": 0.3569139194139194, "131": 0.4596245421245422, "132": 0.40648351648351644, "133": 0.41326007326007325, "134": 0.46174908424908423, "135": 0.48335164835164834, "136": 0.49668498168498165, "137": 0.37485347985347983, "138": 0.45656593406593404, "139": 0.31894688644688646, "140": 0.5595054945054945, "141": 0.502967032967033, "142": 0.4458699633699634, "143": 0.33834249084249085, "144": 0.38086080586080584, "145": 0.39048534798534795, "146": 0.5207967032967034, "147": 0.40304029304029304, "148": 0.5964835164835165, "149": 0.5496520146520146, "150": 0.5259340659340659, "151": 0.3898626373626374, "152": 0.6245238095238095, "153": 0.39927655677655677, "154": 0.40613553113553114, "155": 0.41189560439560435, "156": 0.32330586080586077, "157": 0.39670329670329674, "158": 0.3854120879120879, "159": 0.3746886446886447, "160": 0.36756410256410255, "161": 0.3645695970695971, "162": 0.3106868131868132, "163": 0.3734340659340659, "164": 0.5201282051282051, "165": 0.4888644688644689, "166": 0.47598901098901103, "167": 0.505576923076923, "168": 0.43569597069597066, "169": 0.5101373626373626, "170": 0.5346886446886447, "171": 0.5870512820512821, "172": 0.4701648351648352, "173": 0.40746336996336996, "174": 0.44644688644688646, "175": 0.6142582417582417, "176": 0.5717032967032967, "177": 0.4006501831501832, "178": 0.5336446886446886, "179": 0.5347802197802198, "180": 0.5375824175824175, "181": 0.5423168498168498, "182": 0.5432234432234432, "183": 0.5193589743589744, "184": 0.5152289377289377, "185": 0.5121978021978022, "186": 0.4871153846153846, "187": 0.4217582417582418, "188": 0.4383791208791209, "189": 0.41371794871794876, "190": 0.4087912087912088, "191": 0.5223901098901099, "192": 0.446492673992674, "193": 0.42167582417582417, "194": 0.5466300366300366, "195": 0.4656959706959707, "196": 0.44830586080586077, "197": 0.45652930402930403, "198": 0.45458791208791205, "199": 0.6023260073260074, "200": 0.588992673992674, "201": 0.5703113553113552, "202": 0.5046886446886447, "203": 0.4620421245421245, "204": 0.5256776556776557, "205": 0.43510073260073256, "206": 0.4621520146520146, "207": 0.4438095238095238, "208": 0.5784157509157509, "209": 0.45382783882783884, "210": 0.5020329670329671, "211": 0.5274175824175824, "212": 0.4822985347985348, "213": 0.42383699633699634, "214": 0.4696794871794872, "215": 0.4272435897435897, "216": 0.4675274725274725, "217": 0.44735347985347984, "218": 0.47292124542124536, "219": 0.46966117216117215, "220": 0.47065018315018314, "221": 0.3929945054945055, "222": 0.36847985347985346, "223": 0.3522619047619048, "224": 0.34240842490842494, "225": 0.3386172161172161, "226": 0.35255494505494506, "227": 0.350989010989011, "228": 0.37441391941391944, "229": 0.3890018315018315, "230": 0.4024542124542124, "231": 0.4142399267399267, "232": 0.42189560439560436, "233": 0.42515567765567763, "234": 0.35432234432234433, "235": 0.4740934065934066, "236": 0.45478021978021976, "237": 0.4806135531135531, "238": 0.49304029304029307, "239": 0.4831135531135531, "240": 0.47989010989010994, "241": 0.4960714285714286, "242": 0.49967032967032965, "243": 0.4176556776556777, "244": 0.42565018315018316, "245": 0.43087912087912084, "246": 0.36293956043956044, "247": 0.35024725274725277, "248": 0.47615384615384615, "249": 0.5228846153846154, "250": 0.5166849816849817, "251": 0.5412362637362638, "252": 0.5007142857142857, "253": 0.5125366300366301, "254": 0.5224267399267399, "255": 0.5336446886446886, "256": 0.4891575091575092, "257": 0.4885989010989011, "258": 0.47734432234432234, "259": 0.5023534798534799, "260": 0.5142124542124542, "261": 0.5510347985347985, "262": 0.6407142857142857, "263": 0.5256135531135531, "264": 0.5916941391941393, "265": 0.5594871794871795, "266": 0.5531043956043956, "267": 0.5463461538461538, "268": 0.5594139194139194, "269": 0.5664652014652014, "270": 0.5791575091575092, "271": 0.5701373626373627, "272": 0.579496336996337, "273": 0.61507326007326, "274": 0.5086538461538461, "275": 0.49975274725274726, "276": 0.5234615384615384, "277": 0.503095238095238, "278": 0.5355586080586081, "279": 0.5305586080586081, "280": 0.5882692307692308, "281": 0.48725274725274725, "282": 0.48182234432234433, "283": 0.5022069597069597, "284": 0.5094505494505495, "285": 0.4398717948717949, "286": 0.47052197802197804, "287": 0.6146978021978022, "288": 0.6858974358974359, "289": 0.5326007326007326, "290": 0.5263095238095238, "291": 0.5973809523809523, "292": 0.5940842490842491, "293": 0.5048992673992674, "294": 0.5416575091575091, "295": 0.4601098901098901, "296": 0.45564102564102565,