{"label": 10, "0": 0.5659150326797385, "1": 0.5243300653594771, "2": 0.5351470588235294, "3": 0.4736764705882353, "4": 0.5110130718954249, "5": 0.4943300653594771, "6": 0.4551470588235294, "7": 0.37906862745098036, "8": 0.4259640522875817, "9": 0.41013071895424835, "10": 0.35344771241830064, "11": 0.5725653594771242, "12": 0.5775653594771242, "13": 0.5817320261437908, "14": 0.5817320261437908, "15": 0.5867320261437909, "16": 0.5925653594771242, "17": 0.6000490196078432, "18": 0.6084313725490196, "19": 0.5301633986928105, "20": 0.5195261437908496, "21": 0.30308823529411766, "22": 0.4151797385620915, "23": 0.4062091503267974, "24": 0.39723856209150327, "25": 0.37998366013071894, "26": 0.4216830065359477, "27": 0.3704738562091503, "28": 0.3827450980392157, "29": 0.36070261437908496, "30": 0.35916666666666663, "31": 0.3785130718954248, "32": 0.587532679738562, "33": 0.3741339869281046, "34": 0.3465686274509804, "35": 0.36040849673202613, "36": 0.46034313725490195, "37": 0.5519934640522877, "38": 0.5661274509803922, "39": 0.5439052287581699, "40": 0.5415522875816994, "41": 0.557156862745098, "42": 0.5506372549019608, "43": 0.5402124183006536, "44": 0.5145098039215686, "45": 0.5012091503267975, "46": 0.3369444444444445, "47": 0.4524019607843137, "48": 0.4866503267973856, "49": 0.4799836601307189, "50": 0.42928104575163395, "51": 0.48619281045751633, "52": 0.34730392156862744, "53": 0.33676470588235297, "54": 0.2904248366013072, "55": 0.40223856209150327, "56": 0.3967156862745098, "57": 0.5212091503267974, "58": 0.4720915032679739, "59": 0.5014869281045752, "60": 0.5129901960784313, "61": 0.5400653594771242, "62": 0.5416830065359477, "63": 0.3251797385620915, "64": 0.49165032679738563, "65": 0.368578431372549, "66": 0.35612745098039217, "67": 0.3013071895424837, "68": 0.30781045751633984, "69": 0.3287091503267974, "70": 0.32622549019607844, "71": 0.3146732026143791, "72": 0.5586601307189543, "73": 0.5505392156862745, "74": 0.5456862745098039, "75": 0.5056045751633986, "76": 0.5416993464052288, "77": 0.5474509803921569, "78": 0.5433169934640523, "79": 0.5038888888888888, "80": 0.553937908496732, "81": 0.5612908496732026, "82": 0.5711111111111111, "83": 0.5945424836601307, "84": 0.5853267973856209, "85": 0.5794771241830066, "86": 0.5744607843137255, "87": 0.5702777777777778, "88": 0.553937908496732, "89": 0.5548039215686275, "90": 0.555669934640523, "91": 0.5573692810457517, "92": 0.5118300653594772, "93": 0.4006862745098039, "94": 0.5326470588235294, "95": 0.5490359477124183, "96": 0.5490686274509804, "97": 0.5204248366013072, "98": 0.5015686274509804, "99": 0.5179411764705882, "100": 0.44763071895424833, "101": 0.43880718954248366, "102": 0.48334967320261435, "103": 0.289281045751634, "104": 0.310016339869281, "105": 0.33486928104575164, "106": 0.5567156862745097, "107": 0.3839705882352941, "108": 0.35236928104575166, "109": 0.32243464052287585, "110": 0.3874019607843137, "111": 0.3770588235294118, "112": 0.42490196078431375, "113": 0.3551960784313726, "114": 0.45225490196078433, "115": 0.48820261437908496, "116": 0.3756045751633987, "117": 0.3919281045751634, "118": 0.40751633986928104, "119": 0.4254411764705882, "120": 0.43514705882352944, "121": 0.4399346405228758, "122": 0.4494934640522876, "123": 0.4014052287581699, "124": 0.3461928104575164, "125": 0.523611111111111, "126": 0.46571895424836596, "127": 0.34491830065359474, "128": 0.4422712418300654, "129": 0.48253267973856206, "130": 0.37006535947712416, "131": 0.47986928104575166, "132": 0.433921568627451, "133": 0.42073529411764704, "134": 0.4813725490196079, "135": 0.5191993464052288, "136": 0.5341503267973856, "137": 0.3973856209150327, "138": 0.49029411764705877, "139": 0.32895424836601306, "140": 0.5975490196078431, "141": 0.5277450980392157, "142": 0.4642483660130719, "143": 0.3555718954248366, "144": 0.3905392156862745, "145": 0.3987091503267974, "146": 0.5474836601307189, "147": 0.4288398692810457, "148": 0.6321568627450981, "149": 0.5877614379084968, "150": 0.5638562091503267, "151": 0.3809640522875817, "152": 0.6567156862745098, "153": 0.40522875816993464, "154": 0.41256535947712414, "155": 0.4182843137254902, "156": 0.3379901960784314, "157": 0.4042483660130719, "158": 0.39192810457516336, "159": 0.3837581699346405, "160": 0.37643790849673203, "161": 0.3748692810457516, "162": 0.31986928104575163, "163": 0.38398692810457513, "164": 0.5434803921568627, "165": 0.5141503267973856, "166": 0.4998202614379085, "167": 0.5304248366013072, "168": 0.44096405228758173, "169": 0.5480882352941177, "170": 0.5728267973856209, "171": 0.6238562091503268, "172": 0.5060457516339869, "173": 0.41413398692810455, "174": 0.4613071895424836, "175": 0.6475816993464052, "176": 0.6099836601307189, "177": 0.4273039215686274, "178": 0.5612908496732026, "179": 0.5629901960784314, "180": 0.5663562091503268, "181": 0.5713725490196079, "182": 0.5756535947712418, "183": 0.545751633986928, "184": 0.5432843137254902, "185": 0.5391666666666667, "186": 0.5136437908496733, "187": 0.4469281045751634, "188": 0.44962418300653595, "189": 0.4197549019607843, "190": 0.41486928104575166, "191": 0.5490359477124183, "192": 0.476078431372549, "193": 0.4287418300653595, "194": 0.5807679738562092, "195": 0.4809967320261438, "196": 0.46200980392156865, "197": 0.46931372549019607, "198": 0.4731209150326797, "199": 0.6359150326797386, "200": 0.6209313725490196, "201": 0.6029411764705882, "202": 0.5362254901960783, "203": 0.4835294117647059, "204": 0.5593464052287582, "205": 0.45898692810457514, "206": 0.4862091503267974, "207": 0.4699836601307189, "208": 0.6138398692810457, "209": 0.47406862745098033, "210": 0.5372222222222223, "211": 0.5627941176470588, "212": 0.5130718954248366, "213": 0.4529248366013072, "214": 0.502483660130719, "215": 0.4580065359477124, "216": 0.4938562091503268, "217": 0.463921568627451, "218": 0.49730392156862746, "219": 0.4940849673202614, "220": 0.4938888888888889, "221": 0.40158496732026144, "222": 0.3777450980392157, "223": 0.3613725490196078, "224": 0.35161764705882353, "225": 0.35011437908496734, "226": 0.3660457516339869, "227": 0.36993464052287583, "228": 0.3892320261437908, "229": 0.4023529411764706, "230": 0.4145915032679739, "231": 0.42433006535947715, "232": 0.43080065359477127, "233": 0.43482026143790853, "234": 0.3723856209150327, "235": 0.49740196078431376, "236": 0.47215686274509805, "237": 0.5054901960784314, "238": 0.5170424836601307, "239": 0.5079901960784313, "240": 0.5040032679738562, "241": 0.5195098039215686, "242": 0.5236437908496732, "243": 0.4248366013071896, "244": 0.4330555555555555, "245": 0.4388235294117647, "246": 0.37491830065359477, "247": 0.36091503267973857, "248": 0.4924673202614379, "249": 0.5268954248366013, "250": 0.5399346405228758, "251": 0.5252124183006536, "252": 0.5066503267973856, "253": 0.5181045751633987, "254": 0.5287254901960784, "255": 0.5359640522875817, "256": 0.4959967320261438, "257": 0.49050653594771243, "258": 0.47991830065359475, "259": 0.5044444444444445, "260": 0.5159640522875817, "261": 0.5541013071895425, "262": 0.6667647058823529, "263": 0.5284803921568628, "264": 0.5842320261437909, "265": 0.5588398692810457, "266": 0.5673366013071895, "267": 0.5764869281045752, "268": 0.5881699346405229, "269": 0.5928921568627451, "270": 0.6052287581699347, "271": 0.5979738562091503, "272": 0.6061437908496732, "273": 0.6366013071895424, "274": 0.532483660130719, "275": 0.5208006535947712, "276": 0.5223529411764706, "277": 0.5144607843137254, "278": 0.5544444444444445, "279": 0.5485947712418301, "280": 0.5983333333333334, "281": 0.5058006535947712, "282": 0.48205882352941176, "283": 0.5017483660130719, "284": 0.492124183006536, "285": 0.44552287581699346, "286": 0.47429738562091506, "287": 0.6331045751633987, "288": 0.6844444444444444, "289": 0.5529411764705883, "290": 0.5481209150326798, "291": 0.6216993464052287, "292": 0.6200653594771242, "293": 0.49996732026143786, "294": 0.5602614379084967, "295": 0.46248366013071895, "296": 0.4541176470588235,