{"label": 7, "0": 0.6244444444444445, "1": 0.5895218579234973, "2": 0.5994444444444444, "3": 0.5436703096539162, "4": 0.5786885245901638, "5": 0.5645992714025501, "6": 0.5286885245901639, "7": 0.44065573770491806, "8": 0.49952185792349724, "9": 0.4845218579234972, "10": 0.43626593806921676, "11": 0.6294444444444445, "12": 0.6352777777777778, "13": 0.6394444444444445, "14": 0.6411111111111112, "15": 0.6461111111111111, "16": 0.6527777777777778, "17": 0.6593670309653916, "18": 0.6625455373406193, "19": 0.5953551912568306, "20": 0.5844262295081968, "21": 0.36240437158469946, "22": 0.48078779599271404, "23": 0.4706921675774135, "24": 0.46067395264116573, "25": 0.4411794171220401, "26": 0.48739526411657563, "27": 0.43447176684881605, "28": 0.4479781420765027, "29": 0.42429872495446264, "30": 0.4202686703096539, "31": 0.4387386156648452, "32": 0.635728597449909, "33": 0.43367941712204006, "34": 0.40368397085610197, "35": 0.418488160291439, "36": 0.5238114754098361, "37": 0.6091939890710383, "38": 0.6234380692167577, "39": 0.6005327868852459, "40": 0.5972586520947176, "41": 0.6142531876138433, "42": 0.6086338797814208, "43": 0.5976092896174864, "44": 0.5804143897996357, "45": 0.5677595628415301, "46": 0.39478597449908925, "47": 0.5181693989071039, "48": 0.5523360655737705, "49": 0.545591985428051, "50": 0.4901138433515483, "51": 0.5553369763205829, "52": 0.408620218579235, "53": 0.39730418943533696, "54": 0.35333333333333333, "55": 0.4687887067395264, "56": 0.4639071038251366, "57": 0.5802459016393443, "58": 0.5168214936247724, "59": 0.5663661202185792, "60": 0.5779735883424408, "61": 0.598228597449909, "62": 0.6009608378870674, "63": 0.38517304189435336, "64": 0.5573360655737705, "65": 0.43131147540983605, "66": 0.4211566484517304, "67": 0.3738706739526412, "68": 0.3697085610200364, "69": 0.40024590163934426, "70": 0.38424408014571954, "71": 0.3746129326047359, "72": 0.6158606557377049, "73": 0.6082650273224044, "74": 0.6024908925318762, "75": 0.5707650273224043, "76": 0.5991393442622951, "77": 0.6061930783242259, "78": 0.6018715846994536, "79": 0.5676639344262295, "80": 0.6121220400728598, "81": 0.6185746812386157, "82": 0.6285928961748635, "83": 0.6471402550091074, "84": 0.6448724954462659, "85": 0.6382832422586521, "86": 0.6325273224043716, "87": 0.6293488160291438, "88": 0.6128779599271402, "89": 0.6127231329690346, "90": 0.6133242258652095, "91": 0.6147586520947177, "92": 0.5729963570127504, "93": 0.4514162112932605, "94": 0.5969444444444445, "95": 0.6074134790528234, "96": 0.6072586520947176, "97": 0.5857832422586521, "98": 0.5676457194899818, "99": 0.5822950819672131, "100": 0.5129963570127505, "101": 0.5022814207650274, "102": 0.5487704918032787, "103": 0.35563752276867033, "104": 0.3770901639344262, "105": 0.396643897996357, "106": 0.6124726775956284, "107": 0.4509790528233151, "108": 0.42764571948998176, "109": 0.40066939890710385, "110": 0.4490664845173042, "111": 0.43523224043715847, "112": 0.4912704918032787, "113": 0.41433970856102004, "114": 0.5188661202185793, "115": 0.5537112932604735, "116": 0.43445810564663023, "117": 0.4517622950819672, "118": 0.4705009107468124, "119": 0.48894808743169393, "120": 0.49943078324225865, "121": 0.5062704918032787, "122": 0.5210928961748634, "123": 0.4596903460837887, "124": 0.40447632058287797, "125": 0.5890573770491804, "126": 0.5308242258652095, "127": 0.40011839708561014, "128": 0.509544626593807, "129": 0.5486930783242259, "130": 0.4282149362477231, "131": 0.5461338797814208, "132": 0.48188069216757745, "133": 0.487103825136612, "134": 0.5494854280510018, "135": 0.5670127504553734, "136": 0.5770901639344261, "137": 0.4523269581056466, "138": 0.5392622950819672, "139": 0.3874817850637523, "140": 0.6422404371584699, "141": 0.5924681238615666, "142": 0.5291393442622951, "143": 0.4118806921675774, "144": 0.4540846994535519, "145": 0.4640255009107468, "146": 0.6060382513661202, "147": 0.48507741347905287, "148": 0.6746994535519126, "149": 0.6286566484517304, "150": 0.6067395264116575, "151": 0.4612659380692168, "152": 0.6991347905282331, "153": 0.47138888888888886, "154": 0.4796630236794171, "155": 0.48429417122040075, "156": 0.3955236794171221, "157": 0.471252276867031, "158": 0.4596448087431694, "159": 0.44879326047358836, "160": 0.4405191256830601, "161": 0.4375546448087432, "162": 0.3769398907103825, "163": 0.4468761384335155, "164": 0.6068670309653916, "165": 0.578091985428051, "166": 0.5638661202185793, "167": 0.5939617486338797, "168": 0.5145218579234973, "169": 0.5940072859744991, "170": 0.6167577413479053, "171": 0.6696994535519125, "172": 0.5485063752276866, "173": 0.4809608378870674, "174": 0.5295628415300546, "175": 0.6950455373406192, "176": 0.6515619307832422, "177": 0.48029143897996357, "178": 0.6202413479052824, "179": 0.6216757741347905, "180": 0.6248542805100181, "181": 0.6288661202185792, "182": 0.6293123861566484, "183": 0.6047586520947177, "184": 0.6003597449908925, "185": 0.5967941712204007, "186": 0.5748770491803279, "187": 0.506316029143898, "188": 0.5187295081967214, "189": 0.4878779599271402, "190": 0.48225865209471763, "191": 0.6083242258652095, "192": 0.5304826958105646, "193": 0.49888433515482694, "194": 0.6320264116575592, "195": 0.5520218579234972, "196": 0.5319262295081968, "197": 0.541188524590164, "198": 0.5397768670309654, "199": 0.6850455373406192, "200": 0.6733788706739526, "201": 0.6543306010928962, "202": 0.5900136612021858, "203": 0.5470081967213115, "204": 0.611775956284153, "205": 0.5198406193078324, "206": 0.5478233151183971, "207": 0.5283105646630237, "208": 0.6614435336976321, "209": 0.5391575591985428, "210": 0.5866621129326047, "211": 0.6120673952641166, "212": 0.5693169398907104, "213": 0.5071311475409837, "214": 0.555655737704918, "215": 0.5083333333333333, "216": 0.5537932604735883, "217": 0.5306102003642987, "218": 0.5623542805100181, "219": 0.5593123861566485, "220": 0.5594080145719491, "221": 0.4679371584699453, "222": 0.4421448087431694, "223": 0.4240846994535519, "224": 0.41383424408014574, "225": 0.40972677595628415, "226": 0.42517304189435334, "227": 0.42618397085610205, "228": 0.45011384335154825, "229": 0.46437613843351544, "230": 0.4789480874316939, "231": 0.489275956284153, "232": 0.49687158469945353, "233": 0.5017349726775957, "234": 0.4244398907103825, "235": 0.5626457194899818, "236": 0.5395628415300546, "237": 0.5705510018214937, "238": 0.5810154826958105, "239": 0.5722176684881604, "240": 0.5696220400728598, "241": 0.5845810564663023, "242": 0.5888251366120218, "243": 0.4907468123861567, "244": 0.5013661202185793, "245": 0.5075865209471766, "246": 0.4347449908925319, "247": 0.42071493624772316, "248": 0.5637067395264117, "249": 0.6045901639344262, "250": 0.6044626593806921, "251": 0.598287795992714, "252": 0.5846129326047359, "253": 0.5954644808743169, "254": 0.6054826958105646, "255": 0.6133105646630237, "256": 0.5747495446265938, "257": 0.5700956284153005, "258": 0.559011839708561, "259": 0.5826912568306011, "260": 0.594143897996357, "261": 0.6290072859744991, "262": 0.7168624772313297, "263": 0.6057331511839709, "264": 0.6478415300546447, "265": 0.632436247723133, "266": 0.6349225865209471, "267": 0.6356056466302369, "268": 0.6471174863387978, "269": 0.6541894353369764, "270": 0.668219489981785, "271": 0.6578916211293261, "272": 0.6677550091074682, "273": 0.694148451730419, "274": 0.5977959927140255, "275": 0.590528233151184, "276": 0.5996265938069216, "277": 0.5864754098360656, "278": 0.6215528233151184, "279": 0.6166302367941712, "280": 0.6659653916211293, "281": 0.5762841530054645, "282": 0.5642030965391621, "283": 0.582108378870674, "284": 0.5710018214936248, "285": 0.5259335154826958, "286": 0.5539936247723133, "287": 0.6923451730418944, "288": 0.7227276867030965, "289": 0.6182786885245901, "290": 0.6125045537340619, "291": 0.6864162112932605, "292": 0.6828506375227686, "293": 0.5809061930783243, "294": 0.6256420765027322, "295": 0.5458333333333333, "296": 0.5393214936247723, "297": 0.50683970856102, "298": 0.5756147540983606,