{"label": 5, "0": 0.564970238095238, "1": 0.5182738095238095, "2": 0.5296577380952381, "3": 0.47016369047619044, "4": 0.5066071428571428, "5": 0.49132440476190475, "6": 0.4560416666666667, "7": 0.3622916666666667, "8": 0.4274255952380952, "9": 0.41214285714285714, "10": 0.36352678571428576, "11": 0.5691369047619047, "12": 0.5713541666666666, "13": 0.5738541666666667, "14": 0.5738541666666667, "15": 0.5771875, "16": 0.5805208333333334, "17": 0.5844047619047619, "18": 0.5916071428571428, "19": 0.5241071428571429, "20": 0.5126636904761905, "21": 0.27398809523809525, "22": 0.4035565476190476, "23": 0.3929464285714286, "24": 0.3806696428571429, "25": 0.3597619047619047, "26": 0.41333333333333333, "27": 0.35458333333333336, "28": 0.3699255952380952, "29": 0.3436904761904762, "30": 0.3386458333333333, "31": 0.35470238095238094, "32": 0.5644494047619047, "33": 0.3550446428571429, "34": 0.3120089285714286, "35": 0.3324107142857143, "36": 0.4451934523809524, "37": 0.5476785714285715, "38": 0.5568452380952381, "39": 0.5351041666666667, "40": 0.5269940476190476, "41": 0.5442857142857143, "42": 0.5339583333333333, "43": 0.5188392857142857, "44": 0.5071130952380952, "45": 0.4932142857142857, "46": 0.30938988095238096, "47": 0.4425297619047619, "48": 0.4739136904761905, "49": 0.4669642857142857, "50": 0.4038988095238095, "51": 0.4798809523809524, "52": 0.3248065476190476, "53": 0.3127827380952381, "54": 0.26571428571428574, "55": 0.3917410714285714, "56": 0.38748511904761906, "57": 0.49962797619047616, "58": 0.43431547619047617, "59": 0.49090773809523813, "60": 0.5042857142857142, "61": 0.5163690476190476, "62": 0.5197172619047619, "63": 0.2991369047619048, "64": 0.4789136904761905, "65": 0.34964285714285714, "66": 0.33796130952380954, "67": 0.2931845238095238, "68": 0.28520833333333334, "69": 0.3196130952380952, "70": 0.2982440476190476, "71": 0.28819940476190475, "72": 0.5526785714285715, "73": 0.5406696428571429, "74": 0.5308928571428572, "75": 0.495639880952381, "76": 0.5186011904761905, "77": 0.5261309523809524, "78": 0.5208333333333333, "79": 0.4934375, "80": 0.5367410714285714, "81": 0.5470684523809524, "82": 0.5604613095238096, "83": 0.5756994047619047, "84": 0.5679464285714286, "85": 0.5648958333333334, "86": 0.5615625, "87": 0.5593452380952381, "88": 0.5367410714285714, "89": 0.5353422619047619, "90": 0.5358928571428572, "91": 0.5361607142857143, "92": 0.4946875, "93": 0.3617261904761905, "94": 0.5274404761904762, "95": 0.5278125, "96": 0.5275297619047619, "97": 0.5129166666666667, "98": 0.49004464285714283, "99": 0.5090178571428572, "100": 0.43552083333333336, "101": 0.42181547619047616, "102": 0.4705654761904762, "103": 0.2713690476190476, "104": 0.2939136904761905, "105": 0.31284226190476194, "106": 0.5361160714285714, "107": 0.3711607142857143, "108": 0.3511458333333333, "109": 0.3238988095238095, "110": 0.36867559523809523, "111": 0.34824404761904765, "112": 0.41781250000000003, "113": 0.3310863095238095, "114": 0.44507440476190474, "115": 0.47784226190476187, "116": 0.34373511904761905, "117": 0.36495535714285715, "118": 0.3853125, "119": 0.40876488095238095, "120": 0.42273809523809525, "121": 0.4314136904761905, "122": 0.44514880952380953, "123": 0.3695833333333333, "124": 0.3199255952380953, "125": 0.5174107142857143, "126": 0.45559523809523805, "127": 0.3080952380952381, "128": 0.4359077380952381, "129": 0.47028273809523813, "130": 0.3483482142857143, "131": 0.4700595238095238, "132": 0.39620535714285715, "133": 0.4144791666666667, "134": 0.4737202380952381, "135": 0.48696428571428574, "136": 0.5022470238095238, "137": 0.3600744047619048, "138": 0.45549107142857137, "139": 0.2984375, "140": 0.5719345238095238, "141": 0.5210267857142857, "142": 0.45165178571428577, "143": 0.32346726190476194, "144": 0.37540178571428573, "145": 0.3862797619047619, "146": 0.5247321428571429, "147": 0.3957142857142857, "148": 0.6109375, "149": 0.5604761904761905, "150": 0.5351190476190476, "151": 0.3868601190476191, "152": 0.6396726190476191, "153": 0.39549107142857143, "154": 0.404985119047619, "155": 0.4108482142857143, "156": 0.3082142857142857, "157": 0.3972023809523809, "158": 0.384375, "159": 0.3732142857142857, "160": 0.3637202380952381, "161": 0.3595238095238095, "162": 0.28672619047619047, "163": 0.36758928571428573, "164": 0.5388244047619047, "165": 0.5014136904761906, "166": 0.48924107142857143, "167": 0.5218005952380952, "168": 0.4415922619047619, "169": 0.5184375, "170": 0.5446279761904762, "171": 0.6014880952380952, "172": 0.47105654761904764, "173": 0.407514880952381, "174": 0.4548363095238095, "175": 0.6293898809523809, "176": 0.5852827380952381, "177": 0.3909375, "178": 0.5470684523809524, "179": 0.5473363095238095, "180": 0.5487202380952381, "181": 0.5517708333333333, "182": 0.5545089285714285, "183": 0.5255803571428572, "184": 0.5236309523809524, "185": 0.5205654761904761, "186": 0.49409226190476185, "187": 0.4188541666666667, "188": 0.4448363095238095, "189": 0.4134077380952381, "190": 0.40809523809523807, "191": 0.5278125, "192": 0.4455208333333333, "193": 0.4240178571428571, "194": 0.5594791666666667, "195": 0.4788244047619048, "196": 0.45793154761904764, "197": 0.46687500000000004, "198": 0.4642410714285714, "199": 0.6185565476190477, "200": 0.6041071428571428, "201": 0.5829017857142857, "202": 0.5112797619047619, "203": 0.4682886904761905, "204": 0.5369047619047619, "205": 0.4373214285714285, "206": 0.46684523809523815, "207": 0.44449404761904765, "208": 0.5917708333333334, "209": 0.4630952380952381, "210": 0.508452380952381, "211": 0.5374255952380952, "212": 0.4876190476190476, "213": 0.41934523809523805, "214": 0.47337797619047617, "215": 0.42153273809523806, "216": 0.47180059523809526, "217": 0.45535714285714285, "218": 0.48730654761904757, "219": 0.4817113095238095, "220": 0.4845535714285715, "221": 0.39141369047619046, "222": 0.36242559523809526, "223": 0.34345238095238095, "224": 0.33004464285714286, "225": 0.32666666666666666, "226": 0.3416369047619048, "227": 0.3342261904761905, "228": 0.3666815476190476, "229": 0.3817410714285714, "230": 0.3998809523809524, "231": 0.4132886904761905, "232": 0.42251488095238093, "233": 0.42727678571428573, "234": 0.3342113095238095, "235": 0.4850446428571428, "236": 0.4659523809523809, "237": 0.4962351190476191, "238": 0.5090476190476191, "239": 0.4990178571428571, "240": 0.4928422619047619, "241": 0.5121130952380952, "242": 0.5165625, "243": 0.4181101190476191, "244": 0.428422619047619, "245": 0.43455357142857143, "246": 0.3567261904761905, "247": 0.3397321428571428, "248": 0.4916517857142857, "249": 0.5366964285714285, "250": 0.5361011904761905, "251": 0.5544196428571428, "252": 0.5137797619047619, "253": 0.5257738095238095, "254": 0.5380505952380952, "255": 0.5483928571428571, "256": 0.5020684523809523, "257": 0.5010714285714286, "258": 0.48851190476190476, "259": 0.5169642857142858, "260": 0.5289434523809524, "261": 0.5692857142857143, "262": 0.6598809523809523, "263": 0.540610119047619, "264": 0.610297619047619, "265": 0.5771279761904762, "266": 0.5741071428571429, "267": 0.5778125000000001, "268": 0.5847470238095238, "269": 0.5934226190476191, "270": 0.6056845238095239, "271": 0.5947916666666666, "272": 0.6045535714285715, "273": 0.6354761904761905, "274": 0.5286011904761905, "275": 0.5188839285714286, "276": 0.5376339285714286, "277": 0.5198214285714285, "278": 0.5567857142857143, "279": 0.550952380952381, "280": 0.613452380952381, "281": 0.5044345238095238, "282": 0.49416666666666664, "283": 0.5170238095238096, "284": 0.5210267857142857, "285": 0.4469791666666667, "286": 0.48151785714285716, "287": 0.6363541666666667, "288": 0.7035863095238095, "289": 0.5525744047619048, "290": 0.5458630952380952, "291": 0.6207291666666667, "292": 0.6184970238095238, "293": 0.5170535714285714, "294": 0.5617857142857143, "295": 0.46961309523809525, "296": 0.46267857142857144, "297": 0.4430208333333333, "298": 0.521547619047619, "299": 0.4538244047619048, "300": 0.5423958333333333, "301": 0.5516071428571429,