{"label": 0, "0": 0.5909803921568627, "1": 0.5501120448179272, "2": 0.5619957983193278, "3": 0.5062745098039215, "4": 0.5401120448179272, "5": 0.5259453781512605, "6": 0.495546218487395, "7": 0.40984593837535016, "8": 0.4713795518207283, "9": 0.45887955182072826, "10": 0.41764705882352937, "11": 0.5951470588235294, "12": 0.6009803921568627, "13": 0.6053641456582634, "14": 0.6103641456582632, "15": 0.6153641456582633, "16": 0.62203081232493, "17": 0.6297478991596639, "18": 0.6357633053221289, "19": 0.5559453781512605, "20": 0.5446078431372549, "21": 0.3294607843137255, "22": 0.4488585434173669, "23": 0.43813725490196076, "24": 0.42763305322128853, "25": 0.4077100840336134, "26": 0.45581232492997203, "27": 0.4035014005602241, "28": 0.41693977591036413, "29": 0.3915126050420168, "30": 0.3883263305322129, "31": 0.40492296918767506, "32": 0.6034943977591036, "33": 0.4029271708683473, "34": 0.365875350140056, "35": 0.3843837535014006, "36": 0.485672268907563, "37": 0.5767086834733893, "38": 0.5915266106442577, "39": 0.5709873949579831, "40": 0.5694677871148459, "41": 0.5847899159663865, "42": 0.5809873949579831, "43": 0.5630252100840336, "44": 0.5396078431372549, "45": 0.5275070028011205, "46": 0.3594187675070028, "47": 0.48316526610644256, "48": 0.5106302521008403, "49": 0.504796918767507, "50": 0.4512254901960784, "51": 0.5160574229691877, "52": 0.37339635854341735, "53": 0.36158963585434173, "54": 0.323515406162465, "55": 0.43551820728291313, "56": 0.43266106442577035, "57": 0.5446218487394958, "58": 0.4793487394957983, "59": 0.5250840336134454, "60": 0.538921568627451, "61": 0.5733823529411765, "62": 0.5746498599439775, "63": 0.3484033613445378, "64": 0.5156302521008403, "65": 0.39650560224089637, "66": 0.38502100840336134, "67": 0.35143557422969185, "68": 0.3392016806722689, "69": 0.37230392156862746, "70": 0.34768207282913166, "71": 0.34181372549019606, "72": 0.5835924369747899, "73": 0.5783053221288516, "74": 0.5742857142857143, "75": 0.5307352941176471, "76": 0.5735994397759103, "77": 0.579250700280112, "78": 0.576750700280112, "79": 0.5270028011204482, "80": 0.5847549019607843, "81": 0.589390756302521, "82": 0.5959103641456582, "83": 0.6172899159663866, "84": 0.6142086834733893, "85": 0.6085924369747899, "86": 0.6029761904761906, "87": 0.6000770308123249, "88": 0.5872549019607842, "89": 0.5857703081232493, "90": 0.5859523809523809, "91": 0.5861344537815126, "92": 0.535343137254902, "93": 0.4140266106442577, "94": 0.5594957983193277, "95": 0.5820028011204481, "96": 0.580735294117647, "97": 0.5462394957983193, "98": 0.5267156862745098, "99": 0.5424719887955183, "100": 0.4763935574229692, "101": 0.4649859943977591, "102": 0.5076960784313725, "103": 0.3293067226890756, "104": 0.34705882352941175, "105": 0.36064425770308123, "106": 0.5780952380952381, "107": 0.4169327731092437, "108": 0.40276610644257704, "109": 0.3806652661064426, "110": 0.4165126050420168, "111": 0.4006512605042017, "112": 0.45961484593837537, "113": 0.38177170868347343, "114": 0.48406862745098034, "115": 0.5129831932773109, "116": 0.39471288515406167, "117": 0.4148879551820728, "118": 0.43397759103641453, "119": 0.45458683473389355, "120": 0.4663935574229692, "121": 0.4739985994397759, "122": 0.48544117647058826, "123": 0.41953081232492995, "124": 0.3704341736694678, "125": 0.5488095238095239, "126": 0.4942156862745098, "127": 0.36377450980392156, "128": 0.4776190476190476, "129": 0.5085294117647059, "130": 0.39662464985994395, "131": 0.5071498599439777, "132": 0.4442787114845938, "133": 0.456281512605042, "134": 0.5088865546218487, "135": 0.5264075630252101, "136": 0.53890756302521, "137": 0.412359943977591, "138": 0.49963585434173674, "139": 0.3521778711484594, "140": 0.6109593837535015, "141": 0.5534103641456583, "142": 0.4920448179271709, "143": 0.37742997198879547, "144": 0.42201680672268904, "145": 0.4323039215686275, "146": 0.5788165266106443, "147": 0.4445658263305322, "148": 0.6517857142857143, "149": 0.5962535014005602, "150": 0.5696638655462185, "151": 0.43826330532212887, "152": 0.6836974789915966, "153": 0.43987394957983195, "154": 0.4484943977591036, "155": 0.4539635854341737, "156": 0.3603641456582633, "157": 0.4416106442577031, "158": 0.4304901960784314, "159": 0.42020308123249295, "160": 0.41241596638655464, "161": 0.4077801120448179, "162": 0.3425420168067227, "163": 0.41488095238095235, "164": 0.5711624649859944, "165": 0.5383473389355742, "166": 0.5234173669467788, "167": 0.5562394957983193, "168": 0.4838795518207283, "169": 0.5550630252100841, "170": 0.5824859943977592, "171": 0.6424019607843137, "172": 0.5115196078431372, "173": 0.4514635854341737, "174": 0.49392156862745096, "175": 0.6743137254901961, "176": 0.6230602240896359, "177": 0.44011204481792715, "178": 0.5925070028011205, "179": 0.5937394957983193, "180": 0.5947549019607843, "181": 0.5995378151260504, "182": 0.5973669467787115, "183": 0.5782352941176471, "184": 0.574250700280112, "185": 0.5694327731092437, "186": 0.537156862745098, "187": 0.46637254901960784, "188": 0.48392156862745095, "189": 0.45656862745098037, "190": 0.45066526610644253, "191": 0.5811694677871149, "192": 0.4901050420168067, "193": 0.46645658263305323, "194": 0.5991806722689076, "195": 0.5161624649859944, "196": 0.4954411764705883, "197": 0.505329131652661, "198": 0.5021848739495798, "199": 0.6618137254901961, "200": 0.6465966386554622, "201": 0.6247549019607843, "202": 0.552703081232493, "203": 0.5082422969187674, "204": 0.5750910364145658, "205": 0.4813655462184874, "206": 0.5085714285714286, "207": 0.4894117647058824, "208": 0.6320028011204482, "209": 0.5006652661064426, "210": 0.5486484593837535, "211": 0.5758543417366947, "212": 0.5309663865546218, "213": 0.4652170868347339, "214": 0.5152100840336135, "215": 0.46724789915966386, "216": 0.516218487394958, "217": 0.49406862745098035, "218": 0.5211344537815126, "219": 0.5173319327731092, "220": 0.5186694677871149, "221": 0.4368977591036415, "222": 0.40922268907563025, "223": 0.3915826330532213, "224": 0.3793767507002801, "225": 0.3757563025210084, "226": 0.39155462184873946, "227": 0.3867086834733894, "228": 0.4153921568627451, "229": 0.4304971988795518, "230": 0.4454201680672269, "231": 0.4576260504201681, "232": 0.46584733893557423, "233": 0.4700840336134454, "234": 0.38837535014005603, "235": 0.5217156862745098, "236": 0.5020378151260504, "237": 0.5295378151260504, "238": 0.541890756302521, "239": 0.5322549019607843, "240": 0.5282002801120448, "241": 0.5456582633053221, "242": 0.548375350140056, "243": 0.4604831932773109, "244": 0.4695028011204482, "245": 0.47558823529411764, "246": 0.4052450980392157, "247": 0.38890756302521007, "248": 0.5283333333333333, "249": 0.5860994397759103, "250": 0.5677170868347339, "251": 0.6025700280112045, "252": 0.5589355742296919, "253": 0.5713235294117647, "254": 0.5839285714285715, "255": 0.5955182072829133, "256": 0.5459313725490196, "257": 0.5495098039215687, "258": 0.5356372549019608, "259": 0.5648319327731093, "260": 0.5782352941176471, "261": 0.6135224089635853, "262": 0.7011834733893558, "263": 0.5878011204481792, "264": 0.6492717086834734, "265": 0.6236624649859943, "266": 0.6075210084033613, "267": 0.6019187675070028, "268": 0.6125350140056023, "269": 0.6203571428571428, "270": 0.6335434173669467, "271": 0.6226050420168068, "272": 0.6314075630252101, "273": 0.6733193277310925, "274": 0.5606162464985994, "275": 0.5516666666666667, "276": 0.5881932773109244, "277": 0.5556442577030812, "278": 0.5894117647058823, "279": 0.5846288515406162, "280": 0.6442857142857144, "281": 0.5391666666666667, "282": 0.5427310924369748, "283": 0.566421568627451, "284": 0.5714145658263305, "285": 0.49245798319327727, "286": 0.528249299719888, "287": 0.670889355742297, "288": 0.7343837535014006, "289": 0.5849579831932773, "290": 0.5777871148459384, "291": 0.6500630252100841, "292": 0.6469117647058824, "293": 0.5689915966386555, "294": 0.5944117647058824, "295": 0.5185714285714286, "296": 0.5123389355742297, "297": 0.495343137254902,