{"label": 6, "0": 0.5670238095238095, "1": 0.5342857142857143, "2": 0.5476190476190476, "3": 0.49607142857142855, "4": 0.5244047619047618, "5": 0.5128571428571429, "6": 0.4857142857142857, "7": 0.4125, "8": 0.46345238095238095, "9": 0.45107142857142857, "10": 0.40976190476190477, "11": 0.5720238095238095, "12": 0.5770238095238095, "13": 0.5811904761904761, "14": 0.5811904761904761, "15": 0.5852380952380952, "16": 0.5902380952380952, "17": 0.5951190476190477, "18": 0.6121428571428571, "19": 0.540952380952381, "20": 0.5314285714285714, "21": 0.34273809523809523, "22": 0.4475, "23": 0.43785714285714283, "24": 0.4275, "25": 0.41095238095238096, "26": 0.45535714285714285, "27": 0.40595238095238095, "28": 0.42000000000000004, "29": 0.39714285714285713, "30": 0.39369047619047615, "31": 0.40809523809523807, "32": 0.5853571428571429, "33": 0.4070238095238095, "34": 0.3766666666666667, "35": 0.39, "36": 0.4777380952380953, "37": 0.5521428571428572, "38": 0.565595238095238, "39": 0.5421428571428571, "40": 0.5385714285714286, "41": 0.5560714285714285, "42": 0.5501190476190476, "43": 0.5435714285714286, "44": 0.5257142857142857, "45": 0.5139285714285714, "46": 0.37011904761904757, "47": 0.47654761904761905, "48": 0.49928571428571433, "49": 0.49333333333333335, "50": 0.44547619047619047, "51": 0.5041666666666667, "52": 0.3825, "53": 0.37142857142857144, "54": 0.33499999999999996, "55": 0.4357142857142857, "56": 0.4336904761904762, "57": 0.5251190476190476, "58": 0.4844047619047619, "59": 0.5135714285714286, "60": 0.5254761904761905, "61": 0.5383333333333333, "62": 0.5411904761904762, "63": 0.3616666666666667, "64": 0.5041666666666667, "65": 0.4007142857142857, "66": 0.3913095238095238, "67": 0.35297619047619044, "68": 0.3473809523809524, "69": 0.3726190476190476, "70": 0.3610714285714286, "71": 0.35273809523809524, "72": 0.5588095238095239, "73": 0.549047619047619, "74": 0.5439285714285714, "75": 0.5189285714285714, "76": 0.5402380952380952, "77": 0.5457142857142857, "78": 0.5430952380952381, "79": 0.5142857142857142, "80": 0.5536904761904762, "81": 0.5604761904761905, "82": 0.5698809523809524, "83": 0.5961904761904762, "84": 0.5801190476190476, "85": 0.5752380952380952, "86": 0.5721428571428572, "87": 0.5707142857142857, "88": 0.5536904761904762, "89": 0.5525, "90": 0.5521428571428572, "91": 0.5535714285714286, "92": 0.5201190476190476, "93": 0.4248809523809524, "94": 0.5442857142857143, "95": 0.5479761904761905, "96": 0.5477380952380952, "97": 0.5325, "98": 0.5146428571428572, "99": 0.5298809523809523, "100": 0.470952380952381, "101": 0.45952380952380956, "102": 0.49726190476190474, "103": 0.33630952380952384, "104": 0.35285714285714287, "105": 0.3711904761904762, "106": 0.5588095238095239, "107": 0.41869047619047617, "108": 0.3992857142857143, "109": 0.37642857142857145, "110": 0.4182142857142857, "111": 0.4023809523809524, "112": 0.4586904761904762, "113": 0.3880952380952381, "114": 0.47845238095238096, "115": 0.5017857142857143, "116": 0.39916666666666667, "117": 0.4147619047619048, "118": 0.43059523809523803, "119": 0.4498809523809524, "120": 0.46178571428571424, "121": 0.46916666666666673, "122": 0.4786904761904762, "123": 0.42000000000000004, "124": 0.3786904761904762, "125": 0.5344047619047619, "126": 0.4857142857142857, "127": 0.3772619047619048, "128": 0.47285714285714286, "129": 0.49797619047619046, "130": 0.4013095238095238, "131": 0.4959523809523809, "132": 0.45190476190476186, "133": 0.45714285714285713, "134": 0.4988095238095238, "135": 0.5217857142857143, "136": 0.5369047619047619, "137": 0.4180952380952381, "138": 0.49690476190476185, "139": 0.36345238095238097, "140": 0.5933333333333334, "141": 0.5396428571428571, "142": 0.4827380952380952, "143": 0.38476190476190475, "144": 0.4235714285714286, "145": 0.43297619047619046, "146": 0.5454761904761904, "147": 0.4435714285714286, "148": 0.6283333333333333, "149": 0.5844047619047619, "150": 0.5628571428571428, "151": 0.42952380952380953, "152": 0.6545238095238095, "153": 0.4415476190476191, "154": 0.4492857142857143, "155": 0.45511904761904765, "156": 0.3711904761904762, "157": 0.44273809523809526, "158": 0.43154761904761907, "159": 0.42214285714285715, "160": 0.41440476190476194, "161": 0.41035714285714286, "162": 0.3569047619047619, "163": 0.4161904761904762, "164": 0.5558333333333334, "165": 0.5239285714285714, "166": 0.5110714285714286, "167": 0.5405952380952381, "168": 0.47583333333333333, "169": 0.5475, "170": 0.5708333333333333, "171": 0.6198809523809523, "172": 0.513095238095238, "173": 0.45178571428571423, "174": 0.48595238095238097, "175": 0.6461904761904762, "176": 0.6053571428571429, "177": 0.443452380952381, "178": 0.5603571428571429, "179": 0.5617857142857142, "180": 0.5622619047619047, "181": 0.5663095238095238, "182": 0.5769047619047619, "183": 0.5452380952380952, "184": 0.541547619047619, "185": 0.5370238095238096, "186": 0.5198809523809524, "187": 0.4592857142857143, "188": 0.47773809523809524, "189": 0.45571428571428574, "190": 0.4515476190476191, "191": 0.5479761904761905, "192": 0.485, "193": 0.4626190476190476, "194": 0.5810714285714286, "195": 0.5038095238095238, "196": 0.48773809523809525, "197": 0.49476190476190474, "198": 0.4922619047619048, "199": 0.6353571428571428, "200": 0.6229761904761905, "201": 0.6032142857142857, "202": 0.5382142857142858, "203": 0.4977380952380952, "204": 0.5603571428571429, "205": 0.47226190476190477, "206": 0.4972619047619048, "207": 0.48023809523809524, "208": 0.6109523809523809, "209": 0.49142857142857144, "210": 0.5379761904761905, "211": 0.5620238095238095, "212": 0.5172619047619047, "213": 0.4638095238095238, "214": 0.5073809523809524, "215": 0.46904761904761905, "216": 0.5019047619047619, "217": 0.48583333333333334, "218": 0.5088095238095238, "219": 0.5054761904761904, "220": 0.5060714285714286, "221": 0.43714285714285717, "222": 0.4125, "223": 0.39642857142857146, "224": 0.3855952380952381, "225": 0.3828571428571429, "226": 0.3961904761904762, "227": 0.3955952380952381, "228": 0.4161904761904762, "229": 0.4291666666666667, "230": 0.443452380952381, "231": 0.45511904761904765, "232": 0.46321428571428575, "233": 0.4666666666666667, "234": 0.4005952380952381, "235": 0.5088095238095238, "236": 0.4933333333333333, "237": 0.5164285714285715, "238": 0.5279761904761905, "239": 0.5189285714285714, "240": 0.5158333333333334, "241": 0.5307142857142857, "242": 0.535, "243": 0.46011904761904765, "244": 0.4675, "245": 0.47119047619047616, "246": 0.40821428571428575, "247": 0.39380952380952383, "248": 0.515, "249": 0.5677380952380953, "250": 0.5522619047619048, "251": 0.5814285714285714, "252": 0.5449999999999999, "253": 0.5563095238095238, "254": 0.5666666666666667, "255": 0.5766666666666667, "256": 0.534047619047619, "257": 0.5328571428571429, "258": 0.5222619047619047, "259": 0.5476190476190476, "260": 0.5584523809523809, "261": 0.5927380952380952, "262": 0.6732142857142858, "263": 0.569047619047619, "264": 0.6294047619047618, "265": 0.5992857142857142, "266": 0.5913095238095238, "267": 0.5804761904761905, "268": 0.5902380952380952, "269": 0.601547619047619, "270": 0.6151190476190476, "271": 0.6033333333333333, "272": 0.6144047619047619, "273": 0.6504761904761904, "274": 0.5446428571428572, "275": 0.5357142857142857, "276": 0.5671428571428572, "277": 0.5438095238095237, "278": 0.5729761904761905, "279": 0.5689285714285715, "280": 0.6263095238095238, "281": 0.5240476190476191, "282": 0.526547619047619, "283": 0.5466666666666666, "284": 0.5519047619047619, "285": 0.48404761904761906, "286": 0.5160714285714286, "287": 0.6498809523809523, "288": 0.7142857142857142, "289": 0.569404761904762, "290": 0.5623809523809524, "291": 0.6347619047619047, "292": 0.6310714285714285, "293": 0.5475, "294": 0.5779761904761904, "295": 0.5048809523809524, "296": 0.4994047619047619, "297": 0.47904761904761906, "298": 0.5491666666666667, "299": 0.4872619047619048, "300": 0.5704761904761905, "301": 0.5771428571428572, "302": 0.5863095238095237, "303": 0.6028571428571429,