{"label": 8, "0": 0.6539852398523985, "1": 0.6192527675276753, "2": 0.6273185731857318, "3": 0.5689268142681427, "4": 0.6075861008610086, "5": 0.5908302583025831, "6": 0.5504735547355473, "7": 0.45911439114391145, "8": 0.5177952029520295, "9": 0.5019618696186962, "10": 0.44595018450184504, "11": 0.6581519065190652, "12": 0.6623185731857318, "13": 0.664729397293973, "14": 0.664729397293973, "15": 0.669729397293973, "16": 0.674729397293973, "17": 0.6805627306273063, "18": 0.6920510455104552, "19": 0.6249969249692497, "20": 0.6112484624846248, "21": 0.3699538745387454, "22": 0.4986346863468635, "23": 0.48848708487084874, "24": 0.4774169741697417, "25": 0.45756765067650673, "26": 0.5070264452644526, "27": 0.45563038130381306, "28": 0.469289667896679, "29": 0.44354858548585485, "30": 0.4402460024600246, "31": 0.4556642066420664, "32": 0.6670264452644526, "33": 0.4527460024600246, "34": 0.4152521525215252, "35": 0.4369157441574416, "36": 0.5429212792127921, "37": 0.6367250922509224, "38": 0.6467250922509225, "39": 0.6243757687576876, "40": 0.6158056580565806, "41": 0.6347324723247233, "42": 0.6245848708487085, "43": 0.6122662976629767, "44": 0.6091051660516605, "45": 0.5955934809348093, "46": 0.4170633456334564, "47": 0.5394956949569496, "48": 0.5744956949569495, "49": 0.5668173431734318, "50": 0.5044434194341944, "51": 0.5814268142681427, "52": 0.433250307503075, "53": 0.42081180811808117, "54": 0.36120233702337023, "55": 0.4947324723247233, "56": 0.4844372693726937, "57": 0.5904520295202952, "58": 0.5356672816728167, "59": 0.5902982779827798, "60": 0.6020233702337023, "61": 0.607890528905289, "62": 0.6106580565805657, "63": 0.40768757687576873, "64": 0.577650676506765, "65": 0.4570571955719557, "66": 0.4452121771217712, "67": 0.384440344403444, "68": 0.38310578105781057, "69": 0.4144095940959409, "70": 0.40551660516605165, "71": 0.3867681426814268, "72": 0.6425584255842558, "73": 0.6295541205412054, "74": 0.620150676506765, "75": 0.593809963099631, "76": 0.6088130381303813, "77": 0.617770602706027, "78": 0.611580565805658, "79": 0.5943450184501845, "80": 0.6280965559655597, "81": 0.6381549815498155, "82": 0.650980934809348, "83": 0.6746125461254613, "84": 0.6640467404674046, "85": 0.6591359163591636, "86": 0.6542250922509225, "87": 0.650980934809348, "88": 0.6280965559655597, "89": 0.6279182041820418, "90": 0.6276506765067651, "91": 0.6291389913899139, "92": 0.5886346863468634, "93": 0.4623954489544896, "94": 0.625741082410824, "95": 0.6207164821648217, "96": 0.6197047970479705, "97": 0.6098800738007379, "98": 0.5862515375153752, "99": 0.6063683886838869, "100": 0.5332472324723248, "101": 0.5205412054120541, "102": 0.5682164821648217, "103": 0.3648308733087331, "104": 0.39081180811808114, "105": 0.42039360393603936, "106": 0.631669741697417, "107": 0.47613161131611315, "108": 0.4421740467404674, "109": 0.41080565805658054, "110": 0.4665252152521525, "111": 0.4519157441574416, "112": 0.5108948339483395, "113": 0.434920049200492, "114": 0.5420541205412055, "115": 0.5794649446494465, "116": 0.4481672816728167, "117": 0.46596248462484624, "118": 0.4849784747847478, "119": 0.5063745387453874, "120": 0.5197355473554736, "121": 0.5267281672816728, "122": 0.5419034440344404, "123": 0.47334563345633457, "124": 0.42393911439114396, "125": 0.6177060270602706, "126": 0.5520848708487085, "127": 0.4070387453874539, "128": 0.530119926199262, "129": 0.5672047970479706, "130": 0.4480442804428044, "131": 0.5710424354243543, "132": 0.49635301353013533, "133": 0.5067281672816728, "134": 0.5745233702337024, "135": 0.5902767527675277, "136": 0.6044434194341943, "137": 0.46543050430504307, "138": 0.5595049200492005, "139": 0.39846555965559655, "140": 0.6768480934809348, "141": 0.6211285362853629, "142": 0.5485147601476015, "143": 0.4291789667896679, "144": 0.4710178351783518, "145": 0.4801537515375154, "146": 0.6175922509225092, "147": 0.49852398523985236, "148": 0.7122324723247233, "149": 0.6637546125461254, "150": 0.6379827798277983, "151": 0.47353936039360395, "152": 0.7361285362853629, "153": 0.489289667896679, "154": 0.49842558425584255, "155": 0.5030381303813038, "156": 0.4148031980319803, "157": 0.49000307503075025, "158": 0.47836715867158675, "159": 0.4683979089790897, "160": 0.4599169741697417, "161": 0.455959409594096, "162": 0.38415129151291516, "163": 0.464560270602706, "164": 0.6338960639606397, "165": 0.5957164821648216, "166": 0.5895541205412054, "167": 0.6181242312423125, "168": 0.5345510455104551, "169": 0.6219710947109471, "170": 0.6484870848708487, "171": 0.7047324723247232, "172": 0.5729274292742927, "173": 0.5014606396063961, "174": 0.5537792127921279, "175": 0.7287177121771218, "176": 0.687859778597786, "177": 0.49412054120541204, "178": 0.6381549815498155, "179": 0.6396432964329644, "180": 0.6419649446494465, "181": 0.6460424354243542, "182": 0.6530073800738008, "183": 0.6162822878228782, "184": 0.6136039360393604, "185": 0.6109255842558425, "186": 0.5859870848708487, "187": 0.5192066420664206, "188": 0.5402675276752767, "189": 0.5085424354243543, "190": 0.5019065190651907, "191": 0.618960639606396, "192": 0.5457841328413284, "193": 0.5205350553505534, "194": 0.6591389913899139, "195": 0.5764852398523985, "196": 0.5562484624846249, "197": 0.5638960639606396, "198": 0.5638099630996309, "199": 0.7178843788437884, "200": 0.7037177121771218, "201": 0.6843450184501845, "202": 0.6097970479704797, "203": 0.5653905289052891, "204": 0.6352121771217711, "205": 0.5360485854858549, "206": 0.5642312423124232, "207": 0.5433118081180812, "208": 0.6939883148831488, "209": 0.561340713407134, "210": 0.6105719557195571, "211": 0.6387546125461254, "212": 0.5837269372693727, "213": 0.5204581795817957, "214": 0.5740559655596555, "215": 0.5257564575645757, "216": 0.5674169741697417, "217": 0.5529766297662977, "218": 0.5889883148831488, "219": 0.5823523985239852, "220": 0.5871125461254613, "221": 0.49116236162361626, "222": 0.46437884378843786, "223": 0.44619618696186963, "224": 0.4339360393603936, "225": 0.42962177121771217, "226": 0.4429858548585486, "227": 0.4376629766297663, "228": 0.4654551045510455, "229": 0.4817035670356704, "230": 0.4965528905289053, "231": 0.5096463714637147, "232": 0.5182164821648216, "233": 0.5222632226322264, "234": 0.43379458794587944, "235": 0.583929889298893, "236": 0.5646125461254612, "237": 0.5990467404674047, "238": 0.6095817958179581, "239": 0.6007134071340714, "240": 0.5900307503075031, "241": 0.6131826568265683, "242": 0.6156826568265683, "243": 0.5112515375153752, "244": 0.5220541205412055, "245": 0.5283333333333333, "246": 0.45476937269372697, "247": 0.44054428044280447, "248": 0.5873769987699877, "249": 0.6159409594095941, "250": 0.6333886838868389, "251": 0.6135854858548585, "252": 0.5955873308733087, "253": 0.6057349323493235, "254": 0.6167158671586717, "255": 0.624720172201722, "256": 0.5864514145141451, "257": 0.5821924969249692, "258": 0.5709440344403445, "259": 0.5940959409594095, "260": 0.6064760147601476, "261": 0.6414452644526445, "262": 0.7475522755227553, "263": 0.6179643296432964, "264": 0.6692097170971709, "265": 0.6441820418204182, "266": 0.6584132841328414, "267": 0.6670787207872079, "268": 0.6743111931119311, "269": 0.6824938499384994, "270": 0.6932072570725707, "271": 0.6844587945879459, "272": 0.6927613776137761, "273": 0.7195448954489545, "274": 0.6284778597785978, "275": 0.6177337023370233, "276": 0.6094803198031981, "277": 0.6077613776137761, "278": 0.6474630996309964, "279": 0.641629766297663, "280": 0.6891236162361624, "281": 0.6017220172201723, "282": 0.5738284132841328, "283": 0.59099938499385, "284": 0.5835270602706027, "285": 0.5384471094710948, "286": 0.5657964329643297, "287": 0.7179366543665436, "288": 0.7566820418204181, "289": 0.646660516605166, "290": 0.6407687576875769, "291": 0.7082656826568265, "292": 0.7054981549815498, "293": 0.5882011070110701, "294": 0.6524630996309964, "295": 0.5551998769987699, "296": 0.5478782287822879, "297": 0.5154366543665436, "298": 0.5879920049200492,