{"label": 2, "0": 0.5965036563071298, "1": 0.5657510664229128, "2": 0.5740036563071298, "3": 0.5243525289457648, "4": 0.5557510664229128, "5": 0.5416651432053626, "6": 0.5102407068860451, "7": 0.4378412553321146, "8": 0.4879021937842779, "9": 0.4763162705667276, "10": 0.4299725776965265, "11": 0.6006703229737964, "12": 0.60308957952468, "13": 0.6055895795246801, "14": 0.6055895795246801, "15": 0.6097562461913467, "16": 0.6147562461913467, "17": 0.618842169408897, "18": 0.6278473491773309, "19": 0.5698369896404631, "20": 0.5598628884826325, "21": 0.3610359536867763, "22": 0.4726020719073736, "23": 0.4633805606337599, "24": 0.4534064594759293, "25": 0.4374375380865326, "26": 0.4782480195003047, "27": 0.4338909201706277, "28": 0.4456931748933577, "29": 0.42550274223034734, "30": 0.4224375380865326, "31": 0.43230195003046923, "32": 0.6044561243144424, "33": 0.43343235831809873, "34": 0.3961425959780622, "35": 0.41375228519195617, "36": 0.5039716636197441, "37": 0.5821206581352834, "38": 0.5922014015843997, "39": 0.5719043266301036, "40": 0.5670109689213894, "41": 0.5822273004265692, "42": 0.5749146861669714, "43": 0.5657190737355271, "44": 0.5557769652650822, "45": 0.5457769652650822, "46": 0.4019789762340037, "47": 0.5018235831809872, "48": 0.5288391224862888, "49": 0.5230057891529555, "50": 0.47047379646556975, "51": 0.5333577087141986, "52": 0.4174923826934796, "53": 0.40711456429006704, "54": 0.35533820840950636, "55": 0.46695917123705055, "56": 0.45816727605118834, "57": 0.5484064594759294, "58": 0.4975411334552102, "59": 0.5419850700792199, "60": 0.5526310176721512, "61": 0.5620368677635588, "62": 0.564779098110908, "63": 0.394963436928702, "64": 0.5320917123705058, "65": 0.43660725167580744, "66": 0.427279098110908, "67": 0.3757190737355271, "68": 0.3725700792199878, "69": 0.39945612431444244, "70": 0.39058043875685555, "71": 0.3749344911639244, "72": 0.5871206581352834, "73": 0.5778991468616697, "74": 0.5705057891529555, "75": 0.5463132236441194, "76": 0.5629509445460085, "77": 0.5700213284582571, "78": 0.5656931748933577, "79": 0.544888787324802, "80": 0.5774954296160877, "81": 0.5856413772090189, "82": 0.5956154783668495, "83": 0.6142169408897014, "84": 0.6052925045703839, "85": 0.6012065813528337, "86": 0.5971206581352834, "87": 0.5956154783668495, "88": 0.5774954296160877, "89": 0.577333942717855, "90": 0.5780057891529555, "91": 0.5786776355880561, "92": 0.5452894576477758, "93": 0.43756703229737964, "94": 0.5723369896404631, "95": 0.5729250457038391, "96": 0.5710161486898233, "97": 0.5595399146861669, "98": 0.5407480195003047, "99": 0.5569591712370505, "100": 0.49668799512492384, "101": 0.48515386959171236, "102": 0.5253443022547227, "103": 0.35937233394271784, "104": 0.3798567946374162, "105": 0.4063360755636807, "106": 0.5796983546617915, "107": 0.4526310176721511, "108": 0.4240554539914686, "109": 0.3988939670932358, "110": 0.44442717854966485, "111": 0.4270856185252895, "112": 0.4820658135283364, "113": 0.4165493601462523, "114": 0.5033028641072517, "115": 0.5327376599634369, "116": 0.42178854357099327, "117": 0.44189823278488727, "118": 0.4588619744058501, "119": 0.4763909201706277, "120": 0.48676873857404024, "121": 0.49265691651432053, "122": 0.5035999390615479, "123": 0.44262187690432664, "124": 0.4057419256550884, "125": 0.5652666057282145, "126": 0.5117428397318708, "127": 0.39256703229737966, "128": 0.4967169408897014, "129": 0.524430225472273, "130": 0.4287812309567337, "131": 0.525237659963437, "132": 0.46622333942717853, "133": 0.47873248019500303, "134": 0.5284643510054845, "135": 0.5400700792199877, "136": 0.5534841560024375, "137": 0.4368144424131627, "138": 0.5157678244972578, "139": 0.38345521023765994, "140": 0.6125472273004265, "141": 0.5678473491773309, "142": 0.5092687385740402, "143": 0.4062781840341255, "144": 0.4494820231566118, "145": 0.4584613040828763, "146": 0.569026508226691, "147": 0.4643692870201097, "148": 0.644081352833638, "149": 0.6014975624619134, "150": 0.5796145642900671, "151": 0.45231109079829374, "152": 0.6676051188299817, "153": 0.4649405850091408, "154": 0.47141986593540525, "155": 0.4769043266301036, "156": 0.3950152346130409, "157": 0.46391986593540524, "158": 0.4523598415600244, "159": 0.44413315051797686, "160": 0.437573126142596, "161": 0.434669408897014, "162": 0.37380408287629496, "163": 0.4431642291285801, "164": 0.5806703229737965, "165": 0.5503443022547228, "166": 0.5411517367458867, "167": 0.5669591712370505, "168": 0.49948811700182816, "169": 0.566119744058501, "170": 0.5888360755636807, "171": 0.636581352833638, "172": 0.5275152346130408, "173": 0.4735709932967702, "174": 0.5121206581352833, "175": 0.6601051188299817, "176": 0.6227087141986594, "177": 0.4620566727605119, "178": 0.5856413772090189, "179": 0.5863132236441194, "180": 0.5878184034125533, "181": 0.5909902498476538, "182": 0.5964198659354052, "183": 0.5693494820231566, "184": 0.5666879951249238, "185": 0.5631931748933576, "186": 0.5437294332723949, "187": 0.4829996953077392, "188": 0.5022014015843997, "189": 0.47937842778793416, "190": 0.47472730042656913, "191": 0.5729250457038391, "192": 0.5053382084095064, "193": 0.48843845216331505, "194": 0.6000213284582572, "195": 0.5309125533211456, "196": 0.5135191956124314, "197": 0.520993296770262, "198": 0.5197273004265692, "199": 0.6510191956124314, "200": 0.6385999390615479, "201": 0.6204798903107861, "202": 0.5598308957952468, "203": 0.5237035344302254, "204": 0.5798049969530774, "205": 0.4966042047531993, "206": 0.5228153564899451, "207": 0.5032967702620353, "208": 0.6284095063985374, "209": 0.5200761730652042, "210": 0.5581901279707495, "211": 0.582573126142596, "212": 0.5391849482023157, "213": 0.48461151736745883, "214": 0.5280545399146862, "215": 0.48746039000609387, "216": 0.5253412553321146, "217": 0.512388787324802, "218": 0.5404798903107861, "219": 0.5349146861669714, "220": 0.5383836075563682, "221": 0.463732480195003, "222": 0.4423598415600244, "223": 0.4278153564899452, "224": 0.4185131017672151, "225": 0.41445307739183423, "226": 0.42222120658135287, "227": 0.4142336989640463, "228": 0.4419530773918342, "229": 0.45534125533211456, "230": 0.4681383302864107, "231": 0.4792687385740403, "232": 0.48590950639853747, "233": 0.4907221206581353, "234": 0.4142336989640463, "235": 0.5374146861669713, "236": 0.5212065813528336, "237": 0.5477117611212675, "238": 0.5572821450335161, "239": 0.5493784277879342, "240": 0.5434902498476539, "241": 0.5599436319317489, "242": 0.5633577087141987, "243": 0.4832221206581353, "244": 0.4902925045703839, "245": 0.4947014015843998, "246": 0.4335938452163315, "247": 0.42294789762340035, "248": 0.5408059110298599, "249": 0.5779631322364411, "250": 0.5808059110298598, "251": 0.5904951249238269, "252": 0.5590356489945156, "253": 0.5690097501523461, "254": 0.5789838513101767, "255": 0.5884475929311395, "256": 0.5500563680682511, "257": 0.5520749542961609, "258": 0.5411060329067642, "259": 0.5637964655697745, "260": 0.5734475929311396, "261": 0.6042550274223035, "262": 0.6827437538086533, "263": 0.5817001828153565, "264": 0.6365706886045095, "265": 0.6112187690432663, "266": 0.6078534430225473, "267": 0.6076340645947593, "268": 0.6158059110298598, "269": 0.6236837294332724, "270": 0.6343296770262035, "271": 0.6249466788543572, "272": 0.634006703229738, "273": 0.6604600853138329, "274": 0.5739777574649604, "275": 0.5658059110298599, "276": 0.5830728214503351, "277": 0.5619104204753199, "278": 0.59441042047532, "279": 0.5894911639244362, "280": 0.6389320536258379, "281": 0.5524725776965265, "282": 0.548473491773309, "283": 0.5663513101767215, "284": 0.5621069469835466, "285": 0.5104311395490555, "286": 0.534465265082267, "287": 0.6604341864716636, "288": 0.7124558196221816, "289": 0.5929311395490554, "290": 0.5872044485070079, "291": 0.6493845216331505, "292": 0.6466422912858014, "293": 0.5660024375380865, "294": 0.5994911639244362, "295": 0.5292778793418647, "296": 0.5227726995734309, "297": 0.49597349177330896, "298": 0.5629661791590493,