{"label": 11, "0": 0.5867543859649123, "1": 0.5384649122807017, "2": 0.5534649122807018, "3": 0.48421052631578954, "4": 0.5251315789473684, "5": 0.5092982456140351, "6": 0.4698684210526316, "7": 0.3621491228070175, "8": 0.4404385964912281, "9": 0.42377192982456136, "10": 0.3687719298245614, "11": 0.593421052631579, "12": 0.6000877192982457, "13": 0.6050877192982457, "14": 0.6050877192982457, "15": 0.6125877192982456, "16": 0.6220175438596491, "17": 0.6311842105263158, "18": 0.6378947368421053, "19": 0.5459649122807018, "20": 0.5325438596491228, "21": 0.2569298245614035, "22": 0.41464912280701754, "23": 0.4001315789473684, "24": 0.3839473684210526, "25": 0.36030701754385963, "26": 0.4255701754385965, "27": 0.35521929824561405, "28": 0.37469298245614036, "29": 0.34210526315789475, "30": 0.3369736842105263, "31": 0.3530263157894737, "32": 0.5970614035087719, "33": 0.35416666666666663, "34": 0.30065789473684207, "35": 0.3268859649122807, "36": 0.45342105263157895, "37": 0.5656140350877192, "38": 0.5844736842105263, "39": 0.5533771929824561, "40": 0.5488157894736843, "41": 0.5718859649122807, "42": 0.5623245614035088, "43": 0.5435964912280702, "44": 0.5253070175438597, "45": 0.5106140350877193, "46": 0.3017543859649123, "47": 0.4535526315789474, "48": 0.48719298245614034, "49": 0.4794298245614035, "50": 0.4057456140350877, "51": 0.4967105263157895, "52": 0.3209649122807018, "53": 0.3057017543859649, "54": 0.24921052631578947, "55": 0.401140350877193, "56": 0.39587719298245616, "57": 0.5190350877192983, "58": 0.4423684210526316, "59": 0.5078508771929824, "60": 0.5243421052631579, "61": 0.5464912280701755, "62": 0.5497807017543859, "63": 0.2891666666666667, "64": 0.4930263157894737, "65": 0.3516666666666667, "66": 0.33837719298245617, "67": 0.2833333333333333, "68": 0.2704385964912281, "69": 0.3132017543859649, "70": 0.2866228070175439, "71": 0.27206140350877195, "72": 0.574780701754386, "73": 0.5625, "74": 0.5554385964912281, "75": 0.5128070175438596, "76": 0.5486842105263158, "77": 0.5577631578947368, "78": 0.5519736842105263, "79": 0.5085964912280703, "80": 0.5681140350877193, "81": 0.5774122807017543, "82": 0.5897368421052631, "83": 0.6159649122807017, "84": 0.6106140350877193, "85": 0.6025438596491228, "86": 0.5953070175438597, "87": 0.5897368421052631, "88": 0.5670175438596492, "89": 0.5673245614035087, "90": 0.568201754385965, "91": 0.5699122807017544, "92": 0.5124122807017544, "93": 0.3614912280701754, "94": 0.5492982456140351, "95": 0.5601754385964912, "96": 0.5585526315789473, "97": 0.5337280701754386, "98": 0.5079385964912281, "99": 0.5290350877192983, "100": 0.4446052631578947, "101": 0.426359649122807, "102": 0.4839035087719298, "103": 0.256359649122807, "104": 0.2806578947368421, "105": 0.30521929824561406, "106": 0.5650877192982456, "107": 0.37815789473684214, "108": 0.35074561403508775, "109": 0.3202631578947368, "110": 0.37021929824561406, "111": 0.3443859649122807, "112": 0.43210526315789477, "113": 0.3269298245614035, "114": 0.4564473684210526, "115": 0.4912280701754386, "116": 0.33574561403508774, "117": 0.3620175438596491, "118": 0.38728070175438595, "119": 0.41548245614035084, "120": 0.4337719298245614, "121": 0.4446491228070175, "122": 0.45894736842105266, "123": 0.3657017543859649, "124": 0.31293859649122807, "125": 0.5382894736842105, "126": 0.46741228070175433, "127": 0.29960526315789476, "128": 0.4492105263157895, "129": 0.48447368421052633, "130": 0.3462280701754386, "131": 0.4837280701754386, "132": 0.39780701754385966, "133": 0.42793859649122806, "134": 0.48745614035087714, "135": 0.5016228070175439, "136": 0.5191228070175439, "137": 0.3559210526315789, "138": 0.46495614035087723, "139": 0.2846929824561404, "140": 0.6060087719298245, "141": 0.5438157894736841, "142": 0.4620614035087719, "143": 0.31679824561403513, "144": 0.37864035087719294, "145": 0.39263157894736844, "146": 0.5572368421052631, "147": 0.3956578947368421, "148": 0.656140350877193, "149": 0.5904385964912281, "150": 0.5585087719298245, "151": 0.39543859649122803, "152": 0.6939912280701754, "153": 0.40578947368421053, "154": 0.4172807017543859, "155": 0.42521929824561405, "156": 0.29894736842105263, "157": 0.40535087719298246, "158": 0.38859649122807016, "159": 0.3746052631578948, "160": 0.3650438596491228, "161": 0.3587719298245614, "162": 0.2731578947368421, "163": 0.3692982456140351, "164": 0.5642982456140351, "165": 0.5205263157894737, "166": 0.5053508771929824, "167": 0.543201754385965, "168": 0.45570175438596494, "169": 0.5385526315789474, "170": 0.5721491228070176, "171": 0.6442105263157895, "172": 0.4838157894736842, "173": 0.42021929824561405, "174": 0.46798245614035083, "175": 0.682061403508772, "176": 0.6217982456140351, "177": 0.3905701754385965, "178": 0.5774122807017543, "179": 0.5791228070175438, "180": 0.5827631578947369, "181": 0.59, "182": 0.5890350877192982, "183": 0.5560526315789474, "184": 0.5508333333333333, "185": 0.5458771929824562, "186": 0.512280701754386, "187": 0.4228508771929824, "188": 0.4574122807017544, "189": 0.42723684210526314, "190": 0.42096491228070176, "191": 0.5601754385964912, "192": 0.45289473684210524, "193": 0.4378947368421052, "194": 0.5916666666666667, "195": 0.4959649122807018, "196": 0.4714473684210526, "197": 0.48236842105263156, "198": 0.4781140350877193, "199": 0.6678947368421053, "200": 0.652061403508772, "201": 0.6235526315789474, "202": 0.5329824561403509, "203": 0.48214912280701755, "204": 0.5627631578947369, "205": 0.4448684210526316, "206": 0.48013157894736835, "207": 0.45228070175438595, "208": 0.6330701754385966, "209": 0.476578947368421, "210": 0.529298245614035, "211": 0.5634649122807017, "212": 0.5039912280701755, "213": 0.42254385964912283, "214": 0.48622807017543856, "215": 0.42600877192982456, "216": 0.48640350877192984, "217": 0.46728070175438596, "218": 0.5025438596491227, "219": 0.4968421052631579, "220": 0.4999561403508772, "221": 0.4007456140350877, "222": 0.3660964912280702, "223": 0.3422368421052632, "224": 0.32666666666666666, "225": 0.3210087719298246, "226": 0.3383333333333333, "227": 0.32513157894736844, "228": 0.36596491228070177, "229": 0.38491228070175443, "230": 0.4068421052631579, "231": 0.42434210526315785, "232": 0.43552631578947365, "233": 0.4425877192982456, "234": 0.3290350877192983, "235": 0.5012719298245614, "236": 0.47798245614035084, "237": 0.5135087719298246, "238": 0.5289473684210526, "239": 0.5160087719298245, "240": 0.5098245614035087, "241": 0.5319736842105263, "242": 0.5375, "243": 0.43342105263157893, "244": 0.443859649122807, "245": 0.449078947368421, "246": 0.35688596491228075, "247": 0.3370614035087719, "248": 0.5107894736842105, "249": 0.582280701754386, "250": 0.560219298245614, "251": 0.603421052631579, "252": 0.5525438596491228, "253": 0.5687280701754386, "254": 0.5821491228070176, "255": 0.5949561403508772, "256": 0.5360526315789473, "257": 0.5356140350877193, "258": 0.5197368421052632, "259": 0.5545614035087719, "260": 0.5705263157894738, "261": 0.6183771929824562, "262": 0.7201315789473683, "263": 0.5852631578947368, "264": 0.6666228070175438, "265": 0.628421052631579, "266": 0.6124122807017545, "267": 0.601798245614035, "268": 0.6165350877192983, "269": 0.6271052631578947, "270": 0.6458333333333334, "271": 0.6313596491228071, "272": 0.6448245614035089, "273": 0.6875, "274": 0.5516228070175438, "275": 0.5413157894736842, "276": 0.5827192982456141, "277": 0.5470175438596491, "278": 0.586140350877193, "279": 0.5814035087719298, "280": 0.6606578947368421, "281": 0.5243859649122807, "282": 0.528201754385965, "283": 0.5567982456140351, "284": 0.5628070175438596, "285": 0.46692982456140353, "286": 0.5104824561403509, "287": 0.6859649122807017, "288": 0.7803508771929824, "289": 0.581578947368421, "290": 0.5725877192982456, "291": 0.6698245614035088, "292": 0.6665350877192983, "293": 0.5580701754385965, "294": 0.5928070175438597, "295": 0.4975, "296": 0.4899561403508772, "297": 0.46535087719298246, "298": 0.5599122807017545, "299": 0.4763157894736842,