{"label": 6, "0": 0.5973497267759562, "1": 0.5549043715846995, "2": 0.5665573770491803, "3": 0.5059289617486339, "4": 0.5424180327868853, "5": 0.5249453551912568, "6": 0.4858060109289617, "7": 0.41695355191256833, "8": 0.4550136612021858, "9": 0.43919398907103824, "10": 0.38591530054644807, "11": 0.6023497267759563, "12": 0.6081693989071038, "13": 0.6123224043715847, "14": 0.6123224043715847, "15": 0.6173224043715847, "16": 0.6239754098360656, "17": 0.6314617486338798, "18": 0.6422950819672131, "19": 0.5607377049180328, "20": 0.5509016393442623, "21": 0.34506830601092897, "22": 0.44737704918032783, "23": 0.44001366120218577, "24": 0.4326639344262295, "25": 0.41703551912568304, "26": 0.4530874316939891, "27": 0.4042896174863388, "28": 0.41577868852459016, "29": 0.3969535519125683, "30": 0.39539617486338796, "31": 0.417172131147541, "32": 0.622896174863388, "33": 0.411188524590164, "34": 0.3884699453551913, "35": 0.3998633879781421, "36": 0.4957513661202186, "37": 0.580915300546448, "38": 0.5958743169398907, "39": 0.5719672131147542, "40": 0.5679371584699453, "41": 0.5852185792349727, "42": 0.5778551912568306, "43": 0.5747677595628415, "44": 0.5467213114754098, "45": 0.5325956284153005, "46": 0.37311475409836065, "47": 0.48543715846994534, "48": 0.5204508196721311, "49": 0.512964480874317, "50": 0.46707650273224044, "51": 0.5184289617486338, "52": 0.37859289617486336, "53": 0.37213114754098364, "54": 0.3332650273224044, "55": 0.42704918032786887, "56": 0.42978142076502734, "57": 0.5557377049180328, "58": 0.510655737704918, "59": 0.5344808743169399, "60": 0.5451775956284153, "61": 0.5647677595628415, "62": 0.5680464480874317, "63": 0.36056010928961746, "64": 0.5246174863387978, "65": 0.39495901639344266, "66": 0.38416666666666666, "67": 0.3401639344262295, "68": 0.3473360655737705, "69": 0.365068306010929, "70": 0.3640437158469946, "71": 0.35580601092896175, "72": 0.5892349726775956, "73": 0.5794262295081967, "74": 0.572896174863388, "75": 0.5386065573770492, "76": 0.5664071038251366, "77": 0.5746448087431694, "78": 0.5688661202185792, "79": 0.5360655737704918, "80": 0.5819808743169399, "81": 0.5910109289617487, "82": 0.6008469945355192, "83": 0.6283606557377049, "84": 0.6166939890710382, "85": 0.6108606557377049, "86": 0.6050273224043716, "87": 0.6008469945355192, "88": 0.5819808743169399, "89": 0.5828415300546448, "90": 0.5837158469945356, "91": 0.5862295081967213, "92": 0.5464071038251366, "93": 0.4409153005464481, "94": 0.5640573770491804, "95": 0.5762431693989071, "96": 0.5754508196721311, "97": 0.5534426229508197, "98": 0.5353825136612023, "99": 0.5501366120218579, "100": 0.4822677595628415, "101": 0.4750409836065574, "102": 0.5163251366120218, "103": 0.32971311475409837, "104": 0.34960382513661203, "105": 0.3669808743169399, "106": 0.5921174863387978, "107": 0.40795081967213115, "108": 0.38633879781420766, "109": 0.3589207650273224, "110": 0.4244535519125683, "111": 0.41650273224043716, "112": 0.45467213114754096, "113": 0.3930464480874317, "114": 0.48366120218579234, "115": 0.5220218579234972, "116": 0.41666666666666663, "117": 0.42972677595628417, "118": 0.4453415300546448, "119": 0.46086065573770496, "120": 0.4681420765027322, "121": 0.47214480874316944, "122": 0.47930327868852457, "123": 0.4416256830601093, "124": 0.3848360655737705, "125": 0.5558196721311475, "126": 0.4979098360655738, "127": 0.3868306010928962, "128": 0.4728551912568306, "129": 0.5171584699453552, "130": 0.40710382513661203, "131": 0.5128688524590164, "132": 0.47331967213114756, "133": 0.4513387978142076, "134": 0.5143989071038251, "135": 0.5569535519125683, "136": 0.5719125683060109, "137": 0.43759562841530053, "138": 0.529672131147541, "139": 0.37006830601092894, "140": 0.6320901639344262, "141": 0.5599590163934427, "142": 0.4980601092896175, "143": 0.3966530054644809, "144": 0.42515027322404375, "145": 0.4325273224043716, "146": 0.5746721311475409, "147": 0.46822404371584697, "148": 0.6642622950819672, "149": 0.6222677595628415, "150": 0.6008196721311476, "151": 0.41255464480874315, "152": 0.6864071038251366, "153": 0.4390710382513661, "154": 0.4447950819672131, "155": 0.44889344262295083, "156": 0.3774453551912568, "157": 0.43814207650273224, "158": 0.4290983606557377, "159": 0.42088797814207646, "160": 0.4151912568306011, "161": 0.41277322404371586, "162": 0.36263661202185793, "163": 0.42023224043715846, "164": 0.5757103825136612, "165": 0.5487568306010929, "166": 0.5328142076502733, "167": 0.5634426229508197, "168": 0.4708196721311475, "169": 0.5850409836065573, "170": 0.608155737704918, "171": 0.656775956284153, "172": 0.5437978142076503, "173": 0.4455601092896175, "174": 0.493551912568306, "175": 0.6780874316939891, "176": 0.6437021857923497, "177": 0.4675, "178": 0.5910109289617487, "179": 0.5927049180327868, "180": 0.5968852459016394, "181": 0.6010655737704917, "182": 0.6094398907103825, "183": 0.5729508196721311, "184": 0.5696584699453552, "185": 0.5655327868852459, "186": 0.5481967213114755, "187": 0.48633879781420764, "188": 0.48188524590163934, "189": 0.44954918032786884, "190": 0.44631147540983607, "191": 0.5762431693989071, "192": 0.5154781420765028, "193": 0.4585382513661202, "194": 0.6153415300546448, "195": 0.5116256830601094, "196": 0.49344262295081964, "197": 0.4991256830601093, "198": 0.5061475409836066, "199": 0.6672677595628416, "200": 0.653948087431694, "201": 0.6367349726775956, "202": 0.5715710382513661, "203": 0.5181284153005464, "204": 0.5938934426229509, "205": 0.4951639344262295, "206": 0.5215983606557377, "207": 0.5077732240437158, "208": 0.646775956284153, "209": 0.5070765027322405, "210": 0.5733606557377049, "211": 0.5989617486338797, "212": 0.5492213114754099, "213": 0.4923087431693989, "214": 0.5402459016393443, "215": 0.4973770491803279, "216": 0.5300273224043716, "217": 0.49531420765027323, "218": 0.531120218579235, "219": 0.5278825136612022, "220": 0.5260655737704918, "221": 0.4305191256830601, "222": 0.40827868852459015, "223": 0.39434426229508196, "224": 0.3870218579234973, "225": 0.3854918032786885, "226": 0.4047131147540983, "227": 0.4109836065573771, "228": 0.42624316939890716, "229": 0.4385792349726776, "230": 0.4500273224043716, "231": 0.45816939890710384, "232": 0.46301912568306014, "233": 0.4662431693989071, "234": 0.41345628415300545, "235": 0.5303825136612021, "236": 0.503551912568306, "237": 0.5376775956284153, "238": 0.548415300546448, "239": 0.5401639344262295, "240": 0.5369945355191257, "241": 0.551707650273224, "242": 0.5550273224043716, "243": 0.45461748633879784, "244": 0.46367486338797814, "245": 0.46860655737704915, "246": 0.41198087431693986, "247": 0.39878415300546444, "248": 0.5214754098360657, "249": 0.5446311475409836, "250": 0.5697267759562842, "251": 0.5374180327868853, "252": 0.5308879781420764, "253": 0.5390710382513662, "254": 0.5480874316939891, "255": 0.5545491803278688, "256": 0.5226775956284153, "257": 0.5073907103825137, "258": 0.5000546448087432, "259": 0.5188797814207651, "260": 0.531256830601093, "261": 0.5718852459016392, "262": 0.693292349726776, "263": 0.5462431693989072, "264": 0.5972131147540983, "265": 0.5750409836065574, "266": 0.5907103825136613, "267": 0.6062841530054645, "268": 0.6187978142076502, "269": 0.6227185792349726, "270": 0.6342349726775955, "271": 0.6286065573770492, "272": 0.6359699453551912, "273": 0.6631830601092896, "274": 0.5622677595628416, "275": 0.5514207650273224, "276": 0.5327185792349727, "277": 0.5402732240437158, "278": 0.5810245901639344, "279": 0.5751775956284153, "280": 0.6168715846994536, "281": 0.5356147540983607, "282": 0.49396174863387976, "283": 0.512896174863388, "284": 0.5076092896174863, "285": 0.46714480874316944, "286": 0.49687158469945353, "287": 0.6580601092896174, "288": 0.7022131147540984, "289": 0.5811338797814207, "290": 0.5771038251366121, "291": 0.6507103825136612, "292": 0.6482513661202185, "293": 0.5111475409836066, "294": 0.5868306010928962, "295": 0.47759562841530057, "296": 0.46924863387978144, "297": 0.4441256830601093,