{"label": 7, "0": 0.603969298245614, "1": 0.5606688596491228, "2": 0.5723355263157894, "3": 0.5074780701754387, "4": 0.5473464912280701, "5": 0.5306798245614035, "6": 0.4848684210526316, "7": 0.40171052631578946, "8": 0.4482127192982456, "9": 0.4307236842105263, "10": 0.37657894736842107, "11": 0.6089692982456141, "12": 0.6147916666666666, "13": 0.618125, "14": 0.618125, "15": 0.6222916666666667, "16": 0.6289473684210527, "17": 0.6347807017543861, "18": 0.6406578947368421, "19": 0.5673355263157895, "20": 0.5558114035087719, "21": 0.3106907894736842, "22": 0.44214912280701757, "23": 0.433125, "24": 0.4224342105263158, "25": 0.4017763157894737, "26": 0.4486842105263158, "27": 0.3874013157894737, "28": 0.4013925438596491, "29": 0.37922149122807014, "30": 0.3776425438596491, "31": 0.4002521929824561, "32": 0.6186951754385965, "33": 0.3950986842105263, "34": 0.35741228070175435, "35": 0.3762719298245614, "36": 0.49141447368421054, "37": 0.5891337719298246, "38": 0.6041008771929824, "39": 0.5826206140350877, "40": 0.580219298245614, "41": 0.5950657894736842, "42": 0.5884978070175438, "43": 0.5762938596491228, "44": 0.5508004385964913, "45": 0.5374890350877193, "46": 0.3470614035087719, "47": 0.48029605263157893, "48": 0.5227960526315789, "49": 0.5144736842105263, "50": 0.4568530701754386, "51": 0.5216557017543859, "52": 0.3550767543859649, "53": 0.34692982456140353, "54": 0.3013706140350877, "55": 0.41523026315789474, "56": 0.41790570175438596, "57": 0.5597258771929825, "58": 0.4855043859649123, "59": 0.537686403508772, "60": 0.5492434210526316, "61": 0.5786732456140351, "62": 0.5803179824561404, "63": 0.3311951754385965, "64": 0.5277960526315789, "65": 0.37645833333333334, "66": 0.3631688596491228, "67": 0.31911184210526317, "68": 0.32126096491228073, "69": 0.34652412280701755, "70": 0.3329934210526316, "71": 0.32723684210526316, "72": 0.5966228070175439, "73": 0.5892543859649123, "74": 0.5843640350877193, "75": 0.5426535087719297, "76": 0.5794956140350878, "77": 0.5860964912280702, "78": 0.5819627192982456, "79": 0.5392872807017544, "80": 0.5918092105263157, "81": 0.5992105263157894, "82": 0.6074232456140352, "83": 0.6275, "84": 0.6216118421052632, "85": 0.6157785087719299, "86": 0.6116008771929824, "87": 0.6074342105263157, "88": 0.5918092105263157, "89": 0.5918311403508772, "90": 0.592686403508772, "91": 0.594375, "92": 0.5495833333333333, "93": 0.40905701754385965, "94": 0.5690021929824561, "95": 0.5868859649122807, "96": 0.5860745614035088, "97": 0.5583552631578947, "98": 0.5377521929824561, "99": 0.5542105263157895, "100": 0.47628289473684216, "101": 0.4681798245614035, "102": 0.5186622807017544, "103": 0.30197368421052634, "104": 0.3252083333333333, "105": 0.34097587719298245, "106": 0.5920065789473684, "107": 0.39279605263157896, "108": 0.37365131578947364, "109": 0.34288377192982455, "110": 0.41171052631578947, "111": 0.3979166666666667, "112": 0.4519298245614035, "113": 0.37195175438596495, "114": 0.48019736842105265, "115": 0.5243859649122807, "116": 0.3939254385964912, "117": 0.416140350877193, "118": 0.4359429824561403, "119": 0.4548135964912281, "120": 0.46460526315789474, "121": 0.4686293859649123, "122": 0.47751096491228073, "123": 0.4230482456140351, "124": 0.35959429824561406, "125": 0.5607456140350877, "126": 0.49527412280701755, "127": 0.35080043859649124, "128": 0.47100877192982454, "129": 0.5178399122807018, "130": 0.3893421052631579, "131": 0.5143969298245614, "132": 0.4448026315789474, "133": 0.4469298245614035, "134": 0.5167763157894737, "135": 0.5434978070175439, "136": 0.5559868421052632, "137": 0.4123574561403509, "138": 0.5128508771929825, "139": 0.3398355263157895, "140": 0.6278947368421053, "141": 0.5640679824561403, "142": 0.4954057017543859, "143": 0.3689035087719298, "144": 0.4157456140350877, "145": 0.42562500000000003, "146": 0.5861184210526316, "147": 0.4521491228070176, "148": 0.6642872807017544, "149": 0.6139035087719298, "150": 0.5890899122807017, "151": 0.40490131578947364, "152": 0.6898026315789474, "153": 0.4330043859649123, "154": 0.4403837719298246, "155": 0.44530701754385965, "156": 0.3472149122807018, "157": 0.42791666666666667, "158": 0.4155482456140351, "159": 0.4056798245614035, "160": 0.39995614035087723, "161": 0.3966995614035088, "162": 0.3257785087719298, "163": 0.40832236842105263, "164": 0.5806688596491228, "165": 0.5527850877192982, "166": 0.5360197368421052, "167": 0.5675328947368421, "168": 0.4665460526315789, "169": 0.5741337719298245, "170": 0.6006030701754386, "171": 0.6559649122807018, "172": 0.5228399122807017, "173": 0.43948464912280705, "174": 0.491765350877193, "175": 0.6814692982456141, "176": 0.6395285087719298, "177": 0.444780701754386, "178": 0.5992105263157894, "179": 0.6000657894736842, "180": 0.6034100877192983, "181": 0.6075877192982456, "182": 0.6093530701754386, "183": 0.5844078947368421, "184": 0.5811074561403509, "185": 0.5786293859649123, "186": 0.5521820175438596, "187": 0.47527412280701753, "188": 0.47843201754385967, "189": 0.4435087719298245, "190": 0.4385964912280702, "191": 0.5868859649122807, "192": 0.5027741228070175, "193": 0.45172149122807015, "194": 0.6127850877192982, "195": 0.5148574561403509, "196": 0.49333333333333335, "197": 0.4998684210526316, "198": 0.5060197368421053, "199": 0.6689802631578947, "200": 0.6539802631578948, "201": 0.6358881578947368, "202": 0.5689473684210526, "203": 0.5179605263157895, "204": 0.5912938596491228, "205": 0.49078947368421055, "206": 0.5197587719298246, "207": 0.5017324561403509, "208": 0.6459429824561403, "209": 0.5061074561403509, "210": 0.5665789473684211, "211": 0.5930592105263158, "212": 0.545734649122807, "213": 0.47626096491228076, "214": 0.5317543859649123, "215": 0.47718201754385964, "216": 0.5290131578947368, "217": 0.49351973684210526, "218": 0.5343311403508773, "219": 0.5302521929824562, "220": 0.530109649122807, "221": 0.41948464912280703, "222": 0.39224780701754386, "223": 0.3758004385964912, "224": 0.36680921052631577, "225": 0.36524122807017545, "226": 0.38362938596491225, "227": 0.3832456140350877, "228": 0.41266447368421055, "229": 0.4275109649122807, "230": 0.4423135964912281, "231": 0.4521271929824561, "232": 0.45947368421052637, "233": 0.46270833333333333, "234": 0.3782785087719298, "235": 0.5344078947368421, "236": 0.504265350877193, "237": 0.5425657894736842, "238": 0.5533223684210526, "239": 0.5442324561403509, "240": 0.5402083333333334, "241": 0.5566228070175439, "242": 0.5599451754385965, "243": 0.45105263157894737, "244": 0.46014254385964914, "245": 0.46593201754385966, "246": 0.39589912280701756, "247": 0.3793640350877193, "248": 0.5247368421052632, "249": 0.5480482456140351, "250": 0.5755372807017545, "251": 0.5424890350877193, "252": 0.532576754385965, "253": 0.5441008771929824, "254": 0.5531359649122807, "255": 0.5579824561403509, "256": 0.5202083333333334, "257": 0.5099013157894736, "258": 0.5000548245614035, "259": 0.5230811403508772, "260": 0.5354824561403508, "261": 0.576173245614035, "262": 0.6975986842105264, "263": 0.5496600877192983, "264": 0.6015460526315789, "265": 0.5768530701754386, "266": 0.5958004385964912, "267": 0.6121491228070175, "268": 0.6238267543859649, "269": 0.6278289473684211, "270": 0.639407894736842, "271": 0.6320504385964912, "272": 0.6394627192982456, "273": 0.6666995614035087, "274": 0.5697149122807017, "275": 0.5580372807017544, "276": 0.5352960526315789, "277": 0.5419407894736843, "278": 0.5877302631578947, "279": 0.5802302631578947, "280": 0.6245394736842105, "281": 0.5413815789473684, "282": 0.49811403508771934, "283": 0.5162609649122807, "284": 0.5109758771929824, "285": 0.462905701754386, "286": 0.49519736842105266, "287": 0.6641008771929824, "288": 0.7008552631578948, "289": 0.5870065789473684, "290": 0.5821162280701755, "291": 0.6551206140350878, "292": 0.6526535087719298, "293": 0.5128618421052632, "294": 0.5927302631578948, "295": 0.47921052631578953, "296": 0.47003289473684207, "297": 0.4432236842105263, "298": 0.5160635964912281, "299": 0.4599561403508772,