{"label": 7, "0": 0.6063077166350411, "1": 0.5786922833649588, "2": 0.5870256166982922, "3": 0.5393200506008855, "4": 0.5695256166982923, "5": 0.5570256166982922, "6": 0.52441018342821, "7": 0.4501502213788741, "8": 0.4960768500948767, "9": 0.4827435167615433, "10": 0.44607685009487663, "11": 0.6114231499051233, "12": 0.61558981657179, "13": 0.61808981657179, "14": 0.6189231499051233, "15": 0.62308981657179, "16": 0.62808981657179, "17": 0.63308981657179, "18": 0.64308981657179, "19": 0.5828589500316255, "20": 0.5743200506008855, "21": 0.3836100569259962, "22": 0.48504901960784313, "23": 0.4763946869070209, "24": 0.46785578747628087, "25": 0.4514705882352942, "26": 0.4901391524351676, "27": 0.4416508538899431, "28": 0.45470271979759647, "29": 0.4337144212523719, "30": 0.43123972169512964, "31": 0.44971378874130297, "32": 0.6163187855787476, "33": 0.44480392156862747, "34": 0.4192125237191651, "35": 0.4317773561037318, "36": 0.5220872865275142, "37": 0.5943200506008856, "38": 0.60705091714105, "39": 0.5889990512333966, "40": 0.5865243516761544, "41": 0.5994607843137255, "42": 0.5936527514231499, "43": 0.5881261859582543, "44": 0.5711021505376344, "45": 0.5600379506641366, "46": 0.4087903225806452, "47": 0.5167805186590766, "48": 0.5467805186590765, "49": 0.5408317520556609, "50": 0.49385515496521193, "51": 0.5483712839974699, "52": 0.4179965211891208, "53": 0.40982922201138516, "54": 0.37441808981657176, "55": 0.468191018342821, "56": 0.46835705249841875, "57": 0.5749335863377609, "58": 0.514854522454143, "59": 0.559370651486401, "60": 0.5694607843137255, "61": 0.5857163187855787, "62": 0.5876138519924099, "63": 0.3992520556609741, "64": 0.5509471853257432, "65": 0.43602308665401646, "66": 0.42662555344718534, "67": 0.392253320683112, "68": 0.3876106894370651, "69": 0.41199715370018974, "70": 0.3998798228969007, "71": 0.39252055660974067, "72": 0.6011021505376344, "73": 0.594229917773561, "74": 0.5900885515496521, "75": 0.5629348513598988, "76": 0.5866650853889943, "77": 0.5921268184693231, "78": 0.5885626185958255, "79": 0.5598323845667299, "80": 0.5972169512966476, "81": 0.602909550917141, "82": 0.6104996837444655, "83": 0.6299225173940544, "84": 0.6227688172043011, "85": 0.6177688172043011, "86": 0.6137175838077167, "87": 0.6095509171410499, "88": 0.5972169512966476, "89": 0.5969860847564832, "90": 0.5985373181530677, "91": 0.5999731182795699, "92": 0.5676391524351676, "93": 0.45812302340290956, "94": 0.5845256166982922, "95": 0.5924731182795698, "96": 0.5923576850094876, "97": 0.5756404174573055, "98": 0.5597422517394054, "99": 0.5720762175838077, "100": 0.512292852624921, "101": 0.5037792536369387, "102": 0.5440496521189121, "103": 0.37603415559772296, "104": 0.39256008855154967, "105": 0.40848355471220743, "106": 0.5997675521821632, "107": 0.452011385199241, "108": 0.4366650853889943, "109": 0.4154854522454143, "110": 0.4585989879822897, "111": 0.44689278937381405, "112": 0.493331752055661, "113": 0.4268674889310563, "114": 0.5167552182163188, "115": 0.5481910183428209, "116": 0.44418722327640736, "117": 0.461034155597723, "118": 0.4775347881087919, "119": 0.4930613535736875, "120": 0.5012286527514231, "121": 0.5066650853889942, "122": 0.5174225173940543, "123": 0.46714895635673626, "124": 0.4185594560404807, "125": 0.5781151170145478, "126": 0.5278447185325743, "127": 0.41481499051233395, "128": 0.5092552182163188, "129": 0.5431008855154965, "130": 0.44006008855154966, "131": 0.5415243516761543, "132": 0.48464895635673627, "133": 0.48999841872232763, "134": 0.5431657179000633, "135": 0.5578810879190386, "136": 0.5654965211891209, "137": 0.45978969006957626, "138": 0.5349446552814674, "139": 0.4037254901960784, "140": 0.6220366856419988, "141": 0.58073055028463, "142": 0.525972485768501, "143": 0.4268026565464896, "144": 0.4620224541429475, "145": 0.4704459203036053, "146": 0.5918959519291588, "147": 0.4885594560404807, "148": 0.6507811511701455, "149": 0.6100490196078432, "150": 0.5894971537001897, "151": 0.46607685009487665, "152": 0.6733206831119545, "153": 0.478151486401012, "154": 0.4831261859582543, "155": 0.4879854522454143, "156": 0.4112001897533207, "157": 0.47479285262492094, "158": 0.4637539531941809, "159": 0.4553304870335231, "160": 0.44845825426944974, "161": 0.44621442125237193, "162": 0.3956483238456673, "163": 0.45644528779253635, "164": 0.5936922833649589, "165": 0.5693959519291587, "166": 0.5577039848197344, "167": 0.5821916508538899, "168": 0.5102435167615433, "169": 0.5799841872232764, "170": 0.6005360531309298, "171": 0.6456657179000633, "172": 0.5418421884882985, "173": 0.48465211891208093, "174": 0.526729917773561, "175": 0.6682052498418722, "176": 0.6298829854522454, "177": 0.4838156230234029, "178": 0.602909550917141, "179": 0.6035120177103099, "180": 0.606729917773561, "181": 0.6107811511701455, "182": 0.6142552182163188, "183": 0.590691018342821, "184": 0.58879348513599, "185": 0.5860626185958254, "186": 0.5694465528146743, "187": 0.5075600885515497, "188": 0.516729917773561, "189": 0.4883064516129032, "190": 0.4842805186590765, "191": 0.5924731182795698, "192": 0.5286242884250474, "193": 0.4961274509803921, "194": 0.6143959519291587, "195": 0.5461922833649588, "196": 0.5283712839974699, "197": 0.5361922833649588, "198": 0.5350885515496522, "199": 0.6607052498418722, "200": 0.65058981657179, "201": 0.6345762175838077, "202": 0.579471853257432, "203": 0.5421774193548388, "204": 0.5963440860215053, "205": 0.519753320683112, "206": 0.5437539531941809, "207": 0.5273940543959519, "208": 0.6391144845034789, "209": 0.5353447185325744, "210": 0.5752150537634408, "211": 0.5957669196710942, "212": 0.5628304870335231, "213": 0.5074699557242252, "214": 0.5497786211258697, "215": 0.5070082226438963, "216": 0.5506767868437697, "217": 0.526870651486401, "218": 0.5561527514231499, "219": 0.5529601518026566, "220": 0.5531657179000633, "221": 0.47071631878557874, "222": 0.4479206198608475, "223": 0.43285578747628084, "224": 0.4239705882352941, "225": 0.42138045540796965, "226": 0.4368674889310563, "227": 0.4367125237191651, "228": 0.45862428842504743, "229": 0.47144528779253636, "230": 0.48389468690702087, "231": 0.4927798861480076, "232": 0.4979854522454143, "233": 0.5012934851359898, "234": 0.435994623655914, "235": 0.5555755850727387, "236": 0.5358965844402277, "237": 0.5618453510436433, "238": 0.5717046173308034, "239": 0.5644607843137255, "240": 0.5617552182163188, "241": 0.5744354838709678, "242": 0.57705091714105, "243": 0.49379348513598986, "244": 0.50115275142315, "245": 0.5056657179000632, "246": 0.44503478810879193, "247": 0.4324446552814674, "248": 0.5555645161290322, "249": 0.5891318785578747, "250": 0.5915132827324479, "251": 0.5899541429475016, "252": 0.5735151802656546, "253": 0.5830028462998103, "254": 0.5915417457305503, "255": 0.5970936116382037, "256": 0.5624762808349146, "257": 0.5566824794433902, "258": 0.5469639468690701, "259": 0.5679522454142948, "260": 0.5787602783048704, "261": 0.6113504111321948, "262": 0.6875917141049969, "263": 0.5886448450347881, "264": 0.6303004427577483, "265": 0.6133380771663504, "266": 0.6162460468058191, "267": 0.6142441492726123, "268": 0.6241287160025301, "269": 0.6278984819734346, "270": 0.6378731815306768, "271": 0.6317188488298546, "272": 0.6382447817836812, "273": 0.6680534471853258, "274": 0.5863978494623656, "275": 0.5790132827324479, "276": 0.582645477545857, "277": 0.5748861480075902, "278": 0.6048861480075902, "279": 0.6008349146110057, "280": 0.6422090449082859, "281": 0.5673466160657812, "282": 0.5499905123339659, "283": 0.566606578115117, "284": 0.5673640101201771, "285": 0.5174114484503479, "286": 0.5416429475015813, "287": 0.6662460468058191, "288": 0.6927356103731815, "289": 0.6031293485135989, "290": 0.5980392156862745, "291": 0.6503478810879191, "292": 0.6484503478810879, "293": 0.5654016445287793, "294": 0.6090528146742569, "295": 0.533746046805819, "296": 0.5271948134092347, "297": 0.5091824794433902, "298": 0.5683380771663504, "299": 0.5186053130929791,