{"label": 0, "0": 0.5972185430463577, "1": 0.5580077262693157, "2": 0.5719039735099338, "3": 0.5028256070640177, "4": 0.5446743929359823, "5": 0.5280077262693157, "6": 0.48746688741721855, "7": 0.37623620309050776, "8": 0.45719646799117, "9": 0.44052980132450337, "10": 0.38192604856512147, "11": 0.6024889624724061, "12": 0.6074889624724062, "13": 0.6119260485651214, "14": 0.6119260485651214, "15": 0.6177593818984548, "16": 0.6244260485651214, "17": 0.6319260485651215, "18": 0.6485706401766005, "19": 0.5655077262693157, "20": 0.5508885209713024, "21": 0.2769481236203091, "22": 0.42513796909492274, "23": 0.4124558498896247, "24": 0.3989403973509934, "25": 0.376280353200883, "26": 0.4339459161147903, "27": 0.37139624724061815, "28": 0.3890562913907285, "29": 0.35927704194260485, "30": 0.35434326710816777, "31": 0.3719315673289183, "32": 0.6153421633554084, "33": 0.36905077262693153, "34": 0.32559602649006625, "35": 0.3453973509933775, "36": 0.4754746136865342, "37": 0.5773289183222958, "38": 0.5931401766004415, "39": 0.5666059602649007, "40": 0.5625055187637968, "41": 0.5815618101545253, "42": 0.573294701986755, "43": 0.567075055187638, "44": 0.5447626931567329, "45": 0.5300551876379691, "46": 0.322560706401766, "47": 0.4727759381898455, "48": 0.5094426048565122, "49": 0.5005684326710818, "50": 0.43078366445916116, "51": 0.5153256070640176, "52": 0.3434216335540839, "53": 0.3271799116997792, "54": 0.2674006622516556, "55": 0.4196247240618102, "56": 0.4067384105960265, "57": 0.5441004415011037, "58": 0.4679635761589404, "59": 0.5271467991169978, "60": 0.543725165562914, "61": 0.560364238410596, "62": 0.5628421633554084, "63": 0.3116832229580574, "64": 0.515005518763797, "65": 0.37155629139072843, "66": 0.3590783664459161, "67": 0.2991887417218543, "68": 0.28843818984547465, "69": 0.3296854304635761, "70": 0.30846026490066225, "71": 0.292985651214128, "72": 0.5850993377483443, "73": 0.574083885209713, "74": 0.5683167770419426, "75": 0.5340618101545254, "76": 0.5617384105960266, "77": 0.5689238410596027, "78": 0.5650496688741722, "79": 0.5290397350993378, "80": 0.5782726269315673, "81": 0.5865397350993378, "82": 0.5975772626931568, "83": 0.6295364238410596, "84": 0.6134326710816778, "85": 0.6070364238410596, "86": 0.6014735099337749, "87": 0.5975772626931568, "88": 0.5771688741721854, "89": 0.5774613686534217, "90": 0.5774834437086093, "91": 0.5794426048565122, "92": 0.5364900662251655, "93": 0.38753311258278145, "94": 0.5677373068432671, "95": 0.5722130242825607, "96": 0.5705684326710817, "97": 0.5531401766004416, "98": 0.5291280353200883, "99": 0.5484326710816777, "100": 0.46565673289183224, "101": 0.44943708609271527, "102": 0.5050275938189845, "103": 0.2727869757174393, "104": 0.29882450331125826, "105": 0.32763245033112587, "106": 0.5850496688741722, "107": 0.397439293598234, "108": 0.3674834437086093, "109": 0.3341942604856512, "110": 0.38623620309050777, "111": 0.3651048565121413, "112": 0.43944260485651215, "113": 0.3455573951434878, "114": 0.47381346578366446, "115": 0.5116059602649007, "116": 0.3616114790286976, "117": 0.3844757174392936, "118": 0.408780353200883, "119": 0.43331125827814565, "120": 0.4476158940397351, "121": 0.4575055187637969, "122": 0.4764514348785872, "123": 0.39269315673289185, "124": 0.3312086092715232, "125": 0.5569481236203091, "126": 0.48665011037527595, "127": 0.32451434878587193, "128": 0.4621467991169978, "129": 0.5055905077262693, "130": 0.3640949227373068, "131": 0.5030022075055187, "132": 0.4249889624724062, "133": 0.43417218543046354, "134": 0.5079139072847683, "135": 0.5263465783664459, "136": 0.5432836644591612, "137": 0.3839072847682119, "138": 0.4917494481236203, "139": 0.3074889624724062, "140": 0.625364238410596, "141": 0.5622185430463575, "142": 0.48340507726269316, "143": 0.33327814569536424, "144": 0.3919812362030905, "145": 0.40495584988962474, "146": 0.5683830022075055, "147": 0.4237748344370861, "148": 0.6698951434878587, "149": 0.6107671081677704, "150": 0.5806291390728476, "151": 0.40942604856512144, "152": 0.7046743929359823, "153": 0.415430463576159, "154": 0.42480132450331126, "155": 0.4316942604856512, "156": 0.318233995584989, "157": 0.4145309050772627, "158": 0.3987858719646799, "159": 0.38747792494481237, "160": 0.3778366445916115, "161": 0.3745474613686534, "162": 0.296158940397351, "163": 0.3834216335540839, "164": 0.5827373068432671, "165": 0.5427759381898455, "166": 0.5246467991169979, "167": 0.5645364238410596, "168": 0.4733002207505519, "169": 0.562317880794702, "170": 0.5921854304635761, "171": 0.6596247240618102, "172": 0.5086865342163356, "173": 0.42752759381898453, "174": 0.48651766004415015, "175": 0.6946743929359823, "176": 0.639508830022075, "177": 0.41886313465783664, "178": 0.5865397350993378, "179": 0.5873951434878587, "180": 0.5910209713024283, "181": 0.5954801324503312, "182": 0.6066059602649007, "183": 0.5680684326710816, "184": 0.564757174392936, "185": 0.5597792494481236, "186": 0.5371192052980132, "187": 0.44891280353200885, "188": 0.4748509933774835, "189": 0.4374172185430464, "190": 0.42915011037527595, "191": 0.5722130242825607, "192": 0.4803090507726269, "193": 0.45093267108167767, "194": 0.6108388520971302, "195": 0.5135706401766005, "196": 0.49005518763796907, "197": 0.5010706401766004, "198": 0.4974172185430463, "199": 0.6805077262693157, "200": 0.6635706401766004, "201": 0.6392880794701986, "202": 0.5571854304635762, "203": 0.5042825607064018, "204": 0.5834713024282561, "205": 0.46896247240618105, "206": 0.5041004415011038, "207": 0.4782174392935982, "208": 0.6484988962472407, "209": 0.4969205298013245, "210": 0.5528366445916115, "211": 0.5843708609271523, "212": 0.5289403973509934, "213": 0.4498565121412803, "214": 0.5115728476821192, "215": 0.45352649006622514, "216": 0.5102924944812361, "217": 0.48768763796909487, "218": 0.5229580573951434, "219": 0.5171909492273731, "220": 0.5193101545253863, "221": 0.4144426048565122, "222": 0.38322295805739515, "223": 0.3611479028697572, "224": 0.3468211920529801, "225": 0.34107615894039733, "226": 0.3558498896247241, "227": 0.3519922737306843, "228": 0.38576158940397354, "229": 0.4026103752759382, "230": 0.4219150110375276, "231": 0.4365121412803532, "232": 0.44586092715231784, "233": 0.4527317880794702, "234": 0.3539514348785872, "235": 0.5224613686534216, "236": 0.49845474613686536, "237": 0.5328918322295806, "238": 0.5483885209713024, "239": 0.5353918322295805, "240": 0.5310430463576159, "241": 0.5514293598233996, "242": 0.5569701986754967, "243": 0.44079470198675497, "244": 0.4529580573951435, "245": 0.4601434878587196, "246": 0.3717991169977925, "247": 0.3546578366445916, "248": 0.5284823399558498, "249": 0.5859492273730684, "250": 0.5795860927152318, "251": 0.6044701986754967, "252": 0.5556512141280353, "253": 0.5705629139072848, "254": 0.5857450331125827, "255": 0.5984050772626931, "256": 0.5421136865342163, "257": 0.5424558498896248, "258": 0.5267328918322296, "259": 0.5601379690949227, "260": 0.5759050772626931, "261": 0.621650110375276, "262": 0.7292991169977925, "263": 0.5889679911699779, "264": 0.6683002207505518, "265": 0.6318101545253864, "266": 0.624751655629139, "267": 0.6115452538631346, "268": 0.6221081677704194, "269": 0.6353090507726269, "270": 0.6532836644591611, "271": 0.6372902869757174, "272": 0.6519315673289183, "273": 0.6975883002207506, "274": 0.5701490066225166, "275": 0.5590231788079469, "276": 0.5896467991169978, "277": 0.5624503311258278, "278": 0.6024282560706402, "279": 0.5968653421633554, "280": 0.6708388520971302, "281": 0.5429194260485651, "282": 0.5359933774834438, "283": 0.5633609271523179, "284": 0.5659547461368654, "285": 0.48003863134657837, "286": 0.5184878587196468, "287": 0.6986258278145696, "288": 0.778658940397351, "289": 0.5988907284768212, "290": 0.5900827814569536, "291": 0.677069536423841, "292": 0.6737582781456953, "293": 0.5646909492273731, "294": 0.6090949227373068, "295": 0.5072958057395143, "296": 0.49977373068432673, "297": 0.47385209713024284,