{"label": 11, "0": 0.6103267254038179, "1": 0.5692547723935389, "2": 0.579254772393539, "3": 0.5237775330396476, "4": 0.5584214390602056, "5": 0.545356093979442, "6": 0.5111600587371512, "7": 0.4152569750367107, "8": 0.47919603524229076, "9": 0.4644640234948605, "10": 0.4152679882525697, "11": 0.6144933920704846, "12": 0.6178267254038179, "13": 0.6192254038179148, "14": 0.6192254038179148, "15": 0.6233920704845815, "16": 0.6283920704845816, "17": 0.6342254038179148, "18": 0.6348201174743024, "19": 0.574254772393539, "20": 0.5635095447870778, "21": 0.3129588839941263, "22": 0.46162995594713657, "23": 0.4484140969162996, "24": 0.43463289280469897, "25": 0.41281571218795887, "26": 0.4704111600587372, "27": 0.4073421439060205, "28": 0.4244273127753304, "29": 0.39579295154185024, "30": 0.3919823788546255, "31": 0.4062665198237886, "32": 0.6027019089574156, "33": 0.4075183553597651, "34": 0.35358296622613805, "35": 0.38221732745961823, "36": 0.49728340675477234, "37": 0.595712187958884, "38": 0.6059801762114537, "39": 0.5869309838472834, "40": 0.5825550660792951, "41": 0.596068281938326, "42": 0.5894603524229075, "43": 0.5694273127753304, "44": 0.5593428781204112, "45": 0.5463069016152717, "46": 0.3588252569750367, "47": 0.4962151248164464, "48": 0.5320484581497797, "49": 0.5251138032305434, "50": 0.453201174743025, "51": 0.5351762114537445, "52": 0.37495961820851686, "53": 0.3615051395007342, "54": 0.30784140969163, "55": 0.44389500734214393, "56": 0.4426431718061674, "57": 0.5533847283406754, "58": 0.4709067547723936, "59": 0.5475256975036711, "60": 0.5588362701908958, "61": 0.5768098384728341, "62": 0.5790124816446403, "63": 0.3465638766519824, "64": 0.5370484581497798, "65": 0.400022026431718, "66": 0.3878193832599119, "67": 0.3384728340675477, "68": 0.3263839941262849, "69": 0.3656461086637298, "70": 0.3452826725403818, "71": 0.32816813509544784, "72": 0.600712187958884, "73": 0.5924669603524229, "74": 0.586424375917768, "75": 0.552496328928047, "76": 0.5779111600587371, "77": 0.5839831130690162, "78": 0.5812151248164463, "79": 0.547496328928047, "80": 0.5922283406754772, "81": 0.5999375917767988, "82": 0.6084801762114538, "83": 0.6205029368575624, "84": 0.6193428781204111, "85": 0.6154441997063143, "86": 0.6115455212922173, "87": 0.6084801762114538, "88": 0.5922283406754772, "89": 0.5916923641703378, "90": 0.5919897209985316, "91": 0.5922870778267254, "92": 0.5496659324522761, "93": 0.4029882525697504, "94": 0.5767547723935389, "95": 0.5867217327459617, "96": 0.585352422907489, "97": 0.5652055800293685, "98": 0.5472870778267254, "99": 0.5624375917767989, "100": 0.48773127753303963, "101": 0.47320484581497796, "102": 0.5270778267254038, "103": 0.31376651982378856, "104": 0.33620778267254037, "105": 0.36055433186490454, "106": 0.5840712187958883, "107": 0.423924375917768, "108": 0.40035242290748896, "109": 0.37121512481644636, "110": 0.4213876651982379, "111": 0.3983480176211454, "112": 0.4756204111600587, "113": 0.3820998531571219, "114": 0.4983590308370044, "115": 0.5331204111600587, "116": 0.38766152716593244, "117": 0.41412261380323057, "118": 0.43647577092511014, "119": 0.46180616740088104, "120": 0.4774632892804699, "121": 0.48678046989720997, "122": 0.500712187958884, "123": 0.4151321585903084, "124": 0.3677533039647577, "125": 0.5676468428781204, "126": 0.5100844346549193, "127": 0.3491483113069016, "128": 0.4919603524229075, "129": 0.5279111600587372, "130": 0.4000770925110132, "131": 0.5256204111600588, "132": 0.43432819383259913, "133": 0.47255506607929515, "134": 0.52859765051395, "135": 0.5287077826725404, "136": 0.5373091042584435, "137": 0.40245227606461087, "138": 0.49691997063142435, "139": 0.3385242290748899, "140": 0.6082672540381792, "141": 0.5715161527165933, "142": 0.5054698972099854, "143": 0.3731387665198238, "144": 0.43016886930983844, "145": 0.44174743024963287, "146": 0.5845484581497797, "147": 0.44120411160058737, "148": 0.6408590308370044, "149": 0.5944860499265786, "150": 0.569632892804699, "151": 0.4405653450807636, "152": 0.6664867841409692, "153": 0.45386196769456677, "154": 0.463208516886931, "155": 0.46898311306901613, "156": 0.3556093979441997, "157": 0.4523751835535977, "158": 0.43692731277533037, "159": 0.4250807635829662, "160": 0.41573421439060204, "161": 0.41079295154185025, "162": 0.32635095447870777, "163": 0.42106093979441994, "164": 0.5875881057268723, "165": 0.5548458149779736, "166": 0.5458590308370044, "167": 0.5732709251101321, "168": 0.49559471365638763, "169": 0.5579955947136563, "170": 0.5825807635829663, "171": 0.6344897209985316, "172": 0.5068906020558003, "173": 0.4650844346549192, "174": 0.5102349486049926, "175": 0.6623201174743025, "176": 0.6174045521292217, "177": 0.43212555066079295, "178": 0.5988362701908957, "179": 0.5999669603524229, "180": 0.6021989720998532, "181": 0.604996328928047, "182": 0.6020190895741556, "183": 0.5836857562408223, "184": 0.5806497797356829, "185": 0.5787151248164464, "186": 0.5483553597650515, "187": 0.4663252569750367, "188": 0.49966960352422907, "189": 0.47053230543318647, "190": 0.4644897209985316, "191": 0.5867217327459617, "192": 0.49075991189427315, "193": 0.4793428781204112, "194": 0.6018098384728341, "195": 0.533957415565345, "196": 0.5129441997063142, "197": 0.5233920704845816, "198": 0.518924375917768, "199": 0.6548201174743025, "200": 0.6448201174743025, "201": 0.6252643171806167, "202": 0.5587114537444934, "203": 0.5232966226138032, "204": 0.5808259911894273, "205": 0.48802496328928047, "206": 0.5200807635829663, "207": 0.49394640234948606, "208": 0.6300256975036711, "209": 0.5192511013215859, "210": 0.5526982378854626, "211": 0.5792180616740088, "212": 0.5379662261380322, "213": 0.46337738619676944, "214": 0.5197797356828193, "215": 0.4626027900146843, "216": 0.5237701908957416, "217": 0.5091923641703378, "218": 0.5425256975036711, "219": 0.5395190895741556, "220": 0.5383296622613803, "221": 0.44618575624082235, "222": 0.4147246696035243, "223": 0.39516886930983847, "224": 0.3822503671071953, "225": 0.3773384728340675, "226": 0.3926651982378855, "227": 0.37581497797356833, "228": 0.4187077826725404, "229": 0.434988986784141, "230": 0.4534434654919236, "231": 0.4682966226138032, "232": 0.47928046989720996, "233": 0.48475770925110134, "234": 0.3746842878120411, "235": 0.5431204111600587, "236": 0.5199669603524228, "237": 0.5499669603524229, "238": 0.5607415565345081, "239": 0.5519016152716593, "240": 0.548924375917768, "241": 0.5635095447870778, "242": 0.5673788546255507, "243": 0.47696035242290746, "244": 0.4858002936857562, "245": 0.48966960352422906, "246": 0.4091556534508076, "247": 0.3914757709251101, "248": 0.5466372980910426, "249": 0.6019750367107195, "250": 0.5852679882525698, "251": 0.620018355359765, "252": 0.5783994126284875, "253": 0.5924486049926578, "254": 0.6037298091042584, "255": 0.6119162995594714, "256": 0.5648861967694567, "257": 0.5604552129221733, "258": 0.5467033773861968, "259": 0.5761710719530103, "260": 0.5902496328928046, "261": 0.6315308370044053, "262": 0.6941409691629956, "263": 0.6022136563876652, "264": 0.672488986784141, "265": 0.6380506607929515, "266": 0.6272687224669604, "267": 0.6207745961820852, "268": 0.6277386196769457, "269": 0.6359544787077827, "270": 0.6469970631424375, "271": 0.6373825256975036, "272": 0.6459251101321586, "273": 0.6751835535976505, "274": 0.5791666666666666, "275": 0.5713693098384729, "276": 0.5984067547723936, "277": 0.5747063142437592, "278": 0.6030983847283407, "279": 0.5994676945668136, "280": 0.6693869309838473, "281": 0.5572026431718062, "282": 0.5539684287812041, "283": 0.5760242290748899, "284": 0.585701174743025, "285": 0.5053303964757709, "286": 0.5393208516886931, "287": 0.676762114537445, "288": 0.74465859030837, "289": 0.5990198237885462, "290": 0.5927092511013217, "291": 0.6627422907488987, "292": 0.6594383259911895, "293": 0.5754001468428781, "294": 0.6080983847283407, "295": 0.5294713656387665, "296": 0.5216740088105727, "297": 0.5034324522760646, "298": 0.5852533039647577,