{"label": 5, "0": 0.5829273504273504, "1": 0.5482905982905983, "2": 0.5591239316239316, "3": 0.5029700854700855, "4": 0.5372222222222223, "5": 0.5228205128205128, "6": 0.4900854700854701, "7": 0.40188034188034183, "8": 0.46485042735042736, "9": 0.450448717948718, "10": 0.40307692307692305, "11": 0.5879273504273504, "12": 0.5929273504273505, "13": 0.5962606837606838, "14": 0.5962606837606838, "15": 0.6031623931623932, "16": 0.6098290598290599, "17": 0.6164957264957265, "18": 0.6283974358974359, "19": 0.5532905982905982, "20": 0.5426068376068376, "21": 0.31916666666666665, "22": 0.44143162393162394, "23": 0.4313461538461538, "24": 0.4206623931623932, "25": 0.3998717948717949, "26": 0.4485470085470086, "27": 0.39410256410256406, "28": 0.4077564102564103, "29": 0.3837820512820513, "30": 0.3813034188034188, "31": 0.3956196581196581, "32": 0.5980555555555556, "33": 0.3951068376068376, "34": 0.3563247863247863, "35": 0.3731623931623932, "36": 0.48215811965811967, "37": 0.5663034188034188, "38": 0.5801068376068376, "39": 0.5552777777777778, "40": 0.5506623931623932, "41": 0.5700213675213676, "42": 0.5620726495726496, "43": 0.5578418803418803, "44": 0.5376068376068376, "45": 0.5263034188034188, "46": 0.35480769230769227, "47": 0.4770940170940171, "48": 0.5098290598290598, "49": 0.5018589743589744, "50": 0.44476495726495724, "51": 0.5138034188034188, "52": 0.36925213675213675, "53": 0.35822649572649573, "54": 0.31235042735042734, "55": 0.42933760683760686, "56": 0.42367521367521366, "57": 0.5390598290598291, "58": 0.46782051282051285, "59": 0.5244444444444445, "60": 0.536559829059829, "61": 0.5474786324786325, "62": 0.5506837606837607, "63": 0.3449145299145299, "64": 0.5139957264957264, "65": 0.3927564102564103, "66": 0.382051282051282, "67": 0.33816239316239316, "68": 0.3292307692307692, "69": 0.36230769230769233, "70": 0.3420940170940171, "71": 0.33271367521367523, "72": 0.5729700854700854, "73": 0.5626495726495726, "74": 0.5563675213675213, "75": 0.5293162393162393, "76": 0.5485470085470086, "77": 0.557457264957265, "78": 0.5517521367521367, "79": 0.5247863247863248, "80": 0.5650427350427351, "81": 0.5746581196581196, "82": 0.5845085470085469, "83": 0.6123717948717948, "84": 0.6007051282051281, "85": 0.5940384615384615, "86": 0.588440170940171, "87": 0.5845085470085469, "88": 0.5650427350427351, "89": 0.565405982905983, "90": 0.565534188034188, "91": 0.5675641025641026, "92": 0.5327136752136752, "93": 0.40072649572649577, "94": 0.5557905982905983, "95": 0.5594658119658119, "96": 0.5579273504273504, "97": 0.5441666666666667, "98": 0.5260042735042736, "99": 0.5403632478632479, "100": 0.472008547008547, "101": 0.4600427350427351, "102": 0.5057905982905982, "103": 0.3174145299145299, "104": 0.3384615384615385, "105": 0.35747863247863243, "106": 0.5732905982905983, "107": 0.41363247863247865, "108": 0.39245726495726496, "109": 0.36628205128205127, "110": 0.4093803418803419, "111": 0.39029914529914533, "112": 0.45245726495726496, "113": 0.373482905982906, "114": 0.47897435897435897, "115": 0.5112393162393163, "116": 0.3864102564102564, "117": 0.4074145299145299, "118": 0.4267735042735043, "119": 0.44777777777777783, "120": 0.4588034188034188, "121": 0.4666239316239317, "122": 0.48083333333333333, "123": 0.4112820512820513, "124": 0.36113247863247866, "125": 0.5468803418803418, "126": 0.48923076923076925, "127": 0.3522863247863248, "128": 0.46933760683760684, "129": 0.5055555555555555, "130": 0.3886965811965812, "131": 0.5035042735042735, "132": 0.43106837606837606, "133": 0.44805555555555554, "134": 0.5072863247863247, "135": 0.5208333333333334, "136": 0.5316666666666666, "137": 0.40202991452991454, "138": 0.49064102564102563, "139": 0.34273504273504274, "140": 0.6048504273504274, "141": 0.551517094017094, "142": 0.4868803418803419, "143": 0.3639102564102564, "144": 0.41506410256410253, "145": 0.4255128205128205, "146": 0.5569871794871795, "147": 0.43662393162393165, "148": 0.6444230769230769, "149": 0.5896581196581197, "150": 0.5633974358974358, "151": 0.4277136752136752, "152": 0.6741025641025641, "153": 0.4342948717948718, "154": 0.4411752136752137, "155": 0.4456837606837607, "156": 0.3498504273504274, "157": 0.43177350427350425, "158": 0.4185897435897436, "159": 0.40897435897435896, "160": 0.401025641025641, "161": 0.3981837606837607, "162": 0.33192307692307693, "163": 0.4078205128205128, "164": 0.5693589743589744, "165": 0.5367307692307692, "166": 0.5219444444444444, "167": 0.5541666666666667, "168": 0.4773504273504274, "169": 0.5504273504273505, "170": 0.5775213675213675, "171": 0.6358547008547009, "172": 0.5017094017094017, "173": 0.44235042735042734, "174": 0.4891880341880342, "175": 0.6666025641025641, "176": 0.6172222222222222, "177": 0.42903846153846154, "178": 0.5746581196581196, "179": 0.5758547008547008, "180": 0.5787179487179487, "181": 0.5843162393162393, "182": 0.5921794871794872, "183": 0.5554273504273505, "184": 0.5513888888888889, "185": 0.5484188034188033, "186": 0.5333333333333333, "187": 0.4597863247863248, "188": 0.4800213675213675, "189": 0.4493376068376068, "190": 0.4426923076923077, "191": 0.5594658119658119, "192": 0.48288461538461536, "193": 0.4602564102564103, "194": 0.5947008547008547, "195": 0.5119871794871795, "196": 0.49273504273504276, "197": 0.5009188034188035, "198": 0.49837606837606835, "199": 0.6547008547008547, "200": 0.6411324786324786, "201": 0.6189316239316239, "202": 0.5481196581196581, "203": 0.5051068376068376, "204": 0.5709401709401709, "205": 0.4764957264957265, "206": 0.5052564102564103, "207": 0.48354700854700855, "208": 0.6271581196581196, "209": 0.4986324786324786, "210": 0.5438675213675214, "211": 0.5709615384615385, "212": 0.5260042735042735, "213": 0.45756410256410257, "214": 0.510576923076923, "215": 0.4584188034188034, "216": 0.5119444444444444, "217": 0.4892094017094017, "218": 0.5196794871794872, "219": 0.5166025641025641, "220": 0.5164529914529915, "221": 0.4288888888888889, "222": 0.4027564102564103, "223": 0.38482905982905985, "224": 0.37427350427350425, "225": 0.3696581196581197, "226": 0.38241452991452995, "227": 0.37608974358974356, "228": 0.40726495726495726, "229": 0.4225854700854701, "230": 0.4377777777777778, "231": 0.4502350427350428, "232": 0.4567521367521368, "233": 0.4627991452991453, "234": 0.37585470085470085, "235": 0.5199358974358974, "236": 0.4983547008547009, "237": 0.5273931623931624, "238": 0.5398717948717948, "239": 0.5301282051282051, "240": 0.5267094017094017, "241": 0.5428418803418803, "242": 0.5464102564102564, "243": 0.4523290598290598, "244": 0.4623076923076923, "245": 0.46931623931623934, "246": 0.39557692307692305, "247": 0.38096153846153846, "248": 0.5235042735042735, "249": 0.5707905982905983, "250": 0.563974358974359, "251": 0.581965811965812, "252": 0.5506410256410257, "253": 0.5623931623931624, "254": 0.5722435897435898, "255": 0.579465811965812, "256": 0.5393589743589744, "257": 0.5326282051282052, "258": 0.5214743589743589, "259": 0.5462820512820513, "260": 0.5589957264957265, "261": 0.5987179487179487, "262": 0.6927777777777777, "263": 0.5706623931623931, "264": 0.6343162393162394, "265": 0.6051068376068376, "266": 0.6008547008547009, "267": 0.5953846153846154, "268": 0.605982905982906, "269": 0.6147435897435898, "270": 0.6293589743589744, "271": 0.618568376068376, "272": 0.627948717948718, "273": 0.664551282051282, "274": 0.5570726495726496, "275": 0.550042735042735, "276": 0.5647863247863247, "277": 0.5502136752136753, "278": 0.5842521367521367, "279": 0.5794871794871794, "280": 0.63741452991453, "281": 0.535405982905983, "282": 0.5232051282051282, "283": 0.544465811965812, "284": 0.5514102564102564, "285": 0.48275641025641025, "286": 0.5166239316239316, "287": 0.6628632478632479, "288": 0.7250427350427351, "289": 0.5804700854700855, "290": 0.5733547008547009, "291": 0.647542735042735, "292": 0.6443376068376068, "293": 0.545042735042735, "294": 0.5892521367521367, "295": 0.5035042735042735, "296": 0.4962393162393162, "297": 0.4782264957264957,