{"label": 2, "0": 0.5622003745318352, "1": 0.523249063670412, "2": 0.5358520599250937, "3": 0.48617977528089884, "4": 0.5131460674157303, "5": 0.5012734082397003, "6": 0.47346441947565543, "7": 0.42187265917603, "8": 0.4506554307116105, "9": 0.4379494382022472, "10": 0.4000374531835206, "11": 0.5655337078651685, "12": 0.5698033707865169, "13": 0.5723033707865168, "14": 0.5723033707865168, "15": 0.5756367041198502, "16": 0.5807397003745318, "17": 0.5857397003745318, "18": 0.5950093632958802, "19": 0.5300187265917603, "20": 0.5232584269662921, "21": 0.36077715355805245, "22": 0.4494475655430712, "23": 0.442687265917603, "24": 0.4351966292134831, "25": 0.4231273408239701, "26": 0.454438202247191, "27": 0.41123595505617977, "28": 0.4205992509363296, "29": 0.405308988764045, "30": 0.4037546816479401, "31": 0.42230337078651686, "32": 0.5831741573033707, "33": 0.41823033707865165, "34": 0.39838014981273406, "35": 0.4077340823970037, "36": 0.48257490636704115, "37": 0.5509644194756554, "38": 0.5612734082397004, "39": 0.5456647940074907, "40": 0.5441104868913857, "41": 0.5553464419475656, "42": 0.5512921348314607, "43": 0.5462078651685394, "44": 0.5165917602996255, "45": 0.5054494382022472, "46": 0.3822097378277154, "47": 0.47422284644194757, "48": 0.49849250936329587, "49": 0.4932865168539326, "50": 0.4587546816479401, "51": 0.4954494382022472, "52": 0.3860393258426966, "53": 0.3805337078651685, "54": 0.3507677902621723, "55": 0.42953183520599253, "56": 0.43235955056179776, "57": 0.5311142322097379, "58": 0.5005430711610487, "59": 0.5101498127340824, "60": 0.5193071161048689, "61": 0.5450561797752809, "62": 0.5470318352059925, "63": 0.370749063670412, "64": 0.5034925093632958, "65": 0.4012265917602996, "66": 0.391750936329588, "67": 0.3586423220973783, "68": 0.3614887640449438, "69": 0.37686329588014983, "70": 0.37482209737827715, "71": 0.36899812734082393, "72": 0.5560674157303371, "73": 0.5509737827715356, "74": 0.547752808988764, "75": 0.513689138576779, "76": 0.5459925093632959, "77": 0.5506741573033708, "78": 0.5479681647940076, "79": 0.5097284644194756, "80": 0.553998127340824, "81": 0.5580524344569289, "82": 0.5647097378277154, "83": 0.5836704119850187, "84": 0.5762734082397003, "85": 0.5712734082397004, "86": 0.5671067415730338, "87": 0.5647097378277154, "88": 0.553998127340824, "89": 0.5537921348314607, "90": 0.5553558052434457, "91": 0.5559831460674157, "92": 0.5228745318352059, "93": 0.4437921348314607, "94": 0.5325187265917602, "95": 0.5509831460674157, "96": 0.5499438202247191, "97": 0.5254494382022472, "98": 0.5122378277153559, "99": 0.5219101123595505, "100": 0.47152621722846444, "101": 0.4659176029962547, "102": 0.49745318352059925, "103": 0.347940074906367, "104": 0.3637640449438202, "105": 0.37646067415730333, "106": 0.5570318352059925, "107": 0.41411985018726594, "108": 0.3958988764044944, "109": 0.3752808988764045, "110": 0.42770599250936325, "111": 0.42044007490636703, "112": 0.45568352059925094, "113": 0.4011610486891386, "114": 0.47317415730337076, "115": 0.49900749063670413, "116": 0.41941011235955056, "117": 0.43116104868913857, "118": 0.44333333333333336, "119": 0.45602059925093635, "120": 0.4640262172284644, "121": 0.4666198501872659, "122": 0.46837078651685393, "123": 0.4406554307116105, "124": 0.3945037453183521, "125": 0.5253370786516853, "126": 0.48265917602996256, "127": 0.39890449438202247, "128": 0.4673408239700374, "129": 0.4981835205992509, "130": 0.41521535580524344, "131": 0.49307116104868914, "132": 0.47034644194756553, "133": 0.45318352059925093, "134": 0.4929588014981273, "135": 0.53187265917603, "136": 0.5463483146067416, "137": 0.4388951310861423, "138": 0.5114700374531835, "139": 0.3828558052434457, "140": 0.5922378277153558, "141": 0.5287734082397004, "142": 0.484438202247191, "143": 0.40441011235955054, "144": 0.4311329588014981, "145": 0.4368539325842697, "146": 0.5504681647940075, "147": 0.4619007490636704, "148": 0.6217977528089887, "149": 0.586001872659176, "150": 0.5696629213483146, "151": 0.4185767790262172, "152": 0.641563670411985, "153": 0.4434082397003746, "154": 0.4482958801498127, "155": 0.4521441947565543, "156": 0.38784644194756557, "157": 0.4415262172284644, "158": 0.4323689138576779, "159": 0.42664794007490636, "160": 0.4217602996254682, "161": 0.41957865168539327, "162": 0.37723782771535586, "163": 0.4264513108614232, "164": 0.5434550561797753, "165": 0.5236985018726592, "166": 0.5075468164794007, "167": 0.5337827715355805, "168": 0.4624250936329588, "169": 0.5533146067415731, "170": 0.5722565543071161, "171": 0.6124250936329587, "172": 0.5259456928838951, "173": 0.44964419475655426, "174": 0.47879213483146066, "175": 0.6313576779026218, "176": 0.6042134831460674, "177": 0.4636797752808989, "178": 0.5580524344569289, "179": 0.5595131086142322, "180": 0.5619101123595506, "181": 0.5651404494382023, "182": 0.5706647940074906, "183": 0.5491104868913858, "184": 0.5464044943820225, "185": 0.5445318352059925, "186": 0.5255898876404494, "187": 0.4749063670411985, "188": 0.47035580524344567, "189": 0.4488014981273408, "190": 0.44745318352059926, "191": 0.5509831460674157, "192": 0.4983426966292135, "193": 0.4547284644194757, "194": 0.5769194756554307, "195": 0.49200374531835206, "196": 0.4785767790262172, "197": 0.48273408239700377, "198": 0.48827715355805246, "199": 0.6194850187265917, "200": 0.6059456928838951, "201": 0.5926310861423221, "202": 0.5426779026217229, "203": 0.49996254681647945, "204": 0.5605805243445693, "205": 0.4811329588014981, "206": 0.5025749063670412, "207": 0.4904119850187266, "208": 0.6024250936329588, "209": 0.48942883895131084, "210": 0.5444569288389514, "211": 0.5650655430711611, "212": 0.5250842696629214, "213": 0.48064606741573035, "214": 0.5171816479400749, "215": 0.4869007490636704, "216": 0.5093539325842696, "217": 0.4807771535580524, "218": 0.5043164794007491, "219": 0.5038014981273409, "220": 0.5013951310861423, "221": 0.43297752808988765, "222": 0.4129962546816479, "223": 0.4008239700374532, "224": 0.39469101123595507, "225": 0.39480337078651684, "226": 0.4119943820224719, "227": 0.41681647940074906, "228": 0.42865168539325843, "229": 0.43884831460674156, "230": 0.44935393258426964, "231": 0.45632022471910116, "232": 0.4614138576779026, "233": 0.46286516853932586, "234": 0.42088014981273414, "235": 0.5072378277153557, "236": 0.4863951310861423, "237": 0.5100374531835206, "238": 0.5198220973782772, "239": 0.5134737827715355, "240": 0.513380149812734, "241": 0.5225280898876404, "242": 0.5259644194756554, "243": 0.4560955056179775, "244": 0.46077715355805243, "245": 0.4635861423220974, "246": 0.418436329588015, "247": 0.4067790262172285, "248": 0.5003277153558052, "249": 0.5303651685393258, "250": 0.5375093632958802, "251": 0.5372003745318352, "252": 0.517059925093633, "253": 0.5246535580524345, "254": 0.5330805243445693, "255": 0.5383801498127341, "256": 0.5087359550561799, "257": 0.4989232209737828, "258": 0.49112359550561796, "259": 0.5091198501872659, "260": 0.5198408239700374, "261": 0.5534737827715356, "262": 0.6466292134831461, "263": 0.5306741573033708, "264": 0.581563670411985, "265": 0.557940074906367, "266": 0.5631928838951311, "267": 0.5700000000000001, "268": 0.5783333333333334, "269": 0.5837359550561798, "270": 0.5954962546816479, "271": 0.5867602996254682, "272": 0.5950842696629213, "273": 0.6201685393258427, "274": 0.5299063670411985, "275": 0.5215730337078652, "276": 0.5228464419475656, "277": 0.5216573033707865, "278": 0.5496722846441947, "279": 0.5455056179775281, "280": 0.5886797752808989, "281": 0.5097003745318353, "282": 0.48870786516853937, "283": 0.5059831460674158, "284": 0.5091947565543071, "285": 0.4602153558052434, "286": 0.48863295880149815, "287": 0.6182865168539325, "288": 0.6694756554307115, "289": 0.5489513108614232, "290": 0.5448970037453184, "291": 0.6115262172284645, "292": 0.6096535580524345, "293": 0.5056647940074906, "294": 0.5556086142322096, "295": 0.472687265917603, "296": 0.4669569288389513, "297": 0.4505992509363296,