{"label": 7, "0": 0.6064485981308412, "1": 0.5745560747663552, "2": 0.5826869158878505, "3": 0.5303115264797508, "4": 0.5628894080996885, "5": 0.5504906542056075, "6": 0.5172585669781932, "7": 0.4350934579439253, "8": 0.49069314641744544, "9": 0.4774610591900311, "10": 0.4326635514018692, "11": 0.6114485981308411, "12": 0.6164485981308412, "13": 0.6189485981308411, "14": 0.6189485981308411, "15": 0.6231152647975078, "16": 0.6281152647975078, "17": 0.6339485981308411, "18": 0.6441510903426791, "19": 0.5786214953271028, "20": 0.5675077881619938, "21": 0.35293613707165106, "22": 0.4712616822429907, "23": 0.46191588785046733, "24": 0.45080218068535827, "25": 0.43188473520249215, "26": 0.478006230529595, "27": 0.4274454828660436, "28": 0.4403271028037383, "29": 0.4178971962616822, "30": 0.41458722741433024, "31": 0.4291043613707165, "32": 0.6155295950155764, "33": 0.4279205607476636, "34": 0.3877570093457944, "35": 0.40768691588785044, "36": 0.505981308411215, "37": 0.589929906542056, "38": 0.6026323987538941, "39": 0.5785124610591901, "40": 0.5734345794392524, "41": 0.5915186915887851, "42": 0.583107476635514, "43": 0.5746183800623053, "44": 0.5643769470404985, "45": 0.5526090342679129, "46": 0.38786604361370713, "47": 0.5043457943925234, "48": 0.5340420560747664, "49": 0.5272741433021807, "50": 0.4707710280373832, "51": 0.5402102803738318, "52": 0.4016355140186916, "53": 0.3908489096573209, "54": 0.3475856697819315, "55": 0.45992990654205607, "56": 0.45550623052959505, "57": 0.5571417445482867, "58": 0.4927336448598131, "59": 0.549119937694704, "60": 0.5608644859813084, "61": 0.5681542056074766, "62": 0.5700233644859813, "63": 0.37764018691588785, "64": 0.5372741433021807, "65": 0.4229283489096573, "66": 0.41366043613707165, "67": 0.3726479750778816, "68": 0.36422897196261683, "69": 0.39565420560747666, "70": 0.3763239875389408, "71": 0.3662461059190031, "72": 0.5966978193146417, "73": 0.586316199376947, "74": 0.577803738317757, "75": 0.5526557632398754, "76": 0.569088785046729, "77": 0.5780295950155764, "78": 0.571892523364486, "79": 0.5513940809968847, "80": 0.5866433021806854, "81": 0.5958878504672898, "82": 0.6069003115264797, "83": 0.6283644859813085, "84": 0.6182632398753893, "85": 0.6133644859813084, "86": 0.6092990654205608, "87": 0.6060669781931465, "88": 0.5866433021806854, "89": 0.5864408099688474, "90": 0.5861370716510903, "91": 0.587601246105919, "92": 0.5517912772585669, "93": 0.42891744548286603, "94": 0.5811214953271029, "95": 0.5792679127725857, "96": 0.5782320872274143, "97": 0.567834890965732, "98": 0.5476791277258567, "99": 0.5644003115264797, "100": 0.4980295950155763, "101": 0.4861059190031152, "102": 0.530404984423676, "103": 0.3521105919003115, "104": 0.37281931464174456, "105": 0.3895638629283489, "106": 0.5914641744548286, "107": 0.4430607476635514, "108": 0.4226557632398754, "109": 0.39911993769470405, "110": 0.4416588785046729, "111": 0.42258566978193146, "112": 0.4819470404984424, "113": 0.40743769470404984, "114": 0.5060903426791277, "115": 0.5373520249221184, "116": 0.4161682242990654, "117": 0.4384968847352025, "118": 0.45761682242990653, "119": 0.4773442367601246, "120": 0.48896417445482865, "121": 0.4951791277258567, "122": 0.5077102803738318, "123": 0.4387694704049844, "124": 0.39559190031152647, "125": 0.5721806853582554, "126": 0.5152803738317757, "127": 0.3831853582554517, "128": 0.49952492211838007, "129": 0.5294704049844237, "130": 0.4223130841121495, "131": 0.5297507788161994, "132": 0.4576557632398754, "133": 0.47778037383177574, "134": 0.5332632398753894, "135": 0.5429672897196262, "136": 0.5546339563862929, "137": 0.4292211838006231, "138": 0.5147819314641745, "139": 0.3744003115264798, "140": 0.621892523364486, "141": 0.5756152647975078, "142": 0.5125, "143": 0.39897196261682244, "144": 0.4469392523364486, "145": 0.4552492211838006, "146": 0.5760591900311527, "147": 0.46230529595015574, "148": 0.6565186915887851, "149": 0.6088084112149532, "150": 0.5856230529595016, "151": 0.45506230529595015, "152": 0.6814485981308411, "153": 0.46355919003115265, "154": 0.4711370716510903, "155": 0.475809968847352, "156": 0.38551401869158874, "157": 0.462803738317757, "158": 0.45022585669781934, "159": 0.44098130841121497, "160": 0.43423676012461054, "161": 0.43112928348909657, "162": 0.3654595015576324, "163": 0.4396651090342679, "164": 0.5910202492211838, "165": 0.558006230529595, "166": 0.5466199376947041, "167": 0.5760669781931465, "168": 0.5039252336448599, "169": 0.5711526479750779, "170": 0.5969392523364485, "171": 0.6498520249221185, "172": 0.5247819314641744, "173": 0.47341121495327104, "174": 0.5169003115264797, "175": 0.6757165109034268, "176": 0.632095015576324, "177": 0.4553582554517134, "178": 0.5958878504672898, "179": 0.5964174454828661, "180": 0.598816199376947, "181": 0.6019470404984424, "182": 0.6093457943925233, "183": 0.5765654205607477, "184": 0.572095015576324, "185": 0.569392523364486, "186": 0.5526479750778817, "187": 0.4830919003115265, "188": 0.5060669781931464, "189": 0.4787928348909657, "190": 0.473917445482866, "191": 0.5792679127725857, "192": 0.5062227414330218, "193": 0.49000778816199375, "194": 0.6119704049844237, "195": 0.5388239875389408, "196": 0.5203115264797508, "197": 0.5279906542056074, "198": 0.5243224299065421, "199": 0.6657165109034268, "200": 0.6540498442367602, "201": 0.6346261682242991, "202": 0.567671339563863, "203": 0.5284579439252337, "204": 0.5897196261682243, "205": 0.5008255451713396, "206": 0.5273442367601247, "207": 0.5072118380062305, "208": 0.6425545171339564, "209": 0.5226791277258567, "210": 0.5649922118380062, "211": 0.5906775700934579, "212": 0.5459267912772586, "213": 0.4826090342679128, "214": 0.5327414330218069, "215": 0.4826323987538941, "216": 0.5322663551401869, "217": 0.5160903426791277, "218": 0.5451557632398754, "219": 0.541113707165109, "220": 0.5440965732087227, "221": 0.45881619937694706, "222": 0.43459501557632396, "223": 0.4179750778816199, "224": 0.4073909657320872, "225": 0.40304517133956386, "226": 0.41640186915887856, "227": 0.40661993769470406, "228": 0.43887850467289724, "229": 0.4534267912772586, "230": 0.46827881619937695, "231": 0.479696261682243, "232": 0.4874766355140187, "233": 0.491619937694704, "234": 0.4055841121495327, "235": 0.5444470404984424, "236": 0.5260669781931464, "237": 0.5542990654205607, "238": 0.5649065420560748, "239": 0.5559657320872274, "240": 0.5497507788161994, "241": 0.5676090342679128, "242": 0.571043613707165, "243": 0.4832866043613707, "244": 0.49139408099688475, "245": 0.49856697819314644, "246": 0.42905763239875383, "247": 0.4157476635514019, "248": 0.5498364485981309, "249": 0.5848520249221183, "250": 0.5879672897196262, "251": 0.5933722741433022, "252": 0.5652492211838006, "253": 0.5754283489096573, "254": 0.5846728971962617, "255": 0.5927570093457943, "256": 0.555272585669782, "257": 0.5512383177570093, "258": 0.5408566978193147, "259": 0.5630841121495327, "260": 0.5754595015576325, "261": 0.6095015576323988, "262": 0.6983021806853582, "263": 0.5860903426791277, "264": 0.6422118380062305, "265": 0.6159190031152648, "266": 0.619291277258567, "267": 0.6196339563862928, "268": 0.6295327102803738, "269": 0.6369859813084112, "270": 0.6514330218068536, "271": 0.6407476635514019, "272": 0.6509267912772586, "273": 0.675981308411215, "274": 0.5829672897196262, "275": 0.5740031152647975, "276": 0.5804127725856698, "277": 0.5712305295950155, "278": 0.6046651090342678, "279": 0.599766355140187, "280": 0.6510669781931464, "281": 0.5606697819314641, "282": 0.543917445482866, "283": 0.5628348909657321, "284": 0.5657943925233645, "285": 0.5083255451713395, "286": 0.535677570093458, "287": 0.674291277258567, "288": 0.7230919003115265, "289": 0.6012538940809968, "290": 0.5961760124610591, "291": 0.6703504672897196, "292": 0.6675467289719625, "293": 0.5635436137071651, "294": 0.6088317757009346, "295": 0.5252258566978193, "296": 0.519696261682243, "297": 0.5016433021806854, "298": 0.5684190031152648,