{"label": 4, "0": 0.6399041811846691, "1": 0.6049854819976771, "2": 0.6137717770034843, "3": 0.5617711962833913, "4": 0.5936614401858304, "5": 0.5805574912891986, "6": 0.5465853658536586, "7": 0.4695789779326365, "8": 0.5195441347270615, "9": 0.505569105691057, "10": 0.45584204413472706, "11": 0.6434262485481997, "12": 0.6469105691056911, "13": 0.6486904761904762, "14": 0.6495238095238095, "15": 0.6530081300813009, "16": 0.6573635307781649, "17": 0.6617566782810685, "18": 0.6679297328687572, "19": 0.6102497096399535, "20": 0.6002119628339141, "21": 0.3911759581881533, "22": 0.5032897793263647, "23": 0.49499419279907086, "24": 0.4849564459930314, "25": 0.4689343786295006, "26": 0.5098809523809523, "27": 0.46200638792102205, "28": 0.474581881533101, "29": 0.4537485481997677, "30": 0.45143728222996515, "31": 0.46590301974448317, "32": 0.6477758420441347, "33": 0.4645034843205575, "34": 0.42988095238095236, "35": 0.4472299651567945, "36": 0.5428658536585366, "37": 0.6247909407665505, "38": 0.6343728222996516, "39": 0.6157752613240418, "40": 0.6092218350754937, "41": 0.6243728222996516, "42": 0.6160394889663182, "43": 0.6089169570267131, "44": 0.5966521486643438, "45": 0.5844947735191638, "46": 0.4285220673635308, "47": 0.5384001161440186, "48": 0.5698344947735192, "49": 0.5629036004645761, "50": 0.5093815331010453, "51": 0.5722619047619049, "52": 0.4395847851335656, "53": 0.4306445993031359, "54": 0.3836788617886179, "55": 0.4942799070847851, "56": 0.4872706155632985, "57": 0.591835075493612, "58": 0.5350174216027874, "59": 0.5834320557491289, "60": 0.5944163763066201, "61": 0.6036149825783972, "62": 0.6052816492450639, "63": 0.4186759581881533, "64": 0.5733565621370499, "65": 0.45966027874564463, "66": 0.44924506387921026, "67": 0.40178861788617887, "68": 0.40246515679442507, "69": 0.4276567944250871, "70": 0.4174622531939605, "71": 0.4056445993031359, "72": 0.6308885017421603, "73": 0.6209262485481998, "74": 0.6126306620209059, "75": 0.5868408826945413, "76": 0.6044483159117305, "77": 0.6111904761904762, "78": 0.6069483159117306, "79": 0.5849477351916377, "80": 0.6194483159117306, "81": 0.6277816492450639, "82": 0.6378193960511034, "83": 0.6554297328687573, "84": 0.6492189314750291, "85": 0.6439924506387921, "86": 0.6404703832752614, "87": 0.6378193960511034, "88": 0.6194483159117306, "89": 0.6195238095238095, "90": 0.6195993031358885, "91": 0.6205458768873403, "92": 0.587822299651568, "93": 0.4727526132404181, "94": 0.6111585365853658, "95": 0.6136149825783972, "96": 0.6128193960511034, "97": 0.6004006968641116, "98": 0.5819541231126597, "99": 0.5978252032520325, "100": 0.533664343786295, "101": 0.5230952380952381, "102": 0.5655923344947735, "103": 0.3863704994192799, "104": 0.4086788617886179, "105": 0.4275406504065041, "106": 0.6224767711962834, "107": 0.47610046457607436, "108": 0.45186120789779327, "109": 0.4249709639953543, "110": 0.4757142857142857, "111": 0.46120499419279903, "112": 0.5122677119628339, "113": 0.4458304297328688, "114": 0.5398025551684088, "115": 0.5721457607433217, "116": 0.45908246225319393, "117": 0.47571138211382114, "118": 0.4925667828106852, "119": 0.5108623693379791, "120": 0.5215447154471544, "121": 0.5271515679442509, "122": 0.5391986062717771, "123": 0.4808594657375145, "124": 0.4357549361207898, "125": 0.6043786295005807, "126": 0.5496864111498257, "127": 0.4248432055749129, "128": 0.5293873403019744, "129": 0.5647967479674797, "130": 0.4586701509872242, "131": 0.5643437862950058, "132": 0.5022183507549361, "133": 0.5087833914053426, "134": 0.5665795586527294, "135": 0.5835365853658536, "136": 0.5948606271777004, "137": 0.4735104529616725, "138": 0.557137049941928, "139": 0.4156039488966318, "140": 0.6556910569105692, "141": 0.6078252032520325, "142": 0.5475261324041811, "143": 0.4406765389082462, "144": 0.4804878048780488, "145": 0.4888588850174216, "146": 0.6103948896631823, "147": 0.5034698025551685, "148": 0.6845528455284553, "149": 0.6448954703832752, "150": 0.6237224157955865, "151": 0.4811411149825784, "152": 0.7063327526132404, "153": 0.49635888501742165, "154": 0.5021544715447155, "155": 0.5071544715447155, "156": 0.42647502903600465, "157": 0.49522357723577237, "158": 0.4859814169570267, "159": 0.47761033681765386, "160": 0.47098141695702667, "161": 0.4677235772357724, "162": 0.40458188153310104, "163": 0.47461672473867594, "164": 0.6216492450638792, "165": 0.592595818815331, "166": 0.5816898954703833, "167": 0.6083159117305459, "168": 0.5326480836236933, "169": 0.6098983739837398, "170": 0.6319425087108015, "171": 0.6784552845528455, "172": 0.5675900116144018, "173": 0.5036701509872241, "174": 0.549082462253194, "175": 0.7001974448315912, "176": 0.6651974448315912, "177": 0.4995296167247386, "178": 0.6277816492450639, "179": 0.6287282229965157, "180": 0.6313792102206737, "181": 0.6340679442508711, "182": 0.6385743321718932, "183": 0.6102439024390244, "184": 0.6077061556329849, "185": 0.6051684088269453, "186": 0.5864576074332172, "187": 0.5237340301974449, "188": 0.5386295005807201, "189": 0.5101103368176538, "190": 0.50431475029036, "191": 0.612781649245064, "192": 0.5464576074332171, "193": 0.5192770034843206, "194": 0.6431939605110337, "195": 0.5692334494773519, "196": 0.5513559814169571, "197": 0.5587804878048781, "198": 0.5581329849012776, "199": 0.6906155632984902, "200": 0.679253774680604, "201": 0.6625493612078979, "202": 0.6041056910569106, "203": 0.5634698025551684, "204": 0.6236875725900116, "205": 0.53835656213705, "206": 0.5638850174216028, "207": 0.5449070847851336, "208": 0.671411149825784, "209": 0.558397212543554, "210": 0.6027409988385598, "211": 0.6256939605110337, "212": 0.5835772357723578, "213": 0.5242624854819977, "214": 0.5711149825783972, "215": 0.5263066202090593, "216": 0.5686178861788618, "217": 0.5493844367015098, "218": 0.580705574912892, "219": 0.5766521486643438, "220": 0.5779036004645761, "221": 0.49299070847851334, "222": 0.46844657375145177, "223": 0.45337108013937283, "224": 0.44431765389082467, "225": 0.44124854819976767, "226": 0.45378339140534263, "227": 0.44915795586527296, "228": 0.4760917537746806, "229": 0.48787166085946576, "230": 0.5020760743321719, "231": 0.5128339140534263, "232": 0.5185162601626017, "233": 0.5225319396051104, "234": 0.4475290360046458, "235": 0.5784320557491289, "236": 0.558664343786295, "237": 0.5882433217189315, "238": 0.5976364692218351, "239": 0.5899854819976771, "240": 0.5844163763066202, "241": 0.6010075493612079, "242": 0.6036207897793264, "243": 0.5138211382113822, "244": 0.522267711962834, "245": 0.5282142857142857, "246": 0.4661324041811847, "247": 0.4516637630662021, "248": 0.5784756097560976, "249": 0.6056765389082462, "250": 0.6185830429732868, "251": 0.6091666666666666, "252": 0.5884407665505227, "253": 0.5985162601626016, "254": 0.6060162601626016, "255": 0.614198606271777, "256": 0.579198606271777, "257": 0.574732868757259, "258": 0.564732868757259, "259": 0.5865127758420441, "260": 0.596739256678281, "261": 0.6303716608594657, "262": 0.7187224157955865, "263": 0.6072677119628339, "264": 0.6586672473867596, "265": 0.6351074332171893, "266": 0.6430168408826945, "267": 0.64982868757259, "268": 0.6569105691056911, "269": 0.6624419279907086, "270": 0.6725929152148664, "271": 0.6660772357723577, "272": 0.6727439024390244, "273": 0.6965301974448316, "274": 0.612485481997677, "275": 0.60369918699187, "276": 0.6021951219512196, "277": 0.5976800232288038, "278": 0.6307433217189315, "279": 0.6263501742160278, "280": 0.6713501742160279, "281": 0.5906329849012776, "282": 0.5665156794425087, "283": 0.584279907084785, "284": 0.5816695702671313, "285": 0.5334465737514518, "286": 0.559883855981417, "287": 0.6961527293844367, "288": 0.739561556329849, "289": 0.6293408826945412, "290": 0.6244541231126597, "291": 0.685281649245064, "292": 0.6827816492450639, "293": 0.5823112659698025, "294": 0.6350987224157956, "295": 0.5481068524970965, "296": 0.5418960511033681, "297": 0.5187572590011614, "298": 0.5845847851335656, "299": 0.5320876887340302,