{"label": 4, "0": 0.5521310432569975, "1": 0.5226590330788804, "2": 0.5301145038167938, "3": 0.47243638676844785, "4": 0.5109923664122138, "5": 0.4959923664122138, "6": 0.46099236641221375, "7": 0.3512722646310432, "8": 0.4351590330788804, "9": 0.4209923664122137, "10": 0.3755979643765903, "11": 0.5554643765903308, "12": 0.5587977099236641, "13": 0.5612977099236641, "14": 0.5621310432569975, "15": 0.5654643765903308, "16": 0.5691921119592875, "17": 0.5741921119592875, "18": 0.5875699745547074, "19": 0.5272201017811705, "20": 0.511119592875318, "21": 0.2590203562340967, "22": 0.40115139949109413, "23": 0.3871564885496183, "24": 0.3731615776081425, "25": 0.34907760814249367, "26": 0.41010178117048346, "27": 0.34908396946564885, "28": 0.3664567430025445, "29": 0.33548346055979644, "30": 0.3307442748091603, "31": 0.3425826972010178, "32": 0.5499236641221374, "33": 0.3432442748091603, "34": 0.2963867684478372, "35": 0.3172709923664122, "36": 0.43255089058524177, "37": 0.5313804071246819, "38": 0.5422582697201018, "39": 0.5160687022900763, "40": 0.5079516539440203, "41": 0.5269910941475827, "42": 0.5176463104325699, "43": 0.4967175572519084, "44": 0.5099363867684479, "45": 0.4969974554707379, "46": 0.29828244274809157, "47": 0.43852417302798985, "48": 0.4646628498727735, "49": 0.4575572519083969, "50": 0.38679389312977097, "51": 0.4836641221374046, "52": 0.31846692111959285, "53": 0.3031106870229008, "54": 0.25722646310432573, "55": 0.393352417302799, "56": 0.3841793893129771, "57": 0.4761005089058524, "58": 0.40568702290076336, "59": 0.48150763358778625, "60": 0.4983969465648855, "61": 0.49895674300254456, "62": 0.501501272264631, "63": 0.2875381679389313, "64": 0.4683905852417303, "65": 0.34645674300254453, "66": 0.33474554707379134, "67": 0.2949618320610687, "68": 0.2765712468193384, "69": 0.3213676844783715, "70": 0.2852099236641221, "71": 0.2771374045801527, "72": 0.5355470737913486, "73": 0.5219465648854962, "74": 0.5121628498727735, "75": 0.48782442748091603, "76": 0.5002290076335878, "77": 0.509529262086514, "78": 0.5040458015267175, "79": 0.4900190839694657, "80": 0.5210241730279899, "81": 0.5312022900763359, "82": 0.5451972010178117, "83": 0.566380407124682, "84": 0.5555470737913486, "85": 0.5497137404580152, "86": 0.5468193384223918, "87": 0.5460305343511451, "88": 0.5197519083969466, "89": 0.5188740458015267, "90": 0.5188295165394402, "91": 0.5187849872773537, "92": 0.4772455470737914, "93": 0.33963104325699744, "94": 0.5297201017811706, "95": 0.5129516539440204, "96": 0.5112404580152672, "97": 0.5076526717557251, "98": 0.47804071246819335, "99": 0.5026081424936387, "100": 0.42781806615776086, "101": 0.41075063613231555, "102": 0.46001272264631043, "103": 0.26639949109414757, "104": 0.28991094147582697, "105": 0.30377226463104323, "106": 0.5182124681933842, "107": 0.3737022900763359, "108": 0.35782442748091603, "109": 0.33106870229007634, "110": 0.3587722646310433, "111": 0.33354325699745546, "112": 0.41479643765903307, "113": 0.32047709923664125, "114": 0.44330788804071247, "115": 0.47361323155216284, "116": 0.32744274809160306, "117": 0.3524936386768448, "118": 0.374910941475827, "119": 0.4025063613231552, "120": 0.4186959287531806, "121": 0.4297964376590331, "122": 0.44949745547073794, "123": 0.34910941475826973, "124": 0.30608778625954197, "125": 0.5187531806615776, "126": 0.4485241730279898, "127": 0.29002544529262086, "128": 0.43541348600508906, "129": 0.4587404580152672, "130": 0.336882951653944, "131": 0.4648409669211196, "132": 0.36928117048346054, "133": 0.4101908396946565, "134": 0.4730025445292621, "135": 0.4599936386768448, "136": 0.4745992366412214, "137": 0.3388422391857506, "138": 0.42801526717557253, "139": 0.2844592875318066, "140": 0.5577735368956743, "141": 0.5225254452926209, "142": 0.442029262086514, "143": 0.30704834605597964, "144": 0.36903944020356233, "145": 0.381323155216285, "146": 0.5086513994910942, "147": 0.3707760814249364, "148": 0.5999300254452926, "149": 0.5403562340966921, "150": 0.5108333333333334, "151": 0.39893129770992364, "152": 0.6334033078880408, "153": 0.39194020356234094, "154": 0.4012849872773537, "155": 0.40764631043256994, "156": 0.29340966921119593, "157": 0.3916348600508906, "158": 0.37768447837150126, "159": 0.36623409669211193, "160": 0.355617048346056, "161": 0.3496501272264631, "162": 0.2701145038167939, "163": 0.35930025445292624, "164": 0.5384478371501272, "165": 0.48795165394402035, "166": 0.48194656488549614, "167": 0.5155470737913486, "168": 0.44849236641221374, "169": 0.49495547073791346, "170": 0.5261450381679389, "171": 0.5903244274809161, "172": 0.4417875318066158, "173": 0.40387404580152675, "174": 0.4559860050890585, "175": 0.6250699745547075, "176": 0.5694847328244275, "177": 0.3668256997455471, "178": 0.5312022900763359, "179": 0.5319910941475827, "180": 0.5327798982188295, "181": 0.5356743002544528, "182": 0.5405852417302799, "183": 0.5095737913486005, "184": 0.5049236641221374, "185": 0.5015458015267176, "186": 0.47202290076335873, "187": 0.3948600508905853, "188": 0.4451526717557252, "189": 0.4137468193384224, "190": 0.405235368956743, "191": 0.512118320610687, "192": 0.4177099236641222, "193": 0.42690839694656485, "194": 0.5446183206106869, "195": 0.48432569974554707, "196": 0.4611641221374046, "197": 0.4726590330788804, "198": 0.4599300254452926, "199": 0.6134033078880408, "200": 0.6000699745547073, "201": 0.5737913486005088, "202": 0.48982824427480914, "203": 0.454351145038168, "204": 0.5172010178117048, "205": 0.4200445292620866, "206": 0.4503562340966921, "207": 0.4214440203562341, "208": 0.5820356234096692, "209": 0.4555852417302799, "210": 0.4867111959287532, "211": 0.5195674300254454, "212": 0.46377226463104326, "213": 0.3924872773536896, "214": 0.4476272264631043, "215": 0.39485368956743006, "216": 0.4496946564885496, "217": 0.4533078880407125, "218": 0.4824300254452926, "219": 0.47391857506361323, "220": 0.4838358778625954, "221": 0.3906297709923664, "222": 0.35895674300254454, "223": 0.33776717557251906, "224": 0.3232888040712468, "225": 0.31767175572519085, "226": 0.328765903307888, "227": 0.31506997455470737, "228": 0.3556552162849873, "229": 0.3742557251908397, "230": 0.39377862595419844, "231": 0.4090903307888041, "232": 0.4205852417302799, "233": 0.4261577608142494, "234": 0.31419211195928753, "235": 0.47514631043256994, "236": 0.4659860050890585, "237": 0.4955470737913486, "238": 0.5081806615776081, "239": 0.49721374045801525, "240": 0.4822964376590331, "241": 0.5128307888040713, "242": 0.5153307888040712, "243": 0.41655216284987273, "244": 0.4279580152671756, "245": 0.43471374045801525, "246": 0.3462277353689568, "247": 0.32894402035623405, "248": 0.4987150127226463, "249": 0.5585623409669211, "250": 0.5424872773536895, "251": 0.5684860050890586, "252": 0.5236832061068701, "253": 0.5393447837150127, "254": 0.5529007633587786, "255": 0.5678180661577608, "256": 0.5105661577608143, "257": 0.5216284987277353, "258": 0.5059223918575064, "259": 0.5381234096692112, "260": 0.552029262086514, "261": 0.5842239185750636, "262": 0.6614440203562341, "263": 0.5619847328244275, "264": 0.6190139949109414, "265": 0.592824427480916, "266": 0.5826335877862595, "267": 0.5695483460559796, "268": 0.5753371501272264, "269": 0.5906933842239186, "270": 0.6080216284987277, "271": 0.5914376590330789, "272": 0.6041603053435114, "273": 0.6408778625954199, "274": 0.5353816793893129, "275": 0.5270928753180661, "276": 0.5611132315521629, "277": 0.5258715012722646, "278": 0.5668384223918574, "279": 0.5610050890585242, "280": 0.6216793893129771, "281": 0.5116539440203562, "282": 0.5181234096692112, "283": 0.5417684478371502, "284": 0.5378689567430025, "285": 0.461176844783715, "286": 0.49482188295165397, "287": 0.6444338422391858, "288": 0.7041857506361323, "289": 0.5620547073791349, "290": 0.5526653944020357, "291": 0.6274554707379135, "292": 0.6236386768447837, "293": 0.5422964376590331, "294": 0.5710050890585241, "295": 0.4905725190839695, "296": 0.4860559796437659,