{"label": 8, "0": 0.5428871391076115, "1": 0.5127362204724409, "2": 0.5210695538057742, "3": 0.4763779527559055, "4": 0.5035695538057743, "5": 0.4927362204724409, "6": 0.46508530183727037, "7": 0.4004265091863517, "8": 0.44326771653543307, "9": 0.4324343832020997, "10": 0.38978346456692914, "11": 0.5462204724409448, "12": 0.5495538057742783, "13": 0.5512204724409449, "14": 0.5520538057742782, "15": 0.5553871391076115, "16": 0.5587204724409449, "17": 0.5637204724409449, "18": 0.5728871391076116, "19": 0.5169028871391076, "20": 0.5090288713910761, "21": 0.33272309711286085, "22": 0.4322309711286089, "23": 0.4233727034120735, "24": 0.4146653543307086, "25": 0.3996719160104987, "26": 0.4376049868766404, "27": 0.393753280839895, "28": 0.4052624671916011, "29": 0.38656167979002626, "30": 0.38383858267716536, "31": 0.3974803149606299, "32": 0.5554068241469816, "33": 0.39580708661417324, "34": 0.3654527559055118, "35": 0.38165354330708656, "36": 0.46329396325459316, "37": 0.5313779527559055, "38": 0.5406955380577428, "39": 0.5247178477690289, "40": 0.521994750656168, "41": 0.534488188976378, "42": 0.5292650918635171, "43": 0.5226837270341207, "44": 0.5048622047244095, "45": 0.49554461942257216, "46": 0.36255905511811026, "47": 0.458510498687664, "48": 0.48335958005249346, "49": 0.47835958005249346, "50": 0.434750656167979, "51": 0.48471128608923886, "52": 0.3725459317585302, "53": 0.3639173228346457, "54": 0.325748031496063, "55": 0.4194160104986877, "56": 0.4174540682414698, "57": 0.5091272965879265, "58": 0.4610498687664042, "59": 0.4954002624671916, "60": 0.5047900262467191, "61": 0.5207874015748032, "62": 0.5219225721784777, "63": 0.35301181102362206, "64": 0.48669291338582676, "65": 0.38927821522309713, "66": 0.3798097112860892, "67": 0.34148293963254595, "68": 0.3391535433070866, "69": 0.3632217847769029, "70": 0.35316929133858266, "71": 0.3427952755905512, "72": 0.5363779527559055, "73": 0.5300196850393701, "74": 0.5256299212598425, "75": 0.4990354330708661, "76": 0.5209383202099738, "77": 0.5257086614173229, "78": 0.5229068241469816, "79": 0.49600393700787404, "80": 0.5320669291338582, "81": 0.5363057742782152, "82": 0.5433464566929134, "83": 0.5620603674540683, "84": 0.5538779527559055, "85": 0.5488779527559056, "86": 0.5456955380577428, "87": 0.5431955380577428, "88": 0.530249343832021, "89": 0.5309317585301838, "90": 0.5314632545931759, "91": 0.5329790026246719, "92": 0.5031364829396325, "93": 0.40658792650918635, "94": 0.5194028871391076, "95": 0.526994750656168, "96": 0.5268438320209974, "97": 0.5110761154855643, "98": 0.4956299212598425, "99": 0.5084251968503937, "100": 0.45450131233595803, "101": 0.4455708661417323, "102": 0.48055774278215224, "103": 0.32717847769028874, "104": 0.34475065616797895, "105": 0.3619422572178478, "106": 0.5347244094488189, "107": 0.40396325459317584, "108": 0.3850262467191601, "109": 0.3619225721784777, "110": 0.40610892388451447, "111": 0.3933202099737533, "112": 0.44002624671916013, "113": 0.37899606299212596, "114": 0.45858267716535434, "115": 0.4850984251968504, "116": 0.39014435695538063, "117": 0.4052099737532808, "118": 0.4195209973753281, "119": 0.4355708661417323, "120": 0.44503280839895015, "121": 0.4498753280839895, "122": 0.45789370078740155, "123": 0.41143044619422575, "124": 0.3702887139107612, "125": 0.5129658792650919, "126": 0.46782808398950126, "127": 0.36446850393700786, "128": 0.4517650918635171, "129": 0.4813910761154856, "130": 0.39171916010498686, "131": 0.4791141732283465, "132": 0.4315091863517061, "133": 0.4375262467191601, "134": 0.4801706036745407, "135": 0.49921916010498685, "136": 0.5102034120734908, "137": 0.4050721784776903, "138": 0.4774081364829396, "139": 0.3528740157480315, "140": 0.561771653543307, "141": 0.5156167979002625, "142": 0.4666207349081365, "143": 0.3752952755905512, "144": 0.4106496062992126, "145": 0.4183727034120735, "146": 0.5263910761154855, "147": 0.4318832020997375, "148": 0.5903215223097114, "149": 0.5535958005249344, "150": 0.5341338582677165, "151": 0.40978346456692916, "152": 0.6108398950131233, "153": 0.426246719160105, "154": 0.4313188976377953, "155": 0.4354068241469816, "156": 0.36241469816272964, "157": 0.42396981627296587, "158": 0.41442913385826774, "159": 0.40670603674540684, "160": 0.4014829396325459, "161": 0.3982283464566929, "162": 0.34545275590551183, "163": 0.4050459317585302, "164": 0.5285695538057743, "165": 0.506010498687664, "166": 0.49373359580052495, "167": 0.5175918635170604, "168": 0.454251968503937, "169": 0.5220144356955381, "170": 0.5423097112860893, "171": 0.5835039370078741, "172": 0.48770997375328085, "173": 0.4320734908136483, "174": 0.4661548556430446, "175": 0.6040223097112861, "176": 0.5722244094488189, "177": 0.4281758530183727, "178": 0.5363057742782152, "179": 0.5368372703412074, "180": 0.5391863517060367, "181": 0.5433530183727033, "182": 0.547749343832021, "183": 0.5251771653543307, "184": 0.5232086614173228, "185": 0.5204068241469816, "186": 0.503746719160105, "187": 0.44801181102362203, "188": 0.4578215223097113, "189": 0.4360826771653543, "190": 0.43184383202099735, "191": 0.5279790026246719, "192": 0.4688451443569554, "193": 0.44229002624671915, "194": 0.551994750656168, "195": 0.48258530183727033, "196": 0.46804461942257214, "197": 0.4734186351706037, "198": 0.4745669291338583, "199": 0.5938713910761155, "200": 0.5838713910761155, "201": 0.5691076115485565, "202": 0.517007874015748, "203": 0.48101706036745406, "204": 0.5343503937007874, "205": 0.4593635170603675, "206": 0.48230971128608924, "207": 0.4666404199475066, "208": 0.5761548556430447, "209": 0.4736614173228346, "210": 0.5158005249343832, "211": 0.5369291338582677, "212": 0.5009514435695539, "213": 0.449002624671916, "214": 0.488989501312336, "215": 0.450748031496063, "216": 0.48708661417322835, "217": 0.4670669291338583, "218": 0.4922178477690289, "219": 0.4888123359580052, "220": 0.48933727034120733, "221": 0.4200262467191601, "222": 0.3994291338582677, "223": 0.3858005249343832, "224": 0.3774737532808399, "225": 0.3745997375328084, "226": 0.3871784776902887, "227": 0.38378608923884516, "228": 0.4049015748031496, "229": 0.41625984251968506, "230": 0.4290551181102362, "231": 0.43821522309711286, "232": 0.4437401574803149, "233": 0.44729658792650917, "234": 0.38461942257217846, "235": 0.4922965879265092, "236": 0.47463910761154854, "237": 0.4981233595800525, "238": 0.5072112860892388, "239": 0.49895669291338585, "240": 0.497749343832021, "241": 0.5091797900262467, "242": 0.5126640419947507, "243": 0.4404790026246719, "244": 0.4462335958005249, "245": 0.45017060367454065, "246": 0.39694225721784776, "247": 0.38490157480314957, "248": 0.49129265091863517, "249": 0.5250459317585302, "250": 0.5257611548556431, "251": 0.5306299212598425, "252": 0.5114238845144357, "253": 0.5202821522309711, "254": 0.5273228346456693, "255": 0.5323162729658792, "256": 0.5028674540682415, "257": 0.4955839895013123, "258": 0.4874081364829397, "259": 0.5052755905511811, "260": 0.515498687664042, "261": 0.547007874015748, "262": 0.6216535433070867, "263": 0.525498687664042, "264": 0.5732020997375328, "265": 0.551017060367454, "266": 0.5513451443569554, "267": 0.5510629921259842, "268": 0.5584120734908137, "269": 0.5652230971128609, "270": 0.5762795275590551, "271": 0.5681036745406824, "272": 0.5748425196850393, "273": 0.600741469816273, "274": 0.5197769028871391, "275": 0.5124278215223097, "276": 0.5207939632545932, "277": 0.5109776902887139, "278": 0.5387795275590551, "279": 0.5346128608923884, "280": 0.5790551181102362, "281": 0.5014435695538058, "282": 0.48815616797900263, "283": 0.5042847769028871, "284": 0.5057874015748032, "285": 0.4589370078740157, "286": 0.48453412073490815, "287": 0.59998031496063, "288": 0.6471456692913387, "289": 0.5359055118110236, "290": 0.531515748031496, "291": 0.5909711286089239, "292": 0.5881692913385828, "293": 0.5051902887139108, "294": 0.5429461942257218, "295": 0.4730905511811024, "296": 0.4665748031496063, "297": 0.4482349081364829,