{"label": 6, "0": 0.581569264069264, "1": 0.5400757575757575, "2": 0.5522402597402597, "3": 0.49483766233766235, "4": 0.5281601731601732, "5": 0.5139935064935065, "6": 0.4793290043290044, "7": 0.40523809523809523, "8": 0.45216450216450216, "9": 0.4377489177489178, "10": 0.38783549783549787, "11": 0.5868181818181818, "12": 0.5901515151515151, "13": 0.5926515151515152, "14": 0.5926515151515152, "15": 0.5979004329004329, "16": 0.6029004329004328, "17": 0.6087337662337662, "18": 0.6184848484848484, "19": 0.5461580086580087, "20": 0.5361688311688312, "21": 0.33086580086580086, "22": 0.4419588744588745, "23": 0.43196969696969695, "24": 0.4222294372294372, "25": 0.4039935064935065, "26": 0.44836580086580086, "27": 0.3963095238095238, "28": 0.40904761904761905, "29": 0.387987012987013, "30": 0.3854112554112554, "31": 0.40175324675324675, "32": 0.5951082251082251, "33": 0.3992424242424243, "34": 0.3701190476190476, "35": 0.38376623376623376, "36": 0.477965367965368, "37": 0.5658333333333334, "38": 0.5779978354978355, "39": 0.5559307359307359, "40": 0.5506060606060605, "41": 0.5660930735930736, "42": 0.5582683982683982, "43": 0.5493722943722943, "44": 0.5303354978354978, "45": 0.5181709956709957, "46": 0.3597619047619047, "47": 0.47294372294372294, "48": 0.5024458874458875, "49": 0.495530303030303, "50": 0.4460822510822511, "51": 0.5056709956709957, "52": 0.36857142857142855, "53": 0.35925324675324677, "54": 0.31927489177489177, "55": 0.4241883116883117, "56": 0.42428571428571427, "57": 0.5304653679653679, "58": 0.4875108225108225, "59": 0.5171861471861472, "60": 0.529426406926407, "61": 0.5437012987012987, "62": 0.5458658008658008, "63": 0.3469264069264069, "64": 0.5066125541125541, "65": 0.3883008658008658, "66": 0.37755411255411253, "67": 0.33398268398268394, "68": 0.33435064935064934, "69": 0.3571428571428571, "70": 0.34885281385281386, "71": 0.34044372294372294, "72": 0.5727489177489178, "73": 0.5614285714285714, "74": 0.5544372294372295, "75": 0.5220995670995671, "76": 0.5447835497835498, "77": 0.552943722943723, "78": 0.548030303030303, "79": 0.5192640692640693, "80": 0.5620995670995671, "81": 0.5699242424242424, "82": 0.5807467532467532, "83": 0.6041666666666667, "84": 0.593582251082251, "85": 0.5888311688311688, "86": 0.5838311688311688, "87": 0.5807467532467532, "88": 0.5620995670995671, "89": 0.5616017316017317, "90": 0.5619372294372295, "91": 0.5641883116883117, "92": 0.5246212121212122, "93": 0.42161255411255416, "94": 0.5486580086580086, "95": 0.5556060606060605, "96": 0.5542748917748918, "97": 0.5379220779220779, "98": 0.5178571428571429, "99": 0.5332575757575757, "100": 0.46853896103896103, "101": 0.45872294372294375, "102": 0.499448051948052, "103": 0.31967532467532467, "104": 0.3378354978354978, "105": 0.3564935064935065, "106": 0.5668614718614718, "107": 0.40544372294372294, "108": 0.3827813852813853, "109": 0.35653679653679654, "110": 0.41273809523809524, "111": 0.39901515151515154, "112": 0.45152597402597405, "113": 0.3795887445887446, "114": 0.47385281385281386, "115": 0.5047727272727273, "116": 0.39735930735930736, "117": 0.41242424242424247, "118": 0.42899350649350654, "119": 0.4473051948051948, "120": 0.458538961038961, "121": 0.46352813852813857, "122": 0.47183982683982684, "123": 0.42060606060606065, "124": 0.36984848484848487, "125": 0.5396645021645021, "126": 0.484025974025974, "127": 0.36987012987012985, "128": 0.4655194805194805, "129": 0.499448051948052, "130": 0.39466450216450216, "131": 0.49810606060606055, "132": 0.45252164502164505, "133": 0.44819264069264064, "134": 0.5000974025974025, "135": 0.5294047619047619, "136": 0.5454004329004329, "137": 0.4171969696969697, "138": 0.5034199134199134, "139": 0.35444805194805196, "140": 0.6031926406926407, "141": 0.5443290043290043, "142": 0.4826190476190476, "143": 0.37735930735930734, "144": 0.41664502164502165, "145": 0.42613636363636365, "146": 0.5524458874458874, "147": 0.44493506493506496, "148": 0.6367532467532467, "149": 0.5940367965367965, "150": 0.5733008658008658, "151": 0.41333333333333333, "152": 0.6603138528138528, "153": 0.433961038961039, "154": 0.44095238095238093, "155": 0.4457792207792208, "156": 0.36143939393939395, "157": 0.4323701298701299, "158": 0.4217965367965368, "159": 0.41313852813852814, "160": 0.40614718614718615, "161": 0.40240259740259743, "162": 0.3476190476190476, "163": 0.41040043290043293, "164": 0.5605735930735931, "165": 0.5296103896103896, "166": 0.5155194805194805, "167": 0.5460064935064934, "168": 0.4657467532467532, "169": 0.5562229437229437, "170": 0.5797077922077922, "171": 0.6287554112554112, "172": 0.5188311688311689, "173": 0.4424458874458874, "174": 0.4830952380952381, "175": 0.6525649350649351, "176": 0.615021645021645, "177": 0.4461904761904762, "178": 0.5699242424242424, "179": 0.5710930735930736, "180": 0.5741774891774892, "181": 0.5780952380952381, "182": 0.5837662337662337, "183": 0.551525974025974, "184": 0.5485281385281385, "185": 0.545530303030303, "186": 0.5245454545454545, "187": 0.4623376623376623, "188": 0.472012987012987, "189": 0.44551948051948054, "190": 0.44152597402597404, "191": 0.5556060606060605, "192": 0.48950216450216455, "193": 0.45251082251082253, "194": 0.5894372294372294, "195": 0.5020779220779221, "196": 0.4837554112554112, "197": 0.49124458874458876, "198": 0.49218614718614717, "199": 0.6423160173160174, "200": 0.6295670995670996, "201": 0.6109199134199135, "202": 0.5457142857142857, "203": 0.49995670995670993, "204": 0.5687012987012987, "205": 0.4750649350649351, "206": 0.5010497835497836, "207": 0.48307359307359304, "208": 0.6204220779220779, "209": 0.49152597402597403, "210": 0.5464718614718616, "211": 0.5716233766233767, "212": 0.5232251082251083, "213": 0.467012987012987, "214": 0.5138203463203463, "215": 0.4729329004329005, "216": 0.505974025974026, "217": 0.48410173160173164, "218": 0.5132683982683983, "219": 0.5101082251082251, "220": 0.5100974025974025, "221": 0.42577922077922076, "222": 0.4012987012987013, "223": 0.3850649350649351, "224": 0.3764935064935065, "225": 0.3736688311688312, "226": 0.39042207792207795, "227": 0.39203463203463207, "228": 0.4124134199134199, "229": 0.4249025974025974, "230": 0.43922077922077923, "231": 0.44995670995670994, "232": 0.4566125541125541, "233": 0.460021645021645, "234": 0.3947835497835498, "235": 0.5126082251082251, "236": 0.49226190476190473, "237": 0.5208441558441559, "238": 0.5334199134199135, "239": 0.5235930735930736, "240": 0.5194372294372294, "241": 0.5364177489177488, "242": 0.5391666666666667, "243": 0.4514393939393939, "244": 0.45959956709956706, "245": 0.4636796536796537, "246": 0.40082251082251086, "247": 0.3860822510822511, "248": 0.5126515151515152, "249": 0.5554112554112554, "250": 0.5572294372294373, "251": 0.5585389610389611, "252": 0.5367748917748918, "253": 0.5467640692640693, "254": 0.5567532467532468, "255": 0.5641558441558442, "256": 0.5253679653679654, "257": 0.5200108225108225, "258": 0.5084415584415585, "259": 0.5327489177489177, "260": 0.5447402597402597, "261": 0.5816450216450216, "262": 0.6756060606060605, "263": 0.5561580086580087, "264": 0.6118614718614719, "265": 0.5860497835497835, "266": 0.5881818181818181, "267": 0.5942207792207792, "268": 0.6033874458874459, "269": 0.611038961038961, "270": 0.6232792207792208, "271": 0.6144588744588744, "272": 0.6231168831168831, "273": 0.6517640692640693, "274": 0.548982683982684, "275": 0.5392316017316017, "276": 0.5501406926406927, "277": 0.5380411255411255, "278": 0.5732034632034633, "279": 0.5692857142857143, "280": 0.6194805194805195, "281": 0.5256493506493507, "282": 0.5111688311688312, "283": 0.5307359307359307, "284": 0.5280519480519481, "285": 0.47338744588744586, "286": 0.503452380952381, "287": 0.650422077922078, "288": 0.7025324675324676, "289": 0.5722943722943723, "290": 0.5667207792207791, "291": 0.6406818181818181, "292": 0.637435064935065, "293": 0.5294805194805194, "294": 0.5803679653679654, "295": 0.49202380952380953, "296": 0.48477272727272724, "297": 0.4557683982683983,