{"label": 10, "0": 0.6053256704980843, "1": 0.576867816091954, "2": 0.5860344827586207, "3": 0.5363314176245211, "4": 0.5677011494252874, "5": 0.5542432950191571, "6": 0.5231609195402298, "7": 0.4434482758620689, "8": 0.49982758620689655, "9": 0.48636973180076626, "10": 0.4463697318007662, "11": 0.6094923371647509, "12": 0.6137835249042145, "13": 0.6162835249042146, "14": 0.6162835249042146, "15": 0.6204501915708813, "16": 0.6254501915708812, "17": 0.6304501915708813, "18": 0.6437835249042145, "19": 0.581867816091954, "20": 0.5714559386973179, "21": 0.37334291187739466, "22": 0.47860153256704985, "23": 0.46985632183908044, "24": 0.4602777777777778, "25": 0.4429501915708812, "26": 0.48459770114942524, "27": 0.4375670498084291, "28": 0.44989463601532564, "29": 0.42869731800766286, "30": 0.42532567049808434, "31": 0.44003831417624517, "32": 0.6177203065134099, "33": 0.43807471264367814, "34": 0.4068869731800766, "35": 0.421044061302682, "36": 0.5157279693486589, "37": 0.5921647509578544, "38": 0.6032471264367816, "39": 0.5857950191570882, "40": 0.5822988505747126, "41": 0.5945019157088123, "42": 0.589463601532567, "43": 0.5800574712643678, "44": 0.5682471264367817, "45": 0.5571647509578543, "46": 0.4016666666666666, "47": 0.5125095785440613, "48": 0.5408429118773946, "49": 0.5357183908045977, "50": 0.4832854406130268, "51": 0.5463314176245211, "52": 0.4139463601532567, "53": 0.4037452107279693, "54": 0.36708812260536394, "55": 0.46729885057471265, "56": 0.46363984674329506, "57": 0.5631034482758621, "58": 0.5014655172413793, "59": 0.5535057471264367, "60": 0.5646264367816092, "61": 0.57772030651341, "62": 0.5805938697318007, "63": 0.3921647509578544, "64": 0.544051724137931, "65": 0.43297892720306513, "66": 0.42452107279693485, "67": 0.38923371647509575, "68": 0.3822509578544061, "69": 0.411772030651341, "70": 0.3917528735632184, "71": 0.3850478927203065, "72": 0.5981226053639846, "73": 0.5900862068965518, "74": 0.5858812260536399, "75": 0.5580459770114943, "76": 0.5796360153256706, "77": 0.5860919540229885, "78": 0.5815517241379311, "79": 0.5567528735632183, "80": 0.592212643678161, "81": 0.5989176245210728, "82": 0.6067049808429119, "83": 0.6285823754789273, "84": 0.618955938697318, "85": 0.6131226053639847, "86": 0.6099137931034483, "87": 0.6067049808429119, "88": 0.5912547892720307, "89": 0.591963601532567, "90": 0.5925478927203065, "91": 0.5940900383141763, "92": 0.5595977011494253, "93": 0.44413793103448274, "94": 0.5835344827586206, "95": 0.5872988505747126, "96": 0.5862164750957854, "97": 0.5726245210727969, "98": 0.5537164750957855, "99": 0.5690421455938697, "100": 0.5068486590038314, "101": 0.4963984674329502, "102": 0.5379693486590038, "103": 0.3708716475095786, "104": 0.3892432950191571, "105": 0.403448275862069, "106": 0.5945114942528735, "107": 0.45192528735632187, "108": 0.43680076628352493, "109": 0.41367816091954024, "110": 0.45011494252873563, "111": 0.4352107279693487, "112": 0.48784482758620684, "113": 0.4199137931034483, "114": 0.5133812260536399, "115": 0.5432567049808429, "116": 0.43300766283524905, "117": 0.4495402298850575, "118": 0.46628352490421454, "119": 0.48377394636015325, "120": 0.49385057471264365, "121": 0.50022030651341, "122": 0.5152490421455939, "123": 0.45409003831417627, "124": 0.4104597701149425, "125": 0.5762452107279694, "126": 0.5226340996168582, "127": 0.4022222222222222, "128": 0.5038409961685824, "129": 0.5370114942528735, "130": 0.43232758620689654, "131": 0.5374233716475096, "132": 0.4704693486590038, "133": 0.48451149425287354, "134": 0.541044061302682, "135": 0.5489942528735632, "136": 0.5588697318007663, "137": 0.44522030651340994, "138": 0.5221264367816092, "139": 0.3943007662835249, "140": 0.6248467432950191, "141": 0.5797030651340995, "142": 0.5197222222222222, "143": 0.4139655172413793, "144": 0.4554022988505747, "145": 0.46485632183908043, "146": 0.5858429118773947, "147": 0.4752969348659004, "148": 0.6574616858237547, "149": 0.6114367816091955, "150": 0.5877777777777777, "151": 0.46636973180076624, "152": 0.6830747126436781, "153": 0.4716858237547893, "154": 0.47851532567049804, "155": 0.4824712643678161, "156": 0.4011302681992337, "157": 0.4700574712643678, "158": 0.4589367816091954, "159": 0.44948275862068965, "160": 0.44348659003831414, "161": 0.44036398467432947, "162": 0.3842624521072797, "163": 0.44894636015325673, "164": 0.5927011494252874, "165": 0.564176245210728, "166": 0.5526724137931034, "167": 0.5791666666666666, "168": 0.5114942528735632, "169": 0.5750287356321839, "170": 0.6003544061302682, "171": 0.6507950191570882, "172": 0.5312931034482758, "173": 0.47913793103448277, "174": 0.5235440613026819, "175": 0.6764080459770114, "176": 0.6342624521072797, "177": 0.46905172413793106, "178": 0.5980842911877394, "179": 0.5995019157088123, "180": 0.6018773946360153, "181": 0.6059195402298851, "182": 0.6108812260536398, "183": 0.5845498084291187, "184": 0.581800766283525, "185": 0.5798850574712644, "186": 0.5586015325670498, "187": 0.4947892720306513, "188": 0.5143773946360153, "189": 0.4846743295019157, "190": 0.48059386973180074, "191": 0.5872988505747126, "192": 0.5153735632183908, "193": 0.4942528735632184, "194": 0.6134674329501916, "195": 0.5442432950191571, "196": 0.5262068965517241, "197": 0.5341187739463602, "198": 0.5310057471264368, "199": 0.6654501915708813, "200": 0.6537835249042145, "201": 0.6347509578544062, "202": 0.5727298850574712, "203": 0.5358908045977011, "204": 0.5933908045977012, "205": 0.5102777777777778, "206": 0.5354789272030651, "207": 0.5158237547892721, "208": 0.6435440613026819, "209": 0.5310919540229885, "210": 0.568860153256705, "211": 0.5932279693486591, "212": 0.5524425287356323, "213": 0.4931704980842912, "214": 0.5397413793103448, "215": 0.4939655172413793, "216": 0.5404406130268199, "217": 0.5226724137931035, "218": 0.5512547892720306, "219": 0.5470498084291188, "220": 0.5502107279693487, "221": 0.4670114942528736, "222": 0.44393678160919536, "223": 0.42790229885057474, "224": 0.4189080459770115, "225": 0.41624521072796933, "226": 0.42812260536398467, "227": 0.4241379310344827, "228": 0.4491187739463602, "229": 0.4620306513409962, "230": 0.47544061302681995, "231": 0.48539272030651337, "232": 0.4924712643678161, "233": 0.49680076628352493, "234": 0.4222222222222222, "235": 0.5505076628352491, "236": 0.5328352490421456, "237": 0.5589176245210729, "238": 0.5696647509578544, "239": 0.5605842911877394, "240": 0.5558812260536399, "241": 0.5724137931034483, "242": 0.5750383141762452, "243": 0.489176245210728, "244": 0.49659003831417625, "245": 0.502088122605364, "246": 0.43832375478927205, "247": 0.42649425287356324, "248": 0.5545306513409962, "249": 0.59, "250": 0.5906130268199233, "251": 0.5919827586206896, "252": 0.5733045977011494, "253": 0.582883141762452, "254": 0.5916283524904214, "255": 0.5981226053639848, "256": 0.5630172413793104, "257": 0.5582567049808429, "258": 0.5484291187739463, "259": 0.5696264367816092, "260": 0.5796647509578544, "261": 0.6125766283524904, "262": 0.6955555555555556, "263": 0.591331417624521, "264": 0.6361877394636015, "265": 0.6164463601532567, "266": 0.6175095785440613, "267": 0.6143199233716475, "268": 0.6225287356321839, "269": 0.629147509578544, "270": 0.6401436781609195, "271": 0.6329406130268199, "272": 0.6396455938697319, "273": 0.6713026819923371, "274": 0.5846551724137932, "275": 0.57727969348659, "276": 0.5847413793103449, "277": 0.5729789272030652, "278": 0.6051436781609195, "279": 0.6011015325670498, "280": 0.6455363984674329, "281": 0.5646551724137931, "282": 0.5500862068965517, "283": 0.5676628352490422, "284": 0.5674042145593869, "285": 0.515191570881226, "286": 0.5430172413793104, "287": 0.6697988505747127, "288": 0.7136494252873563, "289": 0.6024808429118773, "290": 0.5963601532567049, "291": 0.653764367816092, "292": 0.6518486590038315, "293": 0.5666187739463602, "294": 0.6093103448275863, "295": 0.53272030651341, "296": 0.5261781609195402, "297": 0.5090900383141762, "298": 0.5701149425287356,