{"label": 7, "0": 0.586265541740675, "1": 0.54349171107164, "2": 0.5577131438721137, "3": 0.5063869153345175, "4": 0.53349171107164, "5": 0.52099171107164, "6": 0.49526791000592063, "7": 0.4348223801065719, "8": 0.4719345766725873, "9": 0.45943457667258736, "10": 0.4228226761397276, "11": 0.5904322084073417, "12": 0.5945988750740083, "13": 0.5979322084073416, "14": 0.5995988750740082, "15": 0.603765541740675, "16": 0.608765541740675, "17": 0.6154322084073416, "18": 0.618601243339254, "19": 0.5502131438721136, "20": 0.5429988158673771, "21": 0.3777960331557134, "22": 0.4637462995855536, "23": 0.45658673771462405, "24": 0.44853907637655416, "25": 0.4353818827708703, "26": 0.4684058614564831, "27": 0.42453670811130845, "28": 0.43430580224985194, "29": 0.4172676139727649, "30": 0.4161056838365897, "31": 0.43488898756660743, "32": 0.6005224985198343, "33": 0.429603315571344, "34": 0.4107460035523979, "35": 0.4183436944937833, "36": 0.4999748371817644, "37": 0.5739416814683245, "38": 0.5857178804026051, "39": 0.5682844878626406, "40": 0.5670130254588513, "41": 0.5785035523978685, "42": 0.5747868561278864, "43": 0.5685820011841326, "44": 0.5354988158673771, "45": 0.5245559502664299, "46": 0.39522942569567787, "47": 0.4927915926583778, "48": 0.5167391947898164, "49": 0.5116844286560095, "50": 0.4749985198342214, "51": 0.5137773830669035, "52": 0.40054618117229135, "53": 0.3940008880994671, "54": 0.367455595026643, "55": 0.44556542332741267, "56": 0.44652013025458853, "57": 0.5548653049141503, "58": 0.5130698638247484, "59": 0.528843990526939, "60": 0.5401702190645352, "61": 0.5681867969212552, "62": 0.5700177619893428, "63": 0.3836722912966252, "64": 0.5225725281231498, "65": 0.41658673771462407, "66": 0.4073105387803434, "67": 0.37709147424511547, "68": 0.3777294256956779, "69": 0.39569863824748375, "70": 0.3865127294256957, "71": 0.38473653049141504, "72": 0.5798297809354647, "73": 0.5733940201302545, "74": 0.5704558910597987, "75": 0.5340082889283599, "76": 0.5690748963883955, "77": 0.5743487270574305, "78": 0.5709058614564831, "79": 0.5282844878626406, "80": 0.5773416222616933, "81": 0.5827797513321492, "82": 0.5890512137359385, "83": 0.6070559502664299, "84": 0.6039416814683245, "85": 0.5989964476021314, "86": 0.5939964476021314, "87": 0.5907178804026051, "88": 0.5781749555950266, "89": 0.578898756660746, "90": 0.5796225577264654, "91": 0.581179692125518, "92": 0.5438010657193606, "93": 0.4575222024866785, "94": 0.553546477205447, "95": 0.5754011249259917, "96": 0.5744582593250445, "97": 0.5461678507992895, "98": 0.533679692125518, "99": 0.5436130846654825, "100": 0.4896891651865009, "101": 0.48209147424511545, "102": 0.5157963291888692, "103": 0.3657770870337478, "104": 0.3802175843694494, "105": 0.3903271166370633, "106": 0.5799082297217288, "107": 0.42945825932504444, "108": 0.41623445825932504, "109": 0.39607015985790406, "110": 0.44148904677323864, "111": 0.4334532267613973, "112": 0.47034635879218467, "113": 0.41305802249851986, "114": 0.49150828892835996, "115": 0.5170677915926584, "116": 0.4310746003552398, "117": 0.44550325636471283, "118": 0.45960331557134393, "119": 0.4731438721136767, "120": 0.4805772646536412, "121": 0.4845130254588514, "122": 0.48888691533451745, "123": 0.45373889875666074, "124": 0.4050651272942569, "125": 0.5448845470692718, "126": 0.5019582593250445, "127": 0.4123579040852575, "128": 0.4857844878626406, "129": 0.5174629958555358, "130": 0.42599615156897574, "131": 0.5112344582593251, "132": 0.4826865008880995, "133": 0.46701302545885137, "134": 0.5116725873297809, "135": 0.5456675547661338, "136": 0.5590556542332741, "137": 0.45163410301953816, "138": 0.5242317939609236, "139": 0.3960746003552398, "140": 0.6078582001184132, "141": 0.5499940793368857, "142": 0.5022986974541148, "143": 0.41457223208999405, "144": 0.4427605091770278, "145": 0.4498653049141504, "146": 0.5742391947898164, "147": 0.47640319715808166, "148": 0.6406749555950266, "149": 0.6005343398460627, "150": 0.582322380106572, "151": 0.441101243339254, "152": 0.6645441089402013, "153": 0.4561367673179396, "154": 0.4615748963883955, "155": 0.4651820603907638, "156": 0.3988484310242747, "157": 0.4548534635879219, "158": 0.4460272350503256, "159": 0.43892243931320307, "160": 0.4343176435760805, "161": 0.4315438129070456, "162": 0.3925222024866785, "163": 0.4374866785079929, "164": 0.566046477205447, "165": 0.5442939609236235, "166": 0.5271773238602724, "167": 0.5552797513321492, "168": 0.4853226761397276, "169": 0.5679914150384844, "170": 0.5870367081113085, "171": 0.631453522794553, "172": 0.5385627590290113, "173": 0.4618487270574304, "174": 0.49767021906453524, "175": 0.6544893428063943, "176": 0.6196891651865009, "177": 0.4751317347542925, "178": 0.5844464179988158, "179": 0.5851702190645353, "180": 0.5875606867969212, "181": 0.5916725873297809, "182": 0.5921225577264654, "183": 0.5710701598579041, "184": 0.5692939609236235, "185": 0.5666844286560095, "186": 0.5475843694493784, "187": 0.49133658969804617, "188": 0.49022498519834223, "189": 0.46572972172883365, "190": 0.4620677915926584, "191": 0.5745677915926584, "192": 0.5145603907637656, "193": 0.4711678507992895, "194": 0.5959058614564832, "195": 0.5127131438721138, "196": 0.4980535820011841, "197": 0.5044345766725873, "198": 0.506398756660746, "199": 0.6427679100059207, "200": 0.6294345766725873, "201": 0.6143368857312019, "202": 0.5612581409117822, "203": 0.5186915334517466, "204": 0.5793605683836589, "205": 0.4991533451746596, "206": 0.5215319715808171, "207": 0.5086604499703966, "208": 0.6223963883955004, "209": 0.508624925991711, "210": 0.559877146240379, "211": 0.5805891059798698, "212": 0.5442081113084665, "213": 0.49490082889283604, "214": 0.534329484902309, "215": 0.4987388987566608, "216": 0.5303152753108349, "217": 0.49984162226169326, "218": 0.5230654233274127, "219": 0.5219034931912374, "220": 0.5191178211959739, "221": 0.4485153937240971, "222": 0.4284177027827117, "223": 0.4150962107756069, "224": 0.40777235050325633, "225": 0.40738898756660746, "226": 0.42305802249851987, "227": 0.42896980461811723, "228": 0.44355091770278277, "229": 0.4540985790408526, "230": 0.46397720544701004, "231": 0.4721891651865009, "232": 0.4769034931912374, "233": 0.478953522794553, "234": 0.43491267021906455, "235": 0.5269582593250444, "236": 0.5042821195973949, "237": 0.5284487862640616, "238": 0.5396107164002368, "239": 0.5318368857312019, "240": 0.533843990526939, "241": 0.5413869153345174, "242": 0.5464964476021315, "243": 0.4705654233274127, "244": 0.47756068679692126, "245": 0.4818916518650089, "246": 0.4305461811722913, "247": 0.41844138543516873, "248": 0.5215393724097099, "249": 0.5637611012433392, "250": 0.5599274718768502, "251": 0.5752279455298994, "252": 0.5438395500296034, "253": 0.5543872113676731, "254": 0.5641015393724097, "255": 0.5732015985790408, "256": 0.5341799881586737, "257": 0.5313277087033748, "258": 0.5215038484310243, "259": 0.5436515689757253, "260": 0.5548682652457075, "261": 0.589582593250444, "262": 0.6760109532267614, "263": 0.5665349319123743, "264": 0.6197232089994079, "265": 0.5944064535227945, "266": 0.5915586145648313, "267": 0.5952560686796922, "268": 0.6043679692125518, "269": 0.6118013617525162, "270": 0.6238513913558319, "271": 0.6140275310834813, "272": 0.6227442273534636, "273": 0.6512300177619893, "274": 0.5514846062759029, "275": 0.5432608052101835, "276": 0.5606897572528123, "277": 0.5479085257548846, "278": 0.5762966252220248, "279": 0.5730180580224985, "280": 0.6225325636471285, "281": 0.5324274718768502, "282": 0.525153937240971, "283": 0.5434754292480758, "284": 0.5453493191237418, "285": 0.48663706335109536, "286": 0.515068087625814, "287": 0.650834813499112, "288": 0.7085612788632327, "289": 0.5741370633510954, "290": 0.5695322676139727, "291": 0.6409561870929544, "292": 0.6383466548253405, "293": 0.5429159265837774, "294": 0.5821299585553582, "295": 0.5048371817643575, "296": 0.4999467140319716, "297": 0.48116341030195386, "298": 0.5440778567199527,