{"label": 10, "0": 0.5416666666666667, "1": 0.5236111111111111, "2": 0.5283333333333333, "3": 0.4952777777777778, "4": 0.5158333333333334, "5": 0.5061111111111112, "6": 0.48305555555555557, "7": 0.44861111111111107, "8": 0.4666666666666667, "9": 0.4588888888888889, "10": 0.425, "11": 0.5449999999999999, "12": 0.5483333333333333, "13": 0.5505555555555556, "14": 0.5505555555555556, "15": 0.5527777777777778, "16": 0.5569444444444445, "17": 0.5613888888888889, "18": 0.5658333333333334, "19": 0.5269444444444444, "20": 0.5219444444444444, "21": 0.4061111111111111, "22": 0.4666666666666667, "23": 0.46277777777777773, "24": 0.4586111111111111, "25": 0.4502777777777778, "26": 0.4688888888888889, "27": 0.44027777777777777, "28": 0.4463888888888889, "29": 0.4363888888888889, "30": 0.4372222222222222, "31": 0.45055555555555554, "32": 0.5613888888888889, "33": 0.4458333333333333, "34": 0.43333333333333335, "35": 0.44027777777777777, "36": 0.4938888888888889, "37": 0.5355555555555556, "38": 0.5441666666666667, "39": 0.5341666666666667, "40": 0.5341666666666667, "41": 0.5411111111111111, "42": 0.538888888888889, "43": 0.5383333333333333, "44": 0.5194444444444444, "45": 0.5119444444444444, "46": 0.4230555555555556, "47": 0.48444444444444446, "48": 0.5055555555555555, "49": 0.5022222222222222, "50": 0.4797222222222222, "51": 0.5030555555555556, "52": 0.4241666666666667, "53": 0.42166666666666663, "54": 0.39916666666666667, "55": 0.4505555555555556, "56": 0.4527777777777777, "57": 0.5294444444444444, "58": 0.5019444444444444, "59": 0.5130555555555556, "60": 0.5186111111111111, "61": 0.5352777777777777, "62": 0.5361111111111111, "63": 0.41500000000000004, "64": 0.508888888888889, "65": 0.4344444444444444, "66": 0.4280555555555555, "67": 0.40166666666666667, "68": 0.40805555555555556, "69": 0.4172222222222222, "70": 0.4175, "71": 0.41388888888888886, "72": 0.54, "73": 0.5372222222222223, "74": 0.5361111111111112, "75": 0.515, "76": 0.5361111111111111, "77": 0.5388888888888889, "78": 0.5369444444444444, "79": 0.5144444444444445, "80": 0.5408333333333333, "81": 0.5430555555555556, "82": 0.5463888888888889, "83": 0.5611111111111111, "84": 0.5544444444444445, "85": 0.5519444444444445, "86": 0.5486111111111112, "87": 0.5463888888888889, "88": 0.5408333333333333, "89": 0.5411111111111111, "90": 0.5413888888888889, "91": 0.5427777777777778, "92": 0.5233333333333334, "93": 0.4622222222222222, "94": 0.5280555555555555, "95": 0.5383333333333333, "96": 0.5386111111111112, "97": 0.5225, "98": 0.5138888888888888, "99": 0.5205555555555555, "100": 0.4847222222222222, "101": 0.4816666666666667, "102": 0.5047222222222223, "103": 0.39666666666666667, "104": 0.40888888888888886, "105": 0.41805555555555557, "106": 0.5447222222222222, "107": 0.43999999999999995, "108": 0.4288888888888889, "109": 0.41194444444444445, "110": 0.45416666666666666, "111": 0.45111111111111113, "112": 0.46944444444444444, "113": 0.4355555555555556, "114": 0.48333333333333334, "115": 0.5066666666666667, "116": 0.4505555555555556, "117": 0.4588888888888889, "118": 0.4666666666666667, "119": 0.4738888888888889, "120": 0.4772222222222222, "121": 0.47805555555555557, "122": 0.48027777777777775, "123": 0.4666666666666667, "124": 0.43027777777777776, "125": 0.5244444444444445, "126": 0.49194444444444446, "127": 0.43166666666666664, "128": 0.47805555555555557, "129": 0.5047222222222223, "130": 0.44333333333333336, "131": 0.5013888888888889, "132": 0.4813888888888889, "133": 0.4672222222222222, "134": 0.5011111111111111, "135": 0.5283333333333333, "136": 0.5349999999999999, "137": 0.46277777777777773, "138": 0.5136111111111111, "139": 0.4225, "140": 0.5672222222222223, "141": 0.5255555555555556, "142": 0.49333333333333335, "143": 0.43833333333333335, "144": 0.455, "145": 0.45833333333333337, "146": 0.5391666666666667, "147": 0.4816666666666667, "148": 0.5852777777777778, "149": 0.5625, "150": 0.5513888888888889, "151": 0.4413888888888889, "152": 0.5944444444444444, "153": 0.46166666666666667, "154": 0.46499999999999997, "155": 0.46638888888888885, "156": 0.42694444444444446, "157": 0.4583333333333333, "158": 0.4519444444444445, "159": 0.4486111111111111, "160": 0.4463888888888889, "161": 0.4461111111111111, "162": 0.41694444444444445, "163": 0.4513888888888889, "164": 0.5338888888888889, "165": 0.5230555555555556, "166": 0.5130555555555556, "167": 0.5291666666666666, "168": 0.47444444444444445, "169": 0.5427777777777778, "170": 0.5549999999999999, "171": 0.58, "172": 0.5202777777777777, "173": 0.4641666666666666, "174": 0.48777777777777775, "175": 0.59, "176": 0.5736111111111111, "177": 0.4797222222222222, "178": 0.5430555555555556, "179": 0.5444444444444444, "180": 0.5458333333333334, "181": 0.5491666666666667, "182": 0.5530555555555555, "183": 0.5375000000000001, "184": 0.5366666666666666, "185": 0.5338888888888889, "186": 0.5244444444444445, "187": 0.4916666666666667, "188": 0.48111111111111104, "189": 0.4638888888888889, "190": 0.4625, "191": 0.5394444444444444, "192": 0.5063888888888889, "193": 0.46777777777777774, "194": 0.5572222222222223, "195": 0.4983333333333333, "196": 0.48777777777777775, "197": 0.49083333333333334, "198": 0.4963888888888889, "199": 0.5833333333333333, "200": 0.5744444444444444, "201": 0.5669444444444445, "202": 0.5355555555555556, "203": 0.5061111111111111, "204": 0.5480555555555555, "205": 0.495, "206": 0.5086111111111111, "207": 0.5019444444444444, "208": 0.5741666666666667, "209": 0.4975, "210": 0.5377777777777778, "211": 0.5491666666666667, "212": 0.5255555555555556, "213": 0.49444444444444446, "214": 0.5197222222222222, "215": 0.4955555555555555, "216": 0.5141666666666667, "217": 0.49083333333333334, "218": 0.5116666666666667, "219": 0.5094444444444445, "220": 0.5088888888888888, "221": 0.4538888888888889, "222": 0.4419444444444445, "223": 0.43527777777777776, "224": 0.4305555555555556, "225": 0.43166666666666664, "226": 0.44222222222222224, "227": 0.4477777777777778, "228": 0.4552777777777778, "229": 0.4625, "230": 0.4672222222222222, "231": 0.4719444444444445, "232": 0.4738888888888889, "233": 0.4741666666666667, "234": 0.4469444444444444, "235": 0.5116666666666667, "236": 0.49527777777777776, "237": 0.515, "238": 0.5208333333333334, "239": 0.5161111111111112, "240": 0.5144444444444445, "241": 0.5216666666666667, "242": 0.5238888888888888, "243": 0.4688888888888889, "244": 0.4722222222222222, "245": 0.475, "246": 0.4455555555555556, "247": 0.4388888888888889, "248": 0.5027777777777778, "249": 0.5102777777777778, "250": 0.53, "251": 0.5002777777777778, "252": 0.5052777777777777, "253": 0.5105555555555555, "254": 0.5136111111111111, "255": 0.5152777777777777, "256": 0.5011111111111111, "257": 0.4913888888888889, "258": 0.4875, "259": 0.4975, "260": 0.5030555555555556, "261": 0.5230555555555556, "262": 0.5936111111111111, "263": 0.51, "264": 0.5325, "265": 0.5236111111111111, "266": 0.5366666666666666, "267": 0.5455555555555556, "268": 0.5533333333333333, "269": 0.5547222222222221, "270": 0.5602777777777778, "271": 0.5575, "272": 0.5619444444444445, "273": 0.5761111111111111, "274": 0.5266666666666666, "275": 0.52, "276": 0.5033333333333333, "277": 0.5108333333333334, "278": 0.5336111111111111, "279": 0.5302777777777777, "280": 0.5480555555555555, "281": 0.5113888888888889, "282": 0.4855555555555555, "283": 0.49472222222222223, "284": 0.485, "285": 0.4733333333333334, "286": 0.4866666666666667, "287": 0.5738888888888889, "288": 0.5902777777777778, "289": 0.5347222222222222, "290": 0.5325, "291": 0.5700000000000001, "292": 0.5691666666666667, "293": 0.4919444444444444, "294": 0.5369444444444444, "295": 0.4783333333333334, "296": 0.4747222222222222, "297": 0.45305555555555554, "298": 0.48916666666666664, "299": 0.4636111111111111, "300": 0.5027777777777778, "301": 0.5030555555555556, "302": 0.5488888888888889, "303": 0.5561111111111111, "304": 0.5616666666666666, "305": 0.535, "306": 0.5691666666666667, "307": 0.5675, "308": 0.5683333333333334, "309": 0.5308333333333333,