{"label": 11, "0": 0.6206081081081081, "1": 0.5858783783783783, "2": 0.5958108108108109, "3": 0.5291666666666667, "4": 0.5716441441441442, "5": 0.5533108108108108, "6": 0.5074099099099099, "7": 0.41786036036036034, "8": 0.47240990990990994, "9": 0.4549099099099099, "10": 0.3957432432432433, "11": 0.6256081081081081, "12": 0.6306756756756756, "13": 0.6349099099099099, "14": 0.6349099099099099, "15": 0.6399099099099099, "16": 0.6474774774774774, "17": 0.6533108108108108, "18": 0.6642117117117117, "19": 0.592545045045045, "20": 0.5773648648648648, "21": 0.32344594594594595, "22": 0.458490990990991, "23": 0.4476801801801802, "24": 0.4359684684684685, "25": 0.4165540540540541, "26": 0.4659009009009009, "27": 0.40644144144144145, "28": 0.42072072072072075, "29": 0.3963288288288288, "30": 0.39322072072072073, "31": 0.41317567567567565, "32": 0.6400675675675676, "33": 0.4108558558558558, "34": 0.3721396396396396, "35": 0.3913288288288288, "36": 0.5044144144144144, "37": 0.6010585585585586, "38": 0.6162612612612612, "39": 0.5908783783783784, "40": 0.5852027027027027, "41": 0.6037162162162162, "42": 0.5947072072072073, "43": 0.5831531531531532, "44": 0.5750675675675676, "45": 0.5599324324324324, "46": 0.36270270270270266, "47": 0.4997072072072072, "48": 0.5369369369369369, "49": 0.528536036036036, "50": 0.4641441441441442, "51": 0.5424324324324324, "52": 0.3765315315315315, "53": 0.3644144144144144, "54": 0.31175675675675674, "55": 0.4437837837837838, "56": 0.43826576576576576, "57": 0.5606756756756757, "58": 0.5067567567567568, "59": 0.5542792792792792, "60": 0.5684234234234233, "61": 0.5793918918918919, "62": 0.5820945945945946, "63": 0.34894144144144146, "64": 0.541036036036036, "65": 0.4023873873873874, "66": 0.38891891891891894, "67": 0.3304054054054054, "68": 0.3306981981981982, "69": 0.360945945945946, "70": 0.34966216216216217, "71": 0.33815315315315314, "72": 0.6086261261261261, "73": 0.5985810810810811, "74": 0.5904054054054054, "75": 0.5586486486486486, "76": 0.5802927927927928, "77": 0.5899324324324324, "78": 0.5838963963963963, "79": 0.5589864864864865, "80": 0.5990765765765765, "81": 0.6089189189189189, "82": 0.6213963963963964, "83": 0.6479954954954955, "84": 0.6371621621621621, "85": 0.6304954954954956, "86": 0.6246621621621622, "87": 0.6205630630630631, "88": 0.5990765765765765, "89": 0.5989414414414415, "90": 0.600472972972973, "91": 0.6020045045045045, "92": 0.5566891891891892, "93": 0.4289414414414415, "94": 0.5942117117117117, "95": 0.5919369369369369, "96": 0.5900675675675675, "97": 0.577027027027027, "98": 0.5522072072072072, "99": 0.5727252252252252, "100": 0.4937612612612613, "101": 0.4805405405405405, "102": 0.5317342342342342, "103": 0.31234234234234237, "104": 0.3362162162162162, "105": 0.36202702702702705, "106": 0.6040315315315316, "107": 0.42268018018018017, "108": 0.3906756756756757, "109": 0.35873873873873874, "110": 0.42529279279279275, "111": 0.40972972972972976, "112": 0.4697072072072072, "113": 0.38644144144144144, "114": 0.5003828828828829, "115": 0.5417117117117117, "116": 0.40538288288288293, "117": 0.4261711711711712, "118": 0.4464864864864865, "119": 0.46740990990990994, "120": 0.479527027027027, "121": 0.48630630630630634, "122": 0.49903153153153157, "123": 0.4338513513513514, "124": 0.37486486486486487, "125": 0.5845045045045045, "126": 0.5131081081081081, "127": 0.36867117117117115, "128": 0.48864864864864865, "129": 0.5299324324324324, "130": 0.40538288288288293, "131": 0.5325450450450451, "132": 0.4651801801801802, "133": 0.4638063063063063, "134": 0.5357882882882883, "135": 0.5603153153153153, "136": 0.5780855855855855, "137": 0.42727477477477477, "138": 0.5282657657657658, "139": 0.3526126126126126, "140": 0.6507657657657657, "141": 0.5888063063063063, "142": 0.5105630630630631, "143": 0.38301801801801805, "144": 0.43033783783783786, "145": 0.4401801801801802, "146": 0.5897972972972974, "147": 0.46065315315315314, "148": 0.6891891891891893, "149": 0.639054054054054, "150": 0.6120045045045045, "151": 0.42574324324324325, "152": 0.7151801801801801, "153": 0.44835585585585586, "154": 0.4556306306306307, "155": 0.46193693693693694, "156": 0.36335585585585584, "157": 0.4463963963963964, "158": 0.43315315315315317, "159": 0.4233108108108108, "160": 0.4159009009009009, "161": 0.4129954954954955, "162": 0.3413063063063063, "163": 0.42319819819819826, "164": 0.6041441441441442, "165": 0.5652027027027027, "166": 0.5535135135135135, "167": 0.5861261261261261, "168": 0.49074324324324325, "169": 0.5941666666666666, "170": 0.6220495495495495, "171": 0.6798873873873874, "172": 0.543536036036036, "173": 0.45860360360360364, "174": 0.5126576576576577, "175": 0.7067792792792793, "176": 0.664436936936937, "177": 0.4592792792792793, "178": 0.6089189189189189, "179": 0.6104504504504504, "180": 0.6145495495495495, "181": 0.6186486486486487, "182": 0.6250450450450451, "183": 0.5884009009009009, "184": 0.5840315315315315, "185": 0.5813963963963964, "186": 0.5560135135135136, "187": 0.4826351351351351, "188": 0.4993243243243244, "189": 0.4645495495495495, "190": 0.4581081081081081, "191": 0.5919369369369369, "192": 0.5126351351351351, "193": 0.47452702702702704, "194": 0.632972972972973, "195": 0.5374774774774775, "196": 0.5149324324324325, "197": 0.5233108108108109, "198": 0.5244819819819819, "199": 0.6942792792792792, "200": 0.6792792792792793, "201": 0.6577252252252253, "202": 0.5808108108108108, "203": 0.5300225225225226, "204": 0.6076576576576577, "205": 0.4987612612612613, "206": 0.5299774774774775, "207": 0.5071171171171172, "208": 0.6691216216216216, "209": 0.5230405405405405, "210": 0.5818018018018019, "211": 0.6113513513513513, "212": 0.5532657657657658, "213": 0.4868243243243243, "214": 0.5413513513513514, "215": 0.4923198198198198, "216": 0.5342342342342342, "217": 0.5128828828828829, "218": 0.5528828828828829, "219": 0.5455405405405405, "220": 0.5499549549549549, "221": 0.44304054054054054, "222": 0.41405405405405404, "223": 0.39443693693693693, "224": 0.38335585585585585, "225": 0.38011261261261264, "226": 0.3988738738738739, "227": 0.3979054054054054, "228": 0.42538288288288284, "229": 0.44132882882882885, "230": 0.45581081081081076, "231": 0.4686261261261261, "232": 0.4761036036036036, "233": 0.480045045045045, "234": 0.3979054054054054, "235": 0.5480405405405405, "236": 0.5251576576576577, "237": 0.5626576576576576, "238": 0.5756981981981982, "239": 0.5643243243243243, "240": 0.5549774774774775, "241": 0.5800675675675675, "242": 0.5834684684684684, "243": 0.4691441441441442, "244": 0.47968468468468467, "245": 0.48585585585585583, "246": 0.4118918918918919, "247": 0.39531531531531533, "248": 0.549054054054054, "249": 0.5811936936936937, "250": 0.60259009009009, "251": 0.5802702702702702, "252": 0.5613288288288287, "253": 0.5738738738738739, "254": 0.5838513513513514, "255": 0.5924324324324324, "256": 0.5506531531531531, "257": 0.5426126126126126, "258": 0.5307657657657657, "259": 0.5568918918918919, "260": 0.5708333333333333, "261": 0.6106756756756757, "262": 0.7301576576576576, "263": 0.5831981981981982, "264": 0.6424774774774775, "265": 0.6158558558558558, "266": 0.6305405405405405, "267": 0.6326576576576577, "268": 0.6451576576576576, "269": 0.6522747747747748, "270": 0.6655855855855857, "271": 0.6570045045045045, "272": 0.6660810810810811, "273": 0.7002702702702703, "274": 0.594954954954955, "275": 0.5834234234234235, "276": 0.5762162162162162, "277": 0.571846846846847, "278": 0.6180180180180179, "279": 0.611418918918919, "280": 0.6632432432432432, "281": 0.5658558558558558, "282": 0.5333558558558559, "283": 0.554572072072072, "284": 0.5469594594594595, "285": 0.4936036036036036, "286": 0.5248873873873874, "287": 0.6994144144144144, "288": 0.7500675675675677, "289": 0.61740990990991, "290": 0.6107657657657657, "291": 0.6833333333333333, "292": 0.6814639639639639, "293": 0.5533783783783783, "294": 0.6239864864864866, "295": 0.5125, "296": 0.5034684684684685, "297": 0.47094594594594597, "298": 0.5514189189189189,