{"label": 9, "0": 0.6110705596107056, "1": 0.573728710462287, "2": 0.5861496350364963, "3": 0.5286922141119221, "4": 0.5620620437956204, "5": 0.5478953771289538, "6": 0.5136496350364963, "7": 0.42796228710462286, "8": 0.4835705596107056, "9": 0.4685705596107056, "10": 0.4168248175182482, "11": 0.6160705596107057, "12": 0.6219038929440389, "13": 0.6252372262773722, "14": 0.6252372262773722, "15": 0.6310705596107056, "16": 0.6386496350364963, "17": 0.6461496350364964, "18": 0.6527372262773723, "19": 0.5795620437956204, "20": 0.5703588807785888, "21": 0.33845498783454986, "22": 0.46989659367396597, "23": 0.45886861313868615, "24": 0.44617396593673964, "25": 0.42657542579075425, "26": 0.47751216545012165, "27": 0.41930656934306565, "28": 0.43382603406326037, "29": 0.4081995133819951, "30": 0.40498783454987836, "31": 0.42304744525547444, "32": 0.6297749391727494, "33": 0.42090024330900244, "34": 0.38032238442822386, "35": 0.40094890510948905, "36": 0.5092639902676399, "37": 0.5948844282238444, "38": 0.6092092457420925, "39": 0.5853649635036496, "40": 0.5829866180048662, "41": 0.6000060827250608, "42": 0.5935401459854015, "43": 0.5873965936739659, "44": 0.5646046228710462, "45": 0.5511131386861314, "46": 0.3758272506082725, "47": 0.5055656934306569, "48": 0.5372323600973236, "49": 0.5313199513381995, "50": 0.4726094890510949, "51": 0.5386131386861314, "52": 0.39093673965936737, "53": 0.3786009732360097, "54": 0.33138686131386863, "55": 0.45476885644768855, "56": 0.4506873479318735, "57": 0.5682725060827251, "58": 0.5021046228710462, "59": 0.5531021897810219, "60": 0.565559610705596, "61": 0.5840206812652068, "62": 0.5867579075425791, "63": 0.3646350364963504, "64": 0.5430656934306569, "65": 0.4146593673965937, "66": 0.4035888077858881, "67": 0.35414841849148415, "68": 0.35059002433090025, "69": 0.3806143552311435, "70": 0.36428223844282237, "71": 0.35349148418491483, "72": 0.6024635036496351, "73": 0.5931021897810219, "74": 0.5882238442822385, "75": 0.5583394160583942, "76": 0.5849330900243309, "77": 0.591161800486618, "78": 0.5876703163017032, "79": 0.5526642335766423, "80": 0.5970316301703162, "81": 0.604330900243309, "82": 0.6134549878345499, "83": 0.6381386861313869, "84": 0.6307968369829684, "85": 0.6241301703163017, "86": 0.6183759124087591, "87": 0.614367396593674, "88": 0.5978649635036496, "89": 0.5985401459854014, "90": 0.5983029197080292, "91": 0.6006447688564477, "92": 0.5611253041362531, "93": 0.4317518248175183, "94": 0.5819829683698297, "95": 0.5932238442822384, "96": 0.5922323600973236, "97": 0.572463503649635, "98": 0.5542153284671533, "99": 0.5689720194647202, "100": 0.4985462287104623, "101": 0.48680656934306565, "102": 0.5353284671532846, "103": 0.33395985401459855, "104": 0.3572506082725061, "105": 0.37804136253041365, "106": 0.6024330900243309, "107": 0.4361192214111922, "108": 0.40897810218978103, "109": 0.38108272506082724, "110": 0.4353832116788321, "111": 0.41852798053527984, "112": 0.48147810218978104, "113": 0.3979683698296837, "114": 0.5054440389294403, "115": 0.5395316301703162, "116": 0.412183698296837, "117": 0.4351520681265207, "118": 0.4539963503649635, "119": 0.47521897810218977, "120": 0.4875547445255474, "121": 0.4945742092457421, "122": 0.5042883211678832, "123": 0.4399209245742093, "124": 0.38709854014598544, "125": 0.5740875912408759, "126": 0.5164781021897811, "127": 0.376514598540146, "128": 0.4979440389294404, "129": 0.5343369829683698, "130": 0.41451338199513377, "131": 0.5319525547445255, "132": 0.4629014598540146, "133": 0.4773114355231144, "134": 0.5335766423357664, "135": 0.5548722627737226, "136": 0.5681265206812652, "137": 0.4303223844282239, "138": 0.525036496350365, "139": 0.3652007299270073, "140": 0.6378710462287105, "141": 0.5783333333333334, "142": 0.5146958637469586, "143": 0.39242092457420924, "144": 0.44049878345498783, "145": 0.45220194647201944, "146": 0.5910036496350365, "147": 0.46507907542579074, "148": 0.6739355231143552, "149": 0.6256143552311435, "150": 0.6007785888077859, "151": 0.4418248175182482, "152": 0.7011496350364963, "153": 0.4614051094890511, "154": 0.4697749391727494, "155": 0.4753284671532847, "156": 0.3762287104622871, "157": 0.4596958637469586, "158": 0.4471593673965937, "159": 0.4371228710462287, "160": 0.42875304136253045, "161": 0.42486618004866183, "162": 0.3535766423357664, "163": 0.43244525547445256, "164": 0.5953163017031631, "165": 0.5654866180048662, "166": 0.5514355231143552, "167": 0.5815510948905109, "168": 0.499403892944039, "169": 0.5856204379562043, "170": 0.6112895377128954, "171": 0.6656021897810219, "172": 0.537536496350365, "173": 0.47116180048661804, "174": 0.5144890510948905, "175": 0.6919829683698298, "176": 0.6496958637469586, "177": 0.45980535279805357, "178": 0.604330900243309, "179": 0.6066727493917276, "180": 0.6098479318734793, "181": 0.6156021897810219, "182": 0.6202068126520681, "183": 0.5888199513381995, "184": 0.5852493917274939, "185": 0.5825912408759124, "186": 0.5629136253041362, "187": 0.48840632603406325, "188": 0.5044890510948905, "189": 0.47726885644768857, "190": 0.4716362530413626, "191": 0.5923905109489052, "192": 0.5149148418491484, "193": 0.48655109489051096, "194": 0.6244951338199514, "195": 0.535316301703163, "196": 0.516867396593674, "197": 0.5244829683698297, "198": 0.5255231143552311, "199": 0.680316301703163, "200": 0.6661496350364964, "201": 0.6478223844282238, "202": 0.580456204379562, "203": 0.5343004866180048, "204": 0.6032299270072993, "205": 0.5042700729927008, "206": 0.5341058394160584, "207": 0.5133211678832117, "208": 0.6565936739659368, "209": 0.5257238442822385, "210": 0.5777615571776156, "211": 0.6041849148418492, "212": 0.5570863746958638, "213": 0.4878953771289538, "214": 0.5430839416058394, "215": 0.4904379562043796, "216": 0.5408150851581508, "217": 0.5163564476885645, "218": 0.5473479318734793, "219": 0.5451277372262774, "220": 0.5435766423357664, "221": 0.4547323600973236, "222": 0.4263260340632603, "223": 0.40815693430656935, "224": 0.39689172749391727, "225": 0.3926094890510949, "226": 0.4086435523114355, "227": 0.4034975669099757, "228": 0.4345133819951338, "229": 0.4497080291970803, "230": 0.46529805352798054, "231": 0.47830900243309005, "232": 0.48691605839416063, "233": 0.49187347931873476, "234": 0.4032603406326034, "235": 0.5484610705596107, "236": 0.5254014598540145, "237": 0.5547262773722628, "238": 0.5669464720194647, "239": 0.5572262773722627, "240": 0.5562773722627737, "241": 0.5696046228710462, "242": 0.5738503649635036, "243": 0.4818734793187348, "244": 0.4907603406326034, "245": 0.4960766423357664, "246": 0.421970802919708, "247": 0.40618004866180046, "248": 0.5470194647201947, "249": 0.5950912408759124, "250": 0.5895194647201947, "251": 0.6004744525547445, "252": 0.5749026763990268, "253": 0.5875973236009733, "254": 0.5968004866180048, "255": 0.6047323600973236, "256": 0.5623661800486618, "257": 0.5544221411192214, "258": 0.5433150851581509, "259": 0.568029197080292, "260": 0.5812408759124088, "261": 0.6231021897810219, "262": 0.7183576642335766, "263": 0.5954075425790755, "264": 0.657852798053528, "265": 0.6283759124087591, "266": 0.6278771289537712, "267": 0.6222566909975669, "268": 0.6329318734793188, "269": 0.6409428223844282, "270": 0.6541545012165451, "271": 0.643801703163017, "272": 0.6536800486618005, "273": 0.6905778588807785, "274": 0.582852798053528, "275": 0.5730109489051095, "276": 0.5876642335766423, "277": 0.5740754257907543, "278": 0.6074878345498783, "279": 0.6025669099756692, "280": 0.6643734793187348, "281": 0.5587652068126521, "282": 0.5443004866180048, "283": 0.5658029197080292, "284": 0.5669464720194647, "285": 0.505705596107056, "286": 0.5381995133819951, "287": 0.6905352798053528, "288": 0.7578953771289538, "289": 0.6041970802919708, "290": 0.5984063260340633, "291": 0.6732785888077859, "292": 0.6697080291970803, "293": 0.564610705596107, "294": 0.6133211678832117, "295": 0.5240693430656934, "296": 0.5167274939172749, "297": 0.4910888077858881,