{"label": 3, "0": 0.6177689992475546, "1": 0.5847836719337848, "2": 0.5966930022573362, "3": 0.5298156508653122, "4": 0.5722836719337848, "5": 0.5553216704288939, "6": 0.5147310007524455, "7": 0.3949021820917984, "8": 0.47943566591422127, "9": 0.4619356659142212, "10": 0.4021783295711061, "11": 0.6236023325808879, "12": 0.6313976674191122, "13": 0.6355643340857788, "14": 0.6355643340857788, "15": 0.6430643340857788, "16": 0.6522310007524454, "17": 0.6613976674191121, "18": 0.6753216704288939, "19": 0.5903216704288939, "20": 0.5776109857035365, "21": 0.28865876598946577, "22": 0.44636756960120394, "23": 0.432528216704289, "24": 0.41785553047404067, "25": 0.39200150489089536, "26": 0.45741158765989465, "27": 0.38879420617005267, "28": 0.4085195635816403, "29": 0.37549285176824676, "30": 0.3692061700526712, "31": 0.3864954853273138, "32": 0.6341309255079006, "33": 0.38675884123401055, "34": 0.33379608728367194, "35": 0.3589747930775019, "36": 0.4945955605718585, "37": 0.5963769751693002, "38": 0.6136343115124153, "39": 0.5838562829194883, "40": 0.5784029345372461, "41": 0.6017569601203913, "42": 0.5921369450714824, "43": 0.5842155756207675, "44": 0.571239653875094, "45": 0.5573156508653123, "46": 0.3357994732881866, "47": 0.4945316027088036, "48": 0.5342889390519188, "49": 0.5253649360421369, "50": 0.4449341610233258, "51": 0.5423156508653122, "52": 0.35804552294958614, "53": 0.34160082768999245, "54": 0.28196012039127166, "55": 0.4371896162528217, "56": 0.429025583145222, "57": 0.5601335590669676, "58": 0.4702407825432656, "59": 0.5533709556057186, "60": 0.5691196388261851, "61": 0.5759875846501129, "62": 0.5793735891647855, "63": 0.325071482317532, "64": 0.5389936042136945, "65": 0.3865575620767494, "66": 0.37317155756207676, "67": 0.31629420617005266, "68": 0.3040801354401806, "69": 0.34895221971407075, "70": 0.3206414597441686, "71": 0.3054834462001505, "72": 0.6058389766741912, "73": 0.5933709556057185, "74": 0.585122272385252, "75": 0.5592569601203913, "76": 0.578244920993228, "77": 0.5875169300225733, "78": 0.5816309255079006, "79": 0.555142964635064, "80": 0.598022949586155, "81": 0.6065142964635064, "82": 0.6200583145221972, "83": 0.6530436418359669, "84": 0.6413769751693001, "85": 0.6333389766741911, "86": 0.625300978179082, "87": 0.6208916478555304, "88": 0.598022949586155, "89": 0.5979702784048156, "90": 0.597622272385252, "91": 0.6003649360421369, "92": 0.5556922498118886, "93": 0.38796275395033863, "94": 0.5936550037622272, "95": 0.5898269375470279, "96": 0.5892362678705794, "97": 0.5786343115124153, "98": 0.5521369450714824, "99": 0.5738769751693003, "100": 0.48510158013544014, "101": 0.46718021068472537, "102": 0.5289409330323551, "103": 0.2904194883370956, "104": 0.3167061700526712, "105": 0.34240218209179835, "106": 0.6041309255079006, "107": 0.41404627539503386, "108": 0.38762227238525204, "109": 0.3533502633559067, "110": 0.40406884875846505, "111": 0.37843679458239277, "112": 0.4628122648607976, "113": 0.3603668171557562, "114": 0.49665161775771255, "115": 0.5374849510910459, "116": 0.3715067720090293, "117": 0.39805680963130174, "118": 0.42450150489089544, "119": 0.45247554552294955, "120": 0.46921557562076743, "121": 0.4803122648607976, "122": 0.5014296463506396, "123": 0.4015594431903687, "124": 0.3451561324303988, "125": 0.582420993227991, "126": 0.5084556057185854, "127": 0.3273194130925508, "128": 0.4860609480812641, "129": 0.5283502633559067, "130": 0.3796914973664409, "131": 0.5277276147479307, "132": 0.42586343115124153, "133": 0.4586455981941309, "134": 0.5337716328066215, "135": 0.5394488337095561, "136": 0.5530775018811136, "137": 0.38742475545522953, "138": 0.5013374717832957, "139": 0.3169920993227991, "140": 0.6427069224981189, "141": 0.5880116629044394, "142": 0.5037829194883371, "143": 0.3487641083521445, "144": 0.4117795334838224, "145": 0.4250282167042889, "146": 0.5866309255079007, "147": 0.4322027840481565, "148": 0.6878856282919489, "149": 0.6235195635816403, "150": 0.5929082016553799, "151": 0.4324736644093303, "152": 0.7222836719337848, "153": 0.43548156508653124, "154": 0.44706358164033105, "155": 0.454964258841234, "156": 0.33107411587659896, "157": 0.43760158013544015, "158": 0.4207242287434161, "159": 0.40747554552294957, "160": 0.3967268623024831, "161": 0.3913261851015801, "162": 0.30266741911211437, "163": 0.4022121896162528, "164": 0.6066930022573362, "165": 0.5628649360421369, "166": 0.5508709556057185, "167": 0.5872103085026336, "168": 0.49806433408577877, "169": 0.5770221971407072, "170": 0.6093002257336343, "171": 0.6792569601203913, "172": 0.5132994732881866, "173": 0.45079759217456733, "174": 0.5124003009781791, "175": 0.7147836719337848, "176": 0.6552595936794583, "177": 0.4228254326561324, "178": 0.6073476297968398, "179": 0.608961625282167, "180": 0.6133709556057185, "181": 0.6194469525959369, "182": 0.6277276147479308, "183": 0.5856075996990218, "184": 0.5805549285176824, "185": 0.5763355906696764, "186": 0.5552389014296464, "187": 0.46144281414597443, "188": 0.4987716328066215, "189": 0.4602276147479308, "190": 0.4525696012039127, "191": 0.5909556057185854, "192": 0.4906094808126411, "193": 0.47519563581640334, "194": 0.630364936042137, "195": 0.5408596689240031, "196": 0.5170203160270881, "197": 0.5291930022573363, "198": 0.5211136192626035, "199": 0.7039503386004515, "200": 0.687821670428894, "201": 0.66186230248307, "202": 0.5734142212189616, "203": 0.524806245297216, "204": 0.6017155756207675, "205": 0.4847648607975922, "206": 0.5226335590669676, "207": 0.49318284424379233, "208": 0.6695522949586155, "209": 0.519584273890143, "210": 0.5682035364936042, "211": 0.6018528969149737, "212": 0.5448702031602709, "213": 0.45867945823927764, "214": 0.5262208427389015, "215": 0.4588167795334838, "216": 0.5280135440180587, "217": 0.5094469525959368, "218": 0.5481282919488337, "219": 0.5421369450714824, "220": 0.5454382994732883, "221": 0.43531226486079755, "222": 0.40101956358164037, "223": 0.3776128668171558, "224": 0.36175884123401053, "225": 0.35517682468021067, "226": 0.3706094808126411, "227": 0.35737208427389017, "228": 0.4005248306997743, "229": 0.41965951843491345, "230": 0.44110421369450714, "231": 0.4569582392776524, "232": 0.4694262603461249, "233": 0.4754176072234763, "234": 0.355114747930775, "235": 0.5474322799097066, "236": 0.5232336343115124, "237": 0.5591196388261851, "238": 0.5739823175319789, "239": 0.5607863054928518, "240": 0.5561136192626035, "241": 0.5770729872084274, "242": 0.5826636568848759, "243": 0.4642889390519187, "244": 0.47778028592927013, "245": 0.4850902934537246, "246": 0.38847817908201654, "247": 0.37022949586155, "248": 0.5560703536493604, "249": 0.6150451467268623, "250": 0.6038656884875846, "251": 0.6194112114371708, "252": 0.5900037622272385, "253": 0.6035477802859293, "254": 0.6162584650112867, "255": 0.6276504890895409, "256": 0.5759217456734387, "257": 0.5677671181339353, "258": 0.5544657637321294, "259": 0.5852351392024078, "260": 0.6003931527464259, "261": 0.6500658389766742, "262": 0.7509744168547781, "263": 0.6162264860797593, "264": 0.6859932279909706, "265": 0.6575338600451468, "266": 0.6520711060948081, "267": 0.6336230248306998, "268": 0.647199021820918, "269": 0.659477050413845, "270": 0.6785590669676449, "271": 0.6627050413844996, "272": 0.6764917231000752, "273": 0.7213750940556809, "274": 0.597199021820918, "275": 0.5869563581640331, "276": 0.6115425131677953, "277": 0.5896350639578631, "278": 0.6282637321294207, "279": 0.6227257336343115, "280": 0.6975131677953348, "281": 0.5708276899924756, "282": 0.5618491346877351, "283": 0.5871651617757713, "284": 0.5830718585402559, "285": 0.5088863807373966, "286": 0.5472930775018812, "287": 0.7206997742663657, "288": 0.7863205417607224, "289": 0.6225150489089541, "290": 0.6142663656884877, "291": 0.7021030850263356, "292": 0.6987170805116629, "293": 0.58727050413845, "294": 0.634097065462754, "295": 0.5344657637321295, "296": 0.5267231000752446, "297": 0.4971764484574868, "298": 0.5862998495109104,