{"label": 3, "0": 0.6226048565121414, "1": 0.5803752759381899, "2": 0.5926048565121413, "3": 0.5257560706401766, "4": 0.5678752759381899, "5": 0.5509381898454746, "6": 0.509023178807947, "7": 0.40306291390728477, "8": 0.47931567328918323, "9": 0.46404525386313467, "10": 0.40933774834437087, "11": 0.6284381898454746, "12": 0.6370419426048566, "13": 0.6420419426048565, "14": 0.6420419426048565, "15": 0.6487086092715232, "16": 0.6562086092715231, "17": 0.6645419426048566, "18": 0.6764790286975717, "19": 0.5870419426048565, "20": 0.5724227373068433, "21": 0.302378587196468, "22": 0.4516942604856512, "23": 0.43928256070640176, "24": 0.42493377483443706, "25": 0.40144039735099335, "26": 0.4613355408388521, "27": 0.3962858719646799, "28": 0.4136754966887417, "29": 0.38222958057395146, "30": 0.3783995584988963, "31": 0.39736203090507727, "32": 0.639083885209713, "33": 0.3950441501103753, "34": 0.3479635761589404, "35": 0.3719315673289183, "36": 0.5000496688741722, "37": 0.6043818984547461, "38": 0.6224227373068433, "39": 0.5942218543046358, "40": 0.5915176600441501, "41": 0.6127814569536424, "42": 0.6061810154525387, "43": 0.5927538631346578, "44": 0.5671302428256071, "45": 0.5532560706401766, "46": 0.3460540838852097, "47": 0.49403973509933774, "48": 0.5318101545253864, "49": 0.5237693156732892, "50": 0.4586699779249448, "51": 0.5382560706401767, "52": 0.3644370860927152, "53": 0.3504028697571744, "54": 0.2961644591611479, "55": 0.43816225165562916, "56": 0.4330242825607064, "57": 0.5728200883002208, "58": 0.4819977924944812, "59": 0.5486810154525386, "60": 0.5641556291390728, "61": 0.5949172185430464, "62": 0.5973951434878587, "63": 0.334635761589404, "64": 0.5376434878587196, "65": 0.3920309050772627, "66": 0.3795529801324503, "67": 0.3307450331125828, "68": 0.3183057395143488, "69": 0.359575055187638, "70": 0.3327869757174393, "71": 0.32035320088300223, "72": 0.6138189845474613, "73": 0.6033664459161148, "74": 0.5984326710816777, "75": 0.5555960264900662, "76": 0.5962913907284768, "77": 0.6034768211920529, "78": 0.5996026490066225, "79": 0.5514072847682119, "80": 0.6100551876379692, "81": 0.6183222958057395, "82": 0.6287969094922737, "83": 0.6566114790286975, "84": 0.6468818984547462, "85": 0.6396523178807947, "86": 0.6332560706401766, "87": 0.6287969094922737, "88": 0.6100551876379692, "89": 0.6100772626931568, "90": 0.6109326710816777, "91": 0.6137251655629139, "92": 0.5632726269315673, "93": 0.40102649006622515, "94": 0.5892715231788079, "95": 0.6048289183222958, "96": 0.6042880794701987, "97": 0.5746743929359823, "98": 0.5514955849889625, "99": 0.5699668874172186, "100": 0.48719094922737305, "101": 0.4740121412803532, "102": 0.5273951434878588, "103": 0.3040507726269316, "104": 0.3289845474613686, "105": 0.34948123620309046, "106": 0.6115618101545254, "107": 0.41764348785871963, "108": 0.3954359823399558, "109": 0.3646467991169978, "110": 0.4122295805739514, "111": 0.39080573951434877, "112": 0.46572847682119206, "113": 0.37071743929359824, "114": 0.49480684326710817, "115": 0.5348068432671081, "116": 0.3850827814569537, "117": 0.40934326710816776, "118": 0.4325441501103753, "119": 0.45790838852097127, "120": 0.4719426048565121, "121": 0.48156181015452537, "122": 0.49800772626931566, "123": 0.416705298013245, "124": 0.35747240618101545, "125": 0.5793156732891832, "126": 0.5079139072847683, "127": 0.34217439293598234, "128": 0.48620309050772625, "129": 0.5279580573951435, "130": 0.3881512141280353, "131": 0.5262030905077263, "132": 0.43791942604856515, "133": 0.4623951434878587, "134": 0.5300110375275938, "135": 0.545921633554084, "136": 0.5587141280353201, "137": 0.40321192052980137, "138": 0.5124282560706401, "139": 0.331523178807947, "140": 0.6468984547461368, "141": 0.5837527593818985, "142": 0.5057726269315673, "143": 0.36201986754966886, "144": 0.4196412803532009, "145": 0.4315121412803532, "146": 0.6026655629139073, "147": 0.4472240618101545, "148": 0.6941997792494481, "149": 0.6284271523178808, "150": 0.5966225165562914, "151": 0.43627483443708603, "152": 0.7311865342163355, "153": 0.4417163355408389, "154": 0.45192052980132447, "155": 0.45881346578366444, "156": 0.34560154525386316, "157": 0.43998344370860926, "158": 0.42450883002207507, "159": 0.4123675496688742, "160": 0.40189293598234, "161": 0.39749999999999996, "162": 0.31798565121412803, "163": 0.41024834437086094, "164": 0.604271523178808, "165": 0.5673509933774834, "166": 0.5461810154525386, "167": 0.5860706401766005, "168": 0.4945860927152318, "169": 0.5805187637969095, "170": 0.6128863134657837, "171": 0.6841997792494481, "172": 0.5235540838852097, "173": 0.45381346578366444, "174": 0.5083443708609272, "175": 0.7211865342163355, "176": 0.6607726269315674, "177": 0.43650110375275936, "178": 0.6183222958057395, "179": 0.6200110375275938, "180": 0.6236368653421633, "181": 0.6300331125827815, "182": 0.6336810154525386, "183": 0.6006843267108168, "184": 0.5965397350993378, "185": 0.5915618101545254, "186": 0.5661092715231788, "187": 0.4754028697571744, "188": 0.4955739514348786, "189": 0.4625993377483444, "190": 0.4562693156732892, "191": 0.6059326710816777, "192": 0.504028697571744, "193": 0.4752814569536424, "194": 0.6354139072847682, "195": 0.5353973509933775, "196": 0.5118818984547462, "197": 0.5226269315673289, "198": 0.519514348785872, "199": 0.705916114790287, "200": 0.6909161147902869, "201": 0.66469646799117, "202": 0.5800938189845475, "203": 0.5277538631346579, "204": 0.6072130242825607, "205": 0.4949116997792494, "206": 0.5300496688741722, "207": 0.5047075055187638, "208": 0.6741777041942605, "209": 0.5181843267108168, "210": 0.5738079470198676, "211": 0.6072792494481236, "212": 0.5551600441501103, "213": 0.47357615894039734, "214": 0.5350220750551876, "215": 0.47143487858719646, "216": 0.5384492273730684, "217": 0.5078476821192053, "218": 0.5453256070640177, "219": 0.5395584988962472, "220": 0.5425110375275939, "221": 0.43879139072847684, "222": 0.4059050772626932, "223": 0.3841004415011038, "224": 0.3706070640176601, "225": 0.36513245033112585, "226": 0.381280353200883, "227": 0.3718598233995585, "228": 0.41119205298013245, "229": 0.4280408388520971, "230": 0.447075055187638, "231": 0.4625055187637969, "232": 0.47158388520971306, "233": 0.47735099337748343, "234": 0.3699448123620309, "235": 0.5448289183222959, "236": 0.5202814569536424, "237": 0.5552593818984548, "238": 0.5699227373068433, "239": 0.5580298013245033, "240": 0.5534105960264901, "241": 0.5729635761589404, "242": 0.5774006622516556, "243": 0.4679139072847682, "244": 0.47841059602649005, "245": 0.4847626931567329, "246": 0.3966887417218543, "247": 0.3795474613686534, "248": 0.5503090507726269, "249": 0.602257174392936, "250": 0.5991832229580574, "251": 0.6102814569536423, "252": 0.5747295805739514, "253": 0.5868708609271522, "254": 0.5998454746136865, "255": 0.6136092715231788, "256": 0.5620253863134658, "257": 0.560430463576159, "258": 0.5474779249448124, "259": 0.5772792494481236, "260": 0.5911092715231787, "261": 0.6329801324503311, "262": 0.7486037527593818, "263": 0.6041721854304636, "264": 0.6693818984547462, "265": 0.6409326710816777, "266": 0.6371633554083885, "267": 0.6358278145695364, "268": 0.6505573951434879, "269": 0.6601545253863135, "270": 0.6767549668874173, "271": 0.6643653421633554, "272": 0.6767991169977925, "273": 0.7152483443708609, "274": 0.5925165562913908, "275": 0.5822240618101545, "276": 0.603476821192053, "277": 0.5776324503311259, "278": 0.619817880794702, "279": 0.6150883002207506, "280": 0.675794701986755, "281": 0.565849889624724, "282": 0.5575717439293598, "283": 0.5813355408388521, "284": 0.5762030905077262, "285": 0.5060320088300221, "286": 0.5400662251655629, "287": 0.7132450331125828, "288": 0.7708443708609272, "289": 0.6154470198675497, "290": 0.6096799116997793, "291": 0.7011258278145696, "292": 0.6969812362030905, "293": 0.5821247240618102, "294": 0.6264845474613687, "295": 0.5324558498896248, "296": 0.5263300220750552, "297": 0.4940783664459161, "298": 0.578476821192053,