{"label": 6, "0": 0.591063829787234, "1": 0.5480141843971631, "2": 0.5599113475177304, "3": 0.499645390070922, "4": 0.5371808510638297, "5": 0.5202836879432624, "6": 0.48338652482269506, "7": 0.39540780141843973, "8": 0.4564893617021276, "9": 0.44125886524822694, "10": 0.38663120567375886, "11": 0.5952304964539007, "12": 0.5993971631205673, "13": 0.6018971631205674, "14": 0.6018971631205674, "15": 0.606063829787234, "16": 0.611063829787234, "17": 0.6168971631205673, "18": 0.6272695035460993, "19": 0.5549113475177305, "20": 0.542145390070922, "21": 0.3107801418439716, "22": 0.4377836879432624, "23": 0.4258510638297872, "24": 0.41391843971631204, "25": 0.39402482269503547, "26": 0.44592198581560283, "27": 0.39030141843971633, "28": 0.4051950354609929, "29": 0.3800354609929078, "30": 0.37758865248226947, "31": 0.3904255319148936, "32": 0.6017553191489362, "33": 0.3894858156028369, "34": 0.35319148936170214, "35": 0.37159574468085105, "36": 0.47904255319148936, "37": 0.5734397163120567, "38": 0.5855673758865249, "39": 0.5637765957446809, "40": 0.5583687943262412, "41": 0.5757624113475177, "42": 0.5670212765957446, "43": 0.5550531914893617, "44": 0.5373758865248227, "45": 0.5244148936170212, "46": 0.3526063829787234, "47": 0.475177304964539, "48": 0.5061524822695036, "49": 0.4984219858156028, "50": 0.44097517730496455, "51": 0.5113120567375886, "52": 0.36906028368794325, "53": 0.3570390070921986, "54": 0.30141843971631205, "55": 0.4318794326241135, "56": 0.4221276595744681, "57": 0.5354787234042553, "58": 0.4778014184397163, "59": 0.5215602836879433, "60": 0.5355319148936171, "61": 0.5525, "62": 0.5556914893617021, "63": 0.3429255319148936, "64": 0.5103191489361703, "65": 0.39352836879432623, "66": 0.38200354609929077, "67": 0.32391843971631207, "68": 0.3209929078014184, "69": 0.35136524822695037, "70": 0.34099290780141844, "71": 0.32595744680851063, "72": 0.5803368794326241, "73": 0.5692375886524823, "74": 0.5621631205673758, "75": 0.5264184397163121, "76": 0.554627659574468, "77": 0.561613475177305, "78": 0.5567553191489362, "79": 0.5246099290780142, "80": 0.5708156028368795, "81": 0.5784929078014185, "82": 0.5891312056737589, "83": 0.6113120567375887, "84": 0.6020035460992907, "85": 0.5961702127659574, "86": 0.5922340425531915, "87": 0.5891312056737589, "88": 0.5708156028368795, "89": 0.570354609929078, "90": 0.5696631205673759, "91": 0.5719326241134752, "92": 0.5288475177304964, "93": 0.4074468085106383, "94": 0.5574113475177305, "95": 0.5633687943262411, "96": 0.5620744680851064, "97": 0.5439539007092198, "98": 0.5223049645390071, "99": 0.5393262411347517, "100": 0.46801418439716314, "101": 0.4553014184397163, "102": 0.5023581560283688, "103": 0.30579787234042555, "104": 0.32847517730496456, "105": 0.35647163120567377, "106": 0.5723581560283688, "107": 0.4115602836879433, "108": 0.3794858156028369, "109": 0.35083333333333333, "110": 0.402677304964539, "111": 0.3857624113475177, "112": 0.45086879432624116, "113": 0.37042553191489364, "114": 0.4751241134751773, "115": 0.5094326241134752, "116": 0.38406028368794326, "117": 0.4009397163120567, "118": 0.4202304964539007, "119": 0.4421985815602837, "120": 0.4552836879432624, "121": 0.46328014184397165, "122": 0.47418439716312055, "123": 0.41058510638297874, "124": 0.3597872340425532, "125": 0.5474645390070922, "126": 0.4860106382978724, "127": 0.3518971631205674, "128": 0.46618794326241136, "129": 0.502127659574468, "130": 0.3847695035460993, "131": 0.5019326241134752, "132": 0.4396631205673759, "133": 0.4475354609929078, "134": 0.5048404255319149, "135": 0.5268971631205674, "136": 0.5434219858156029, "137": 0.404113475177305, "138": 0.4976063829787234, "139": 0.33790780141843973, "140": 0.6104609929078014, "141": 0.5520921985815602, "142": 0.48370567375886525, "143": 0.3623936170212766, "144": 0.40877659574468084, "145": 0.41835106382978726, "146": 0.5611524822695035, "147": 0.4365070921985815, "148": 0.6471985815602836, "149": 0.5993617021276596, "150": 0.5740070921985816, "151": 0.41352836879432625, "152": 0.6754609929078015, "153": 0.42898936170212765, "154": 0.43879432624113474, "155": 0.44434397163120565, "156": 0.3496099290780142, "157": 0.4275, "158": 0.41436170212765955, "159": 0.40372340425531916, "160": 0.39475177304964537, "161": 0.39170212765957446, "162": 0.32629432624113475, "163": 0.4004964539007092, "164": 0.5682446808510638, "165": 0.5338829787234043, "166": 0.5198936170212766, "167": 0.5520567375886525, "168": 0.469822695035461, "169": 0.5572517730496453, "170": 0.5842730496453901, "171": 0.639468085106383, "172": 0.5124645390070922, "173": 0.44101063829787235, "174": 0.48613475177304966, "175": 0.666063829787234, "176": 0.6228191489361702, "177": 0.4346631205673759, "178": 0.5784929078014185, "179": 0.5796985815602838, "180": 0.5828014184397163, "181": 0.5867375886524823, "182": 0.5901241134751773, "183": 0.5604078014184397, "184": 0.5582801418439716, "185": 0.5553191489361702, "186": 0.5286702127659575, "187": 0.45746453900709216, "188": 0.4734042553191489, "189": 0.4477127659574468, "190": 0.4410992907801419, "191": 0.5633687943262411, "192": 0.4851950354609929, "193": 0.4572872340425532, "194": 0.5954078014184396, "195": 0.5077836879432625, "196": 0.48774822695035464, "197": 0.49505319148936167, "198": 0.4951241134751773, "199": 0.6541666666666667, "200": 0.64, "201": 0.6195567375886525, "202": 0.5483510638297873, "203": 0.5017198581560284, "204": 0.5730141843971631, "205": 0.47322695035460993, "206": 0.5027482269503547, "207": 0.4819858156028369, "208": 0.6296985815602837, "209": 0.4954078014184397, "210": 0.5479432624113475, "211": 0.5757978723404256, "212": 0.5252127659574468, "213": 0.46099290780141844, "214": 0.511985815602837, "215": 0.4648404255319149, "216": 0.5073404255319149, "217": 0.4861879432624113, "218": 0.5186879432624114, "219": 0.5137411347517731, "220": 0.5154432624113475, "221": 0.4281382978723404, "222": 0.40102836879432624, "223": 0.3829432624113475, "224": 0.37138297872340426, "225": 0.36657801418439717, "226": 0.3793617021276596, "227": 0.37652482269503545, "228": 0.40203900709219853, "229": 0.4173049645390071, "230": 0.4326595744680851, "231": 0.44611702127659575, "232": 0.45471631205673757, "233": 0.4598936170212766, "234": 0.37819148936170216, "235": 0.5170744680851064, "236": 0.49613475177304966, "237": 0.528031914893617, "238": 0.5394148936170213, "239": 0.5296985815602837, "240": 0.5238297872340425, "241": 0.5434397163120568, "242": 0.5470035460992908, "243": 0.451790780141844, "244": 0.4596099290780142, "245": 0.4653014184397163, "246": 0.39101063829787236, "247": 0.3781028368794326, "248": 0.5200886524822694, "249": 0.5628900709219858, "250": 0.5657801418439716, "251": 0.5713652482269503, "252": 0.5390780141843972, "253": 0.5497163120567377, "254": 0.561418439716312, "255": 0.5723758865248227, "256": 0.5278368794326241, "257": 0.5269326241134752, "258": 0.5158333333333334, "259": 0.5424290780141844, "260": 0.5540425531914893, "261": 0.5905141843971631, "262": 0.6926418439716312, "263": 0.564645390070922, "264": 0.6284397163120568, "265": 0.598741134751773, "266": 0.598049645390071, "267": 0.6023936170212767, "268": 0.6113297872340425, "269": 0.6197872340425532, "270": 0.6326950354609928, "271": 0.623031914893617, "272": 0.6326063829787234, "273": 0.6653191489361703, "274": 0.5586524822695036, "275": 0.548049645390071, "276": 0.5654609929078014, "277": 0.5439539007092198, "278": 0.5823758865248228, "279": 0.5776063829787235, "280": 0.6327836879432625, "281": 0.5328191489361702, "282": 0.5231737588652482, "283": 0.5443617021276596, "284": 0.5394326241134751, "285": 0.47808510638297874, "286": 0.5091312056737589, "287": 0.6629964539007092, "288": 0.7243262411347517, "289": 0.580531914893617, "290": 0.574290780141844, "291": 0.6504609929078013, "292": 0.6472695035460994, "293": 0.5451418439716312, "294": 0.5884397163120567, "295": 0.5006028368794326, "296": 0.49439716312056736, "297": 0.4620744680851063, "298": 0.5406914893617021,