{"label": 10, "0": 0.54017576509512, "1": 0.5018796526054591, "2": 0.5160277088502895, "3": 0.4569727047146402, "4": 0.4918796526054591, "5": 0.4773056244830438, "6": 0.44647229114971054, "7": 0.35675351530190236, "8": 0.41939826302729527, "9": 0.40482423490488006, "10": 0.35775020678246483, "11": 0.5443424317617866, "12": 0.5485090984284533, "13": 0.5522497932175352, "14": 0.5510090984284532, "15": 0.5555831265508685, "16": 0.5605831265508685, "17": 0.5655831265508685, "18": 0.580990488006617, "19": 0.5089536807278743, "20": 0.49738006617038877, "21": 0.27173697270471464, "22": 0.401474358974359, "23": 0.38866004962779155, "24": 0.3762531017369727, "25": 0.35471670802315963, "26": 0.4093072787427626, "27": 0.34790115798180316, "28": 0.36486352357320095, "29": 0.3375868486352357, "30": 0.3339019851116625, "31": 0.35105045492142267, "32": 0.5521960297766749, "33": 0.3501240694789082, "34": 0.31134822167080234, "35": 0.3290880893300248, "36": 0.43445616211745247, "37": 0.5236207609594706, "38": 0.5361021505376344, "39": 0.5137324234904881, "40": 0.5096401985111663, "41": 0.5253618693134823, "42": 0.5183436724565756, "43": 0.5093631100082713, "44": 0.4915467328370554, "45": 0.47906534325889166, "46": 0.30116211745244004, "47": 0.43384408602150537, "48": 0.4617700578990902, "49": 0.45552936311000825, "50": 0.39477253928866834, "51": 0.46656534325889165, "52": 0.3159387923904053, "53": 0.30440239867659225, "54": 0.2616625310173697, "55": 0.38297353184449956, "56": 0.38184449958643507, "57": 0.4906968569065343, "58": 0.43323614557485524, "59": 0.4779363110008271, "60": 0.4916025641025641, "61": 0.5063813068651779, "62": 0.5088626964433416, "63": 0.2886435070306038, "64": 0.46801075268817205, "65": 0.3403267162944582, "66": 0.32827129859387927, "67": 0.2854383788254756, "68": 0.27660669975186103, "69": 0.3103825475599669, "70": 0.2891439205955335, "71": 0.28127377998345743, "72": 0.5306947890818858, "73": 0.5195471464019851, "74": 0.5137882547559967, "75": 0.48415839536807276, "76": 0.5076220016542597, "77": 0.5146588089330024, "78": 0.5101033912324235, "79": 0.478732423490488, "80": 0.5224917287014061, "81": 0.5295099255583127, "82": 0.5398428453267163, "83": 0.5636207609594707, "84": 0.5506947890818858, "85": 0.5456947890818858, "86": 0.5419354838709678, "87": 0.5398428453267163, "88": 0.5212510339123242, "89": 0.521677005789909, "90": 0.5216956162117452, "91": 0.5229549214226634, "92": 0.48517783291976846, "93": 0.3654590570719603, "94": 0.5122870140612076, "95": 0.5158808933002481, "96": 0.5142328370554177, "97": 0.49949131513647643, "98": 0.4788068651778329, "99": 0.49658395368072783, "100": 0.4264557485525228, "101": 0.4116232423490488, "102": 0.4592886683209264, "103": 0.2648469809760132, "104": 0.2839578163771712, "105": 0.30223531844499585, "106": 0.5255293631100083, "107": 0.36260339123242347, "108": 0.3426220016542597, "109": 0.31558519437551696, "110": 0.36549421009098426, "111": 0.34656947890818857, "112": 0.4134181141439206, "113": 0.3260876757650951, "114": 0.4350289495450786, "115": 0.4642142266335815, "116": 0.3387737799834574, "117": 0.362328370554177, "118": 0.3821980976013234, "119": 0.40491935483870967, "120": 0.41893713813068656, "121": 0.4267514474772539, "122": 0.4365653432588916, "123": 0.36416253101736973, "124": 0.3140880893300248, "125": 0.501509511993383, "126": 0.4442514474772539, "127": 0.3117741935483871, "128": 0.4308436724565757, "129": 0.46095533498759306, "130": 0.3435132340777502, "131": 0.4571401985111663, "132": 0.3970698924731183, "133": 0.41008478081058725, "134": 0.45956575682382134, "135": 0.4784574028122415, "136": 0.4946794871794872, "137": 0.35964433416046315, "138": 0.4494210090984284, "139": 0.29547766749379656, "140": 0.5605479735318445, "141": 0.5064909015715466, "142": 0.4422518610421836, "143": 0.3212551695616212, "144": 0.3716604631927213, "145": 0.38158602150537635, "146": 0.5138440860215053, "147": 0.3903660049627792, "148": 0.5995099255583126, "149": 0.5494003308519437, "150": 0.5253639371381307, "151": 0.38025020678246485, "152": 0.6288792390405293, "153": 0.39191894127378, "154": 0.4014185277088503, "155": 0.40802936311000826, "156": 0.30208850289495454, "157": 0.3918444995864351, "158": 0.37777088502894957, "159": 0.3666046319272126, "160": 0.3571050454921423, "161": 0.3534015715467328, "162": 0.28801488833746897, "163": 0.3625496277915633, "164": 0.5251943755169561, "165": 0.49008478081058726, "166": 0.4762696443341604, "167": 0.5086579818031431, "168": 0.4339722911497105, "169": 0.5074937965260546, "170": 0.5344375516956162, "171": 0.5903618693134822, "172": 0.46521712158808937, "173": 0.4038626964433416, "174": 0.4445471464019851, "175": 0.6201385442514475, "176": 0.5738440860215054, "177": 0.3895885028949545, "178": 0.5295099255583127, "179": 0.5295285359801489, "180": 0.5324545078577336, "181": 0.5366211745244003, "182": 0.5437510339123242, "183": 0.5133995037220843, "184": 0.5100847808105873, "185": 0.5067700578990901, "186": 0.48441894127378, "187": 0.409828370554177, "188": 0.43538047973531846, "189": 0.40752894954507857, "190": 0.40258478081058724, "191": 0.5158808933002481, "192": 0.4373097601323408, "193": 0.4174358974358975, "194": 0.547566170388751, "195": 0.4664722911497105, "196": 0.44656534325889163, "197": 0.45647229114971055, "198": 0.45376964433416045, "199": 0.6080645161290322, "200": 0.593490488006617, "201": 0.5711579818031431, "202": 0.5015488006617039, "203": 0.45895574855252275, "204": 0.5256038047973531, "205": 0.42669768403639374, "206": 0.45738213399503724, "207": 0.43427212572373863, "208": 0.5807692307692307, "209": 0.45299214226633583, "210": 0.49954921422663356, "211": 0.5260856079404467, "212": 0.4783085194375517, "213": 0.41406947890818857, "214": 0.4646794871794872, "215": 0.41827336641852775, "216": 0.46162324234904883, "217": 0.4446029776674938, "218": 0.47210297766749376, "219": 0.470066170388751, "220": 0.46956575682382135, "221": 0.3842886683209264, "222": 0.3548821339950372, "223": 0.3358643507030604, "224": 0.3239019851116625, "225": 0.31980976013234075, "226": 0.3381617038875103, "227": 0.33301488833746895, "228": 0.36266129032258065, "229": 0.37921629445822996, "230": 0.395752688172043, "231": 0.40978908188585605, "232": 0.41802936311000827, "233": 0.4237882547559967, "234": 0.33799627791563275, "235": 0.4738068651778329, "236": 0.4528804797353184, "237": 0.480787841191067, "238": 0.4944727047146402, "239": 0.48369520264681554, "240": 0.48086228287841193, "241": 0.49778742762613737, "242": 0.502768817204301, "243": 0.4150475599669148, "244": 0.42332506203473946, "245": 0.42788047973531845, "246": 0.3521794871794872, "247": 0.33477253928866835, "248": 0.4797125723738627, "249": 0.5448573200992556, "250": 0.5213606286186931, "251": 0.5644478908188586, "252": 0.5205438378825475, "253": 0.5341914805624484, "254": 0.5461724565756825, "255": 0.5552274607113317, "256": 0.5068775847808106, "257": 0.5020988420181969, "258": 0.4884698097601323, "259": 0.5186538461538461, "260": 0.5327460711331679, "261": 0.5763751033912324, "262": 0.6543217535153019, "263": 0.5460794044665012, "264": 0.616466087675765, "265": 0.5858374689826302, "266": 0.5696546732837056, "267": 0.5525641025641026, "268": 0.5613234077750207, "269": 0.573693134822167, "270": 0.5890260545905708, "271": 0.5753970223325062, "272": 0.586989247311828, "273": 0.6288585607940447, "274": 0.5142866004962778, "275": 0.5046939619520264, "276": 0.5425971877584781, "277": 0.5148779983457403, "278": 0.5461186931348222, "279": 0.5402853598014888, "280": 0.6134863523573201, "281": 0.49178660049627787, "282": 0.49452440033085193, "283": 0.5197828784119106, "284": 0.5279114971050455, "285": 0.4449896608767577, "286": 0.4818961952026468, "287": 0.6296174524400331, "288": 0.7065219189412738, "289": 0.5407857733664185, "290": 0.5329528535980149, "291": 0.6076923076923078, "292": 0.6043775847808106, "293": 0.5213937138130686, "294": 0.5511186931348222, "295": 0.470136476426799, "296": 0.4622105045492142,