{"label": 4, "0": 0.5783780649436713, "1": 0.5327352551358515, "2": 0.5482173624917164, "3": 0.4869615639496355, "4": 0.5200745526838966, "5": 0.5059078860172299, "6": 0.4719019218025182, "7": 0.39885520212060965, "8": 0.4467412193505633, "9": 0.43257455268389666, "10": 0.3814198144466534, "11": 0.582544731610338, "12": 0.5877054340622929, "13": 0.5920328031809146, "14": 0.5920328031809146, "15": 0.5961994698475812, "16": 0.6020328031809146, "17": 0.6088601722995362, "18": 0.6181875414181577, "19": 0.5403959575878066, "20": 0.5312889330682571, "21": 0.32909377070907886, "22": 0.43633697813121275, "23": 0.42607521537442017, "24": 0.41514082173624917, "25": 0.39789098740888007, "26": 0.4439380384360504, "27": 0.39011100066269055, "28": 0.4040275016567263, "29": 0.3806825712392313, "30": 0.3777302849569251, "31": 0.39628396288933065, "32": 0.5977833001988072, "33": 0.3932123923127899, "34": 0.366974817760106, "35": 0.3793555334658715, "36": 0.47389662027833, "37": 0.5618008614976806, "38": 0.5756163021868788, "39": 0.5530450629555997, "40": 0.5484261100066269, "41": 0.565675944333996, "42": 0.5585569913850232, "43": 0.548194168323393, "44": 0.5236282306163021, "45": 0.5089794565937706, "46": 0.3516650099403579, "47": 0.4685868124585818, "48": 0.4969499668654739, "49": 0.4901225977468522, "50": 0.43993870112657385, "51": 0.49664015904572567, "52": 0.3588552021206097, "53": 0.3516053677932406, "54": 0.3182007952286282, "55": 0.41471172962226643, "56": 0.4192892644135189, "57": 0.5290871438038436, "58": 0.48855202120609675, "59": 0.5127236580516898, "60": 0.5250033134526176, "61": 0.5453131212723658, "62": 0.5482952286282305, "63": 0.34064115308151094, "64": 0.5019499668654739, "65": 0.37722995361166334, "66": 0.3677418820410868, "67": 0.32978959575878064, "68": 0.3333316766070245, "69": 0.3540871438038436, "70": 0.34419483101391646, "71": 0.3400579854208085, "72": 0.5686282306163022, "73": 0.559360503644798, "74": 0.5539082173624917, "75": 0.5172117296222664, "76": 0.5463071570576541, "77": 0.5539380384360504, "78": 0.5492892644135189, "79": 0.5135271703114646, "80": 0.5622117296222664, "81": 0.5701640159045726, "82": 0.5801043737574553, "83": 0.6031163021868787, "84": 0.5931163021868787, "85": 0.5872829688535455, "86": 0.5832770046388337, "87": 0.5801043737574553, "88": 0.5622117296222664, "89": 0.5618903247183565, "90": 0.56240225314778, "91": 0.5637475149105368, "92": 0.5210155732273029, "93": 0.42146288933068254, "94": 0.5447233267064281, "95": 0.5562475149105368, "96": 0.5550927766732936, "97": 0.5331461232604373, "98": 0.5135868124585818, "99": 0.5286580516898608, "100": 0.4641583830351226, "101": 0.4536050364479788, "102": 0.49412856196156396, "103": 0.3174387011265739, "104": 0.3368969516235918, "105": 0.34821239231278994, "106": 0.5649618952948974, "107": 0.3955748840291584, "108": 0.37659874088800527, "109": 0.3509559310801855, "110": 0.4053611663353214, "111": 0.39252816434724985, "112": 0.4475629555997349, "113": 0.3726292246520875, "114": 0.46820576540755465, "115": 0.49791418157720346, "116": 0.39143306825712393, "117": 0.4043257123923128, "118": 0.4199088800530152, "119": 0.4384443339960239, "120": 0.4505036447978794, "121": 0.45759277667329357, "122": 0.46529489728296886, "123": 0.41492710404241223, "124": 0.36368290258449304, "125": 0.5344317428760769, "126": 0.47942014579191516, "127": 0.36947481776010604, "128": 0.4608664678595096, "129": 0.4957952286282306, "130": 0.38808151093439364, "131": 0.49124751491053675, "132": 0.4530997349237906, "133": 0.44522365805168984, "134": 0.49269383697813124, "135": 0.5285934393638171, "136": 0.5475695825049702, "137": 0.41264744864148445, "138": 0.501182902584493, "139": 0.3522664015904573, "140": 0.6082952286282306, "141": 0.5389198144466534, "142": 0.4786464546056991, "143": 0.3755699138502319, "144": 0.40946819085487074, "145": 0.41940854870775346, "146": 0.5536166335321405, "147": 0.4394151756129887, "148": 0.6463187541418158, "149": 0.6005334658714381, "150": 0.5771288933068257, "151": 0.40658051689860836, "152": 0.6729970178926441, "153": 0.4285155732273028, "154": 0.43678926441351884, "155": 0.4429141815772034, "156": 0.35855202120609675, "157": 0.43012259774685224, "158": 0.41918820410868124, "159": 0.4092478462557986, "160": 0.4009741550695825, "161": 0.39667660702451957, "162": 0.3447962226640159, "163": 0.4036646785950961, "164": 0.557384029158383, "165": 0.5254440026507621, "166": 0.5100629555997349, "167": 0.5431461232604373, "168": 0.46023525513585156, "169": 0.5579920477137177, "170": 0.5830632869449967, "171": 0.6359973492379059, "172": 0.5213137839628893, "173": 0.4395808482438701, "174": 0.47484261100066266, "175": 0.6618422796554009, "176": 0.6222713717693837, "177": 0.4416235917826375, "178": 0.5701640159045726, "179": 0.5715092776673294, "180": 0.5728545394300861, "181": 0.5778545394300861, "182": 0.5828843605036448, "183": 0.5524320742213387, "184": 0.5496106693174287, "185": 0.5457952286282306, "186": 0.5222299536116634, "187": 0.45765904572564614, "188": 0.46583664678595094, "189": 0.44218190854870776, "190": 0.4387176938369781, "191": 0.5562475149105368, "192": 0.48599237905897946, "193": 0.4484675281643472, "194": 0.5902534791252485, "195": 0.49340788601722996, "196": 0.47513419483101393, "197": 0.4835685884691849, "198": 0.48621769383697816, "199": 0.6483482438701127, "200": 0.6323542080848243, "201": 0.6124734923790589, "202": 0.544920477137177, "203": 0.49601557322730283, "204": 0.5686762756792578, "205": 0.4691766070245195, "206": 0.4967478462557986, "207": 0.4784029158383035, "208": 0.6234973492379059, "209": 0.48675944333996024, "210": 0.5459741550695825, "211": 0.5727120609675281, "212": 0.5206527501656726, "213": 0.46339131875414186, "214": 0.5109029158383035, "215": 0.4700878064943671, "216": 0.5028015241882041, "217": 0.47721172962226643, "218": 0.5078843605036448, "219": 0.5042594433399602, "220": 0.5025331345261763, "221": 0.42041418157720345, "222": 0.3937060967528164, "223": 0.37764082173624913, "224": 0.36789098740888004, "225": 0.36660536779324054, "226": 0.38429589131875413, "227": 0.38732604373757457, "228": 0.40458747514910537, "229": 0.41718853545394297, "230": 0.4314264413518887, "231": 0.4430036447978794, "232": 0.4517594433399602, "233": 0.4555450629555997, "234": 0.39463552021206094, "235": 0.5075927766732936, "236": 0.48484261100066267, "237": 0.5148426110006628, "238": 0.5276341948310139, "239": 0.5183366467859509, "240": 0.5149022531477799, "241": 0.5296222664015904, "242": 0.5349436713055004, "243": 0.449199801192843, "244": 0.4558366467859509, "245": 0.45865805168986085, "246": 0.39436713055003314, "247": 0.3795874751491054, "248": 0.5060089463220676, "249": 0.5537044400265076, "250": 0.553318422796554, "251": 0.5665788601722995, "252": 0.529234592445328, "253": 0.5411630218687873, "254": 0.5530914512922465, "255": 0.5648293571901921, "256": 0.5176275679257787, "257": 0.5123177601060305, "258": 0.501895294897283, "259": 0.5279009277667329, "260": 0.5428412856196156, "261": 0.5834244532803181, "262": 0.6897166998011929, "263": 0.556174618952949, "264": 0.6271620278330019, "265": 0.5908349900596421, "266": 0.5893356527501656, "267": 0.5907886017229953, "268": 0.6016219350563288, "269": 0.610026507620941, "270": 0.623460901259112, "271": 0.6137110669317429, "272": 0.6244847581179589, "273": 0.6613237243207422, "274": 0.5436696487740226, "275": 0.5320029821073559, "276": 0.5480732273028496, "277": 0.5349966865473823, "278": 0.5721454605699139, "279": 0.5664728296885355, "280": 0.6265970841616966, "281": 0.5168422796554009, "282": 0.50110337972167, "283": 0.5239960238568588, "284": 0.5296802518223989, "285": 0.4580980781974818, "286": 0.49496686547382374, "287": 0.6604307488402916, "288": 0.741138170974155, "289": 0.569865805168986, "290": 0.5632587806494367, "291": 0.6425381047051026, "292": 0.6403893306825712, "293": 0.52428760768721, "294": 0.5791335321404905, "295": 0.47807985420808485, "296": 0.4707405566600398, "297": 0.45068091451292247,