{"label": 7, "0": 0.6004878048780489, "1": 0.569759224515322, "2": 0.5762163852407756, "3": 0.5212116948092558, "4": 0.5589258911819888, "5": 0.5440306441525954, "6": 0.5058020637898687, "7": 0.40887429643527207, "8": 0.47674015009380866, "9": 0.4626782363977486, "10": 0.4096591619762352, "11": 0.6046544715447155, "12": 0.6079878048780488, "13": 0.6095497185741088, "14": 0.6103830519074421, "15": 0.6145497185741089, "16": 0.6203830519074421, "17": 0.6252782989368355, "18": 0.6309021263289556, "19": 0.5738211382113821, "20": 0.5608974358974359, "21": 0.3154080675422139, "22": 0.4539978111319575, "23": 0.4409693558474046, "24": 0.42898373983739835, "25": 0.40741244527829895, "26": 0.4618167604752971, "27": 0.4048217636022514, "28": 0.4204549718574109, "29": 0.39345997498436525, "30": 0.3891838649155722, "31": 0.40282207629768607, "32": 0.6020215759849906, "33": 0.40178861788617887, "34": 0.3571747967479675, "35": 0.38135553470919326, "36": 0.49222170106316443, "37": 0.5866260162601626, "38": 0.5967307692307693, "39": 0.5768261413383364, "40": 0.5708833646028768, "41": 0.5864118198874296, "42": 0.5797404627892433, "43": 0.5627454659161977, "44": 0.5586069418386491, "45": 0.5468355222013759, "46": 0.3605268918073796, "47": 0.4900500312695435, "48": 0.5256738586616635, "49": 0.5189024390243903, "50": 0.4524077548467792, "51": 0.5336069418386491, "52": 0.37783614759224515, "53": 0.3652220137585991, "54": 0.3101031894934334, "55": 0.44286898061288305, "56": 0.43754534083802377, "57": 0.5451360225140713, "58": 0.46686991869918704, "59": 0.5407833020637898, "60": 0.5525594121325829, "61": 0.5655644152595372, "62": 0.5674405878674171, "63": 0.3511554096310194, "64": 0.5289024390243902, "65": 0.4020168855534709, "66": 0.39180737961225764, "67": 0.3400312695434647, "68": 0.33104596622889304, "69": 0.3681597873671044, "70": 0.34896028767979986, "71": 0.33207942464040024, "72": 0.5916260162601625, "73": 0.5820356472795497, "74": 0.5752595372107567, "75": 0.5443261413383365, "76": 0.5665025015634771, "77": 0.5728595997498436, "78": 0.5693167604752971, "79": 0.544745153220763, "80": 0.5815118824265166, "81": 0.5890165728580363, "82": 0.5992307692307692, "83": 0.6159974984365229, "84": 0.6104784240150094, "85": 0.605583176985616, "86": 0.6015212632895559, "87": 0.5992307692307692, "88": 0.5815118824265166, "89": 0.5803642901813633, "90": 0.5809881175734835, "91": 0.5824452782989369, "92": 0.5425406504065041, "93": 0.39957004377736083, "94": 0.5754878048780487, "95": 0.5758833646028768, "96": 0.5748405253283302, "97": 0.5604784240150094, "98": 0.5384881175734835, "99": 0.5569355847404628, "100": 0.48275015634771734, "101": 0.46971701063164484, "102": 0.521192933083177, "103": 0.3165744215134459, "104": 0.3415791119449656, "105": 0.365750469043152, "106": 0.5787929956222639, "107": 0.4250547217010632, "108": 0.3998452157598499, "109": 0.37036429018136335, "110": 0.4162695434646654, "111": 0.39718886804252657, "112": 0.4667166979362101, "113": 0.38115540963101935, "114": 0.49265947467166976, "115": 0.5297404627892432, "116": 0.38988899312070047, "117": 0.41386022514071297, "118": 0.43386960600375235, "119": 0.4573217636022514, "120": 0.4708739837398374, "121": 0.4798405253283302, "122": 0.49621169480925575, "123": 0.41593183239524706, "124": 0.3683364602876798, "125": 0.567359287054409, "126": 0.5034881175734834, "127": 0.349255784865541, "128": 0.4842213883677299, "129": 0.5184834271419637, "130": 0.3961601000625391, "131": 0.52140712945591, "132": 0.43092714196372733, "133": 0.4625500312695434, "134": 0.5257879924953096, "135": 0.5239696685428392, "136": 0.5340744215134459, "137": 0.40300813008130076, "138": 0.4948983739837398, "139": 0.34207473420888057, "140": 0.6075406504065041, "141": 0.5699640400250157, "142": 0.49889774859287056, "143": 0.3727032520325203, "144": 0.4241932457786116, "145": 0.43607410881801123, "146": 0.5726500938086304, "147": 0.4404127579737336, "148": 0.6406785490931832, "149": 0.5919074421513446, "150": 0.5668980612883052, "151": 0.43528298936835524, "152": 0.6666307066916823, "153": 0.4454549718574109, "154": 0.4540025015634772, "155": 0.4605691056910569, "156": 0.3573936835522201, "157": 0.4440025015634772, "158": 0.43035021888680425, "159": 0.419302689180738, "160": 0.4098170731707317, "161": 0.40585522201375857, "162": 0.32884146341463416, "163": 0.41512664165103186, "164": 0.5837163852407754, "165": 0.5487976860537837, "166": 0.5399499687304565, "167": 0.5677689180737961, "168": 0.48996873045653533, "169": 0.5549171357098186, "170": 0.5807598499061913, "171": 0.6355737961225766, "172": 0.5015650406504065, "173": 0.45640243902439026, "174": 0.5061022514071294, "175": 0.6624640400250157, "176": 0.6170215759849906, "177": 0.43186522826766727, "178": 0.5890165728580363, "179": 0.5904737335834898, "180": 0.5927642276422764, "181": 0.5958880550343966, "182": 0.5968214509068168, "183": 0.5731738586616635, "184": 0.5695262664165104, "185": 0.567754846779237, "186": 0.5406597873671044, "187": 0.46469355847404625, "188": 0.49360225140712943, "189": 0.4635975609756098, "190": 0.4569262038774234, "191": 0.5758833646028768, "192": 0.48708880550343964, "193": 0.4748545966228893, "194": 0.5984834271419637, "195": 0.5306973108192621, "196": 0.5095450281425891, "197": 0.519135397123202, "198": 0.5142213883677298, "199": 0.6532973733583489, "200": 0.6425687929956223, "201": 0.6221404002501564, "202": 0.5530503439649781, "203": 0.5156644777986241, "204": 0.5760787992495309, "205": 0.48512664165103186, "206": 0.5144074421513446, "207": 0.49064102564102563, "208": 0.6291166353971231, "209": 0.5126547842401501, "210": 0.5495028142589118, "211": 0.5761788617886179, "212": 0.5321075672295185, "213": 0.4616651031894934, "214": 0.5162648530331457, "215": 0.4600984990619137, "216": 0.5183599124452782, "217": 0.5043261413383364, "218": 0.5384928080050031, "219": 0.5326547842401501, "220": 0.5373499061913696, "221": 0.4426547842401501, "222": 0.41378830519074417, "223": 0.3952360850531582, "224": 0.3818933708567855, "225": 0.3766791744840525, "226": 0.3892792370231395, "227": 0.3777986241400876, "228": 0.41522201375859913, "229": 0.4306457160725453, "230": 0.4482598499061914, "231": 0.4616025641025641, "232": 0.47129768605378364, "233": 0.4764071294559099, "234": 0.3735272045028143, "235": 0.5351547842401501, "236": 0.5159974984365229, "237": 0.5486022514071294, "238": 0.5592307692307692, "239": 0.5493308317698562, "240": 0.5422404627892432, "241": 0.5627736085053159, "242": 0.5653783614759225, "243": 0.4680737961225766, "244": 0.47714040025015636, "245": 0.4833927454659162, "246": 0.4029362101313321, "247": 0.38866010006253904, "248": 0.5426829268292683, "249": 0.5816869918699187, "250": 0.5833067542213883, "251": 0.5796294559099437, "252": 0.5633348968105065, "253": 0.5736538461538462, "254": 0.5840775484677924, "255": 0.5905440900562852, "256": 0.5514540337711069, "257": 0.5477204502814259, "258": 0.5371919949968731, "259": 0.5615822388993121, "260": 0.5732535959974985, "261": 0.6074249530956848, "262": 0.686239837398374, "263": 0.5821060037523452, "264": 0.6299437148217636, "265": 0.6121200750469044, "266": 0.6109396497811133, "267": 0.6110162601626017, "268": 0.6183067542213884, "269": 0.6256066291432145, "270": 0.6364446529080676, "271": 0.626749530956848, "272": 0.635087554721701, "273": 0.6637445278298937, "274": 0.5791400875547217, "275": 0.5701829268292683, "276": 0.5801391494684177, "277": 0.5619684177611006, "278": 0.5985303314571607, "279": 0.592801751094434, "280": 0.6448155096935584, "281": 0.5560162601626015, "282": 0.5440822388993121, "283": 0.5632582864290181, "284": 0.5528533458411506, "285": 0.5015494058786741, "286": 0.5317682926829268, "287": 0.6630206378986867, "288": 0.7014915572232645, "289": 0.5959208880550344, "290": 0.5898733583489681, "291": 0.6507207629768605, "292": 0.6470731707317073, "293": 0.561386804252658, "294": 0.6026969981238274, "295": 0.5233395872420263, "296": 0.5168824265165729, "297": 0.48563946216385245,