{"label": 6, "0": 0.554988864142539, "1": 0.5138678544914626, "2": 0.524981440237565, "3": 0.4688455827765405, "4": 0.5019209354120268, "5": 0.48775426874536004, "6": 0.4558147735708983, "7": 0.37258351893095765, "8": 0.4316481069042316, "9": 0.4183147735708983, "10": 0.36998144023756496, "11": 0.5602691165553081, "12": 0.5636024498886414, "13": 0.5661024498886414, "14": 0.5661024498886414, "15": 0.5702691165553081, "16": 0.5752691165553081, "17": 0.5811024498886415, "18": 0.5847086117297698, "19": 0.5188678544914624, "20": 0.507731997030438, "21": 0.29999443207126947, "22": 0.41237750556792874, "23": 0.40096139569413514, "24": 0.39065887156644397, "25": 0.3720155902004454, "26": 0.41961952487008164, "27": 0.3667798812175204, "28": 0.38097624350408316, "29": 0.35703043801039347, "30": 0.35423533778767635, "31": 0.36837973273942093, "32": 0.5587787676317744, "33": 0.36757609502598365, "34": 0.33469933184855233, "35": 0.3502969561989607, "36": 0.44707498144023755, "37": 0.5399591685226429, "38": 0.550239420935412, "39": 0.5299294729027468, "40": 0.5232405345211582, "41": 0.54021714922049, "42": 0.5310282108389013, "43": 0.5159762435040831, "44": 0.502731997030438, "45": 0.49161841128433553, "46": 0.33003155159613956, "47": 0.4449072011878248, "48": 0.4726726057906459, "49": 0.46683927245731255, "50": 0.41366740905716404, "51": 0.4793986636971047, "52": 0.3431440237564959, "53": 0.3317204899777283, "54": 0.29251670378619155, "55": 0.4018689680772086, "56": 0.39739235337787676, "57": 0.49678730512249447, "58": 0.44445619896065325, "59": 0.48852821083890124, "60": 0.5007702301410542, "61": 0.5171046770601336, "62": 0.5193318485523386, "63": 0.3200389755011136, "64": 0.47683927245731256, "65": 0.3651354862657758, "66": 0.3545749814402376, "67": 0.31289346696362286, "68": 0.30919821826280625, "69": 0.33679472902746843, "70": 0.3191833704528582, "71": 0.3122290274684484, "72": 0.5449591685226429, "73": 0.5354899777282851, "74": 0.5271343726800297, "75": 0.49242204899777287, "76": 0.5182182628062361, "77": 0.525452858203415, "78": 0.5215590200445435, "79": 0.4904825538233111, "80": 0.5340887156644395, "81": 0.542997401633259, "82": 0.5530196733481811, "83": 0.5691184112843355, "84": 0.5657925018559762, "85": 0.5599591685226428, "86": 0.5560727542687454, "87": 0.5530196733481811, "88": 0.5340887156644395, "89": 0.5335282108389012, "90": 0.5338010393466963, "91": 0.5349072011878248, "92": 0.49348366740905714, "93": 0.38109317000742393, "94": 0.5224814402375649, "95": 0.5282405345211582, "96": 0.5268466963622866, "97": 0.5085579064587973, "98": 0.4882405345211581, "99": 0.5046640682999257, "100": 0.43932442464736454, "101": 0.42789346696362285, "102": 0.4698923533778767, "103": 0.2961674090571641, "104": 0.3161822568671121, "105": 0.33202301410541946, "106": 0.5318318485523386, "107": 0.3840812917594655, "108": 0.3618541202672606, "109": 0.3368466963622866, "110": 0.3800835189309577, "111": 0.36446362286562733, "112": 0.4246343726800297, "113": 0.34809948032665183, "114": 0.4460356347438753, "115": 0.47602078693392724, "116": 0.3608277654046028, "117": 0.3780920564216778, "118": 0.395902004454343, "119": 0.4167873051224944, "120": 0.4284910913140312, "121": 0.43574053452115813, "122": 0.4471789161098738, "123": 0.38360801781737197, "124": 0.33835746102449893, "125": 0.5121863400148479, "126": 0.45574053452115815, "127": 0.33275241276911655, "128": 0.43964922048997773, "129": 0.46961210096510764, "130": 0.3617279138827023, "131": 0.46852078693392724, "132": 0.41054751299183373, "133": 0.42046770601336303, "134": 0.47270972531551597, "135": 0.49006124721603567, "136": 0.5042353377876763, "137": 0.37719933184855237, "138": 0.46225129918337043, "139": 0.3202672605790646, "140": 0.5676651818856719, "141": 0.5169135115070527, "142": 0.4532182628062361, "143": 0.34360801781737194, "144": 0.3853860430586489, "145": 0.3951280623608018, "146": 0.5248923533778768, "147": 0.4069487750556793, "148": 0.602436896807721, "149": 0.5573626577579807, "150": 0.5334391239792131, "151": 0.3933147735708983, "152": 0.6297160356347439, "153": 0.4043170007423905, "154": 0.41322568671121007, "155": 0.41796028210838904, "156": 0.3297290274684484, "157": 0.40377876763177434, "158": 0.3901429101707498, "159": 0.3801206384558278, "160": 0.3728786191536748, "161": 0.36981069042316256, "162": 0.31164625092798814, "163": 0.37787119524870083, "164": 0.5324814402375649, "165": 0.4987861915367483, "166": 0.4868615441722346, "167": 0.5166109873793616, "168": 0.4433147735708983, "169": 0.5181514476614699, "170": 0.5417947290274685, "171": 0.5943763919821826, "172": 0.4755920564216778, "173": 0.4146269487750557, "174": 0.4560504825538233, "175": 0.6219357832219747, "176": 0.5793392724573125, "177": 0.4041536748329621, "178": 0.542997401633259, "179": 0.5441035634743876, "180": 0.5452097253155159, "181": 0.5490961395694135, "182": 0.550194877505568, "183": 0.5251800296956199, "184": 0.5221195248700816, "185": 0.5190590200445434, "186": 0.4920749814402376, "187": 0.4264253897550111, "188": 0.4463307349665924, "189": 0.4207628062360802, "190": 0.4157479584261321, "191": 0.5282405345211582, "192": 0.4514253897550111, "193": 0.4299517446176689, "194": 0.5543466963622865, "195": 0.4772011878247958, "196": 0.4580122494432072, "197": 0.4663678544914625, "198": 0.46492204899777284, "199": 0.6108221974758723, "200": 0.5963752783964364, "201": 0.5774443207126949, "202": 0.5109539717891611, "203": 0.4690367483296214, "204": 0.5323700816629547, "205": 0.44175760950259835, "206": 0.4679008908685969, "207": 0.448402004454343, "208": 0.585489977728285, "209": 0.462960282108389, "210": 0.5095452858203415, "211": 0.5351354862657758, "212": 0.4873181143281366, "213": 0.42778953229398664, "214": 0.47673533778767635, "215": 0.4316685226429102, "216": 0.47232553823311063, "217": 0.45603563474387526, "218": 0.4854751299183371, "219": 0.480460282108389, "220": 0.48242947290274685, "221": 0.40157386785449145, "222": 0.375695991091314, "223": 0.358158871566444, "224": 0.3461822568671121, "225": 0.3431069042316258, "226": 0.35809948032665184, "227": 0.3533054936896808, "228": 0.378394580549369, "229": 0.39314402375649593, "230": 0.4079008908685969, "231": 0.4209910913140312, "232": 0.42879361544172234, "233": 0.43325538233110616, "234": 0.356365998515219, "235": 0.48296028210838904, "236": 0.4649368968077209, "237": 0.49410356347438755, "238": 0.5049517446176689, "239": 0.49493689680772085, "240": 0.48963437268002974, "241": 0.5080122494432071, "242": 0.5116258351893096, "243": 0.4257553823311062, "244": 0.43298997772828507, "245": 0.43799740163325906, "246": 0.3681365998515219, "247": 0.3547809948032665, "248": 0.4891703786191537, "249": 0.5321139569413511, "250": 0.5313975501113586, "251": 0.5458389012620639, "252": 0.5103804751299184, "253": 0.5204027468448404, "254": 0.531538604305865, "255": 0.5429621380846326, "256": 0.5006384558277654, "257": 0.4981904231625835, "258": 0.4876076466221233, "259": 0.5121065330363771, "260": 0.5251818856718634, "261": 0.5627115812917595, "262": 0.6503730512249444, "263": 0.5360152190051968, "264": 0.6003080920564217, "265": 0.5724684484038605, "266": 0.5670694135115071, "267": 0.5669654788418708, "268": 0.5750185597624351, "269": 0.584775426874536, "270": 0.5981310319227914, "271": 0.587268002969562, "272": 0.597010022271715, "273": 0.626781737193764, "274": 0.5230567928730512, "275": 0.5141703786191537, "276": 0.5363325909428359, "277": 0.5145100222717149, "278": 0.5500705270972531, "279": 0.5453507795100223, "280": 0.6024313288789904, "281": 0.5008370452858204, "282": 0.49348552338530066, "283": 0.5135226429101707, "284": 0.513862286562732, "285": 0.4530939123979213, "286": 0.48258537490720116, "287": 0.6276373422420194, "288": 0.6902932442464736, "289": 0.5478285077951002, "290": 0.5411395694135115, "291": 0.61677431328879, "292": 0.6134335560504826, "293": 0.5163177431328879, "294": 0.5553507795100223, "295": 0.47176688938381584, "296": 0.46649406087602074, "297": 0.4415237564959168,