{"label": 8, "0": 0.5934692417739629, "1": 0.5598962804005723, "2": 0.5690629470672389, "3": 0.5179792560801144, "4": 0.5509692417739629, "5": 0.5376359084406295, "6": 0.5034692417739628, "7": 0.4152575107296137, "8": 0.4778755364806867, "9": 0.46454220314735334, "10": 0.4166881258941345, "11": 0.5984692417739628, "12": 0.6034692417739629, "13": 0.6068025751072961, "14": 0.6068025751072961, "15": 0.6118025751072962, "16": 0.6176359084406295, "17": 0.6243025751072961, "18": 0.627156652360515, "19": 0.5640629470672389, "20": 0.5544062947067239, "21": 0.33102646638054367, "22": 0.4561337625178827, "23": 0.4443311874105865, "24": 0.4327682403433476, "25": 0.41322603719599427, "26": 0.4632904148783977, "27": 0.4083726752503577, "28": 0.42398783977110155, "29": 0.3982367668097282, "30": 0.3938197424892704, "31": 0.40809012875536477, "32": 0.595071530758226, "33": 0.4076323319027182, "34": 0.36684907010014306, "35": 0.3868812589413448, "36": 0.493862660944206, "37": 0.5800000000000001, "38": 0.5927396280400572, "39": 0.5721244635193133, "40": 0.5685407725321889, "41": 0.5839163090128756, "42": 0.5780722460658083, "43": 0.5647067238912733, "44": 0.5504792560801144, "45": 0.5391666666666667, "46": 0.36748569384835483, "47": 0.49163447782546493, "48": 0.5230615164520744, "49": 0.5161552217453504, "50": 0.45678826895565094, "51": 0.5277396280400573, "52": 0.3834763948497854, "53": 0.37071530758226034, "54": 0.3253290414878398, "55": 0.44688483547925606, "56": 0.4407904148783977, "57": 0.5480293276108728, "58": 0.4716309012875537, "59": 0.5385515021459227, "60": 0.5496351931330472, "61": 0.5672174535050072, "62": 0.5696030042918454, "63": 0.3586838340486409, "64": 0.5280615164520744, "65": 0.4076752503576538, "66": 0.3971959942775394, "67": 0.3511123032904149, "68": 0.3428397711015737, "69": 0.37755007153075826, "70": 0.35604792560801146, "71": 0.34413090128755364, "72": 0.5858333333333333, "73": 0.5784370529327612, "74": 0.5731866952789699, "75": 0.5423640915593705, "76": 0.5682904148783977, "77": 0.5744885550786838, "78": 0.570675965665236, "79": 0.5386766809728183, "80": 0.5818848354792561, "81": 0.5885622317596566, "82": 0.5963125894134478, "83": 0.6121351931330472, "84": 0.6105937052932762, "85": 0.6039270386266095, "86": 0.5991666666666666, "87": 0.597145922746781, "88": 0.5808118741058655, "89": 0.5811659513590843, "90": 0.5815200286123032, "91": 0.5827074391988556, "92": 0.5423319027181688, "93": 0.40744277539341917, "94": 0.5665629470672389, "95": 0.576280400572246, "96": 0.5758011444921316, "97": 0.5551144492131617, "98": 0.53818669527897, "99": 0.5523748211731044, "100": 0.4845922746781116, "101": 0.4719456366237482, "102": 0.5200822603719599, "103": 0.33023605150214597, "104": 0.3519134477825465, "105": 0.3727575107296137, "106": 0.5782904148783977, "107": 0.43033261802575107, "108": 0.40735336194563665, "109": 0.3799678111587983, "110": 0.4216845493562232, "111": 0.4027145922746781, "112": 0.4680615164520744, "113": 0.38725679542203145, "114": 0.49247854077253217, "115": 0.525332618025751, "116": 0.3962660944206009, "117": 0.41748569384835477, "118": 0.43750715307582255, "119": 0.4594456366237482, "120": 0.4732796852646638, "121": 0.48008226037196, "122": 0.4952396280400573, "123": 0.4219849785407725, "124": 0.37593347639484975, "125": 0.5586981402002862, "126": 0.5027074391988555, "127": 0.3619635193133047, "128": 0.484738912732475, "129": 0.5190092989985694, "130": 0.40226752503576535, "131": 0.5175929899856938, "132": 0.4369742489270386, "133": 0.46496781115879826, "134": 0.5214163090128756, "135": 0.524288268955651, "136": 0.5326216022889843, "137": 0.4093490701001431, "138": 0.4970064377682404, "139": 0.3532868383404864, "140": 0.5993526466380543, "141": 0.5614377682403433, "142": 0.4994778254649499, "143": 0.37889127324749644, "144": 0.4282474964234621, "145": 0.43849785407725317, "146": 0.5740092989985695, "147": 0.4454434907010014, "148": 0.632238912732475, "149": 0.5856437768240343, "150": 0.5633619456366237, "151": 0.4406151645207439, "152": 0.6575107296137339, "153": 0.4481545064377682, "154": 0.45614449213161656, "155": 0.46258226037195993, "156": 0.36484978540772534, "157": 0.4469778254649499, "158": 0.43398783977110156, "159": 0.42242489270386263, "160": 0.4144349070100143, "161": 0.41073676680972815, "162": 0.3418490701001431, "163": 0.4201430615164521, "164": 0.5773962804005722, "165": 0.5480615164520743, "166": 0.5368848354792561, "167": 0.5642811158798283, "168": 0.49120886981402, "169": 0.5518097281831187, "170": 0.5751645207439199, "171": 0.6272389127324749, "172": 0.5045064377682403, "173": 0.4584155937052933, "174": 0.50439556509299, "175": 0.6535836909871244, "176": 0.6081652360515022, "177": 0.43638054363376255, "178": 0.5874892703862661, "179": 0.5895100143061517, "180": 0.5915307582260372, "181": 0.5954577968526467, "182": 0.5940200286123033, "183": 0.5733011444921317, "184": 0.5703218884120171, "185": 0.5673426323319027, "186": 0.5431545064377683, "187": 0.46927753934191707, "188": 0.49356223175965663, "189": 0.46521816881258937, "190": 0.4604470672389127, "191": 0.576280400572246, "192": 0.49070457796852646, "193": 0.4767811158798283, "194": 0.5940092989985695, "195": 0.5259692417739628, "196": 0.506906294706724, "197": 0.5151359084406295, "198": 0.5116452074391988, "199": 0.6452503576537911, "200": 0.6352503576537911, "201": 0.6161766809728183, "202": 0.5534978540772532, "203": 0.5166130185979971, "204": 0.5733941344778255, "205": 0.48645565092989984, "206": 0.5161230329041488, "207": 0.4937052932761087, "208": 0.6218848354792561, "209": 0.5110407725321888, "210": 0.5477682403433476, "211": 0.5708834048640915, "212": 0.5332474964234621, "213": 0.46640200286123035, "214": 0.517392703862661, "215": 0.46472460658082976, "216": 0.5208726752503576, "217": 0.5035515021459227, "218": 0.53379113018598, "219": 0.5306866952789699, "220": 0.530343347639485, "221": 0.44663447782546495, "222": 0.417914878397711, "223": 0.39908082975679543, "224": 0.3876323319027182, "225": 0.38321530758226036, "226": 0.39511087267525036, "227": 0.3855364806866953, "228": 0.41952789699570814, "229": 0.43549713876967094, "230": 0.4505185979971388, "231": 0.4638733905579399, "232": 0.47234263233190277, "233": 0.4773533619456366, "234": 0.3836301859799714, "235": 0.5331866952789699, "236": 0.5124892703862661, "237": 0.5421351931330471, "238": 0.5516666666666667, "239": 0.5438018597997138, "240": 0.539738912732475, "241": 0.554645922746781, "242": 0.5582188841201716, "243": 0.4700929899856938, "244": 0.4779577968526466, "245": 0.4847496423462089, "246": 0.40918454935622317, "247": 0.39452789699570817, "248": 0.5372925608011445, "249": 0.581326895565093, "250": 0.573719599427754, "251": 0.5912768240343348, "252": 0.5621173104434907, "253": 0.5728469241773962, "254": 0.5827432045779685, "255": 0.5891917024320458, "256": 0.5518669527896995, "257": 0.5471387696709585, "258": 0.5350965665236052, "259": 0.559774678111588, "260": 0.5714520743919886, "261": 0.6074213161659513, "262": 0.679595851216023, "263": 0.5814520743919885, "264": 0.6399749642346209, "265": 0.6111301859799714, "266": 0.6086695278969957, "267": 0.6046781115879829, "268": 0.6141988555078683, "269": 0.621480686695279, "270": 0.6350643776824034, "271": 0.6246888412017167, "272": 0.6338662374821173, "273": 0.662346208869814, "274": 0.568719599427754, "275": 0.5616988555078684, "276": 0.5773068669527897, "277": 0.5613769670958513, "278": 0.5928040057224606, "279": 0.5888769670958512, "280": 0.6432439198855509, "281": 0.5491988555078684, "282": 0.5402432045779685, "283": 0.5596709585121602, "284": 0.5619742489270386, "285": 0.5000536480686695, "286": 0.5304399141630901, "287": 0.6617632331902719, "288": 0.7085157367668098, "289": 0.5889806866952789, "290": 0.5828969957081545, "291": 0.6519814020028611, "292": 0.6498354792560801, "293": 0.5586087267525035, "294": 0.5978040057224607, "295": 0.520450643776824, "296": 0.5142632331902718, "297": 0.4933369098712447, "298": 0.5642238912732475,