{"label": 0, "0": 0.5366153238546604, "1": 0.5069668246445498, "2": 0.5149486571879937, "3": 0.4706911532385466, "4": 0.4986334913112164, "5": 0.4881516587677725, "6": 0.4621879936808847, "7": 0.375173775671406, "8": 0.4433728278041074, "9": 0.43372432859399684, "10": 0.39477883096366506, "11": 0.5395971563981042, "12": 0.5437638230647709, "13": 0.5470971563981043, "14": 0.5470971563981043, "15": 0.5509123222748815, "16": 0.5567456556082149, "17": 0.5634123222748815, "18": 0.5698578199052133, "19": 0.5099486571879936, "20": 0.49928515007898894, "21": 0.3037045813586098, "22": 0.41312796208530805, "23": 0.40329778830963664, "24": 0.3918009478672986, "25": 0.37258293838862555, "26": 0.4209399684044234, "27": 0.37404028436018955, "28": 0.38790679304897313, "29": 0.36385860979462875, "30": 0.35924960505529224, "31": 0.36775276461295414, "32": 0.5351856240126383, "33": 0.367934439178515, "34": 0.3320774091627172, "35": 0.3480529225908373, "36": 0.4421129541864139, "37": 0.5202488151658767, "38": 0.5310821484992101, "39": 0.5093641390205371, "40": 0.5044036334913112, "41": 0.5216034755134281, "42": 0.5141429699842022, "43": 0.5024644549763033, "44": 0.49665481832543446, "45": 0.48713665086887836, "46": 0.33599526066350716, "47": 0.44532780410742495, "48": 0.4692733017377567, "49": 0.4630884676145339, "50": 0.408455766192733, "51": 0.4774881516587678, "52": 0.35657977883096365, "53": 0.34249210110584516, "54": 0.30257109004739335, "55": 0.4138428120063191, "56": 0.4019036334913112, "57": 0.48618878357030015, "58": 0.4213349131121643, "59": 0.48138230647709324, "60": 0.49300947867298583, "61": 0.5004067930489732, "62": 0.5027764612954186, "63": 0.3307345971563981, "64": 0.4722551342812006, "65": 0.3787401263823065, "66": 0.37053712480252765, "67": 0.3324644549763033, "68": 0.3200315955766193, "69": 0.35387045813586093, "70": 0.32590442338072667, "71": 0.3186650868878357, "72": 0.5260821484992101, "73": 0.5159004739336492, "74": 0.5092733017377566, "75": 0.48541864139020535, "76": 0.5015916271721959, "77": 0.5079976303317535, "78": 0.5051461295418642, "79": 0.4839731437598736, "80": 0.5161611374407583, "81": 0.5252883096366509, "82": 0.5356003159557662, "83": 0.5527883096366508, "84": 0.5475276461295419, "85": 0.5428791469194313, "86": 0.5373973143759874, "87": 0.5356003159557662, "88": 0.5161611374407583, "89": 0.5162914691943128, "90": 0.5172551342812006, "91": 0.5182187993680885, "92": 0.483388625592417, "93": 0.366022906793049, "94": 0.5124486571879937, "95": 0.5102369668246446, "96": 0.5095339652448657, "97": 0.4998973143759874, "98": 0.4816429699842022, "99": 0.49704581358609795, "100": 0.43847946287519746, "101": 0.42535545023696686, "102": 0.4648854660347551, "103": 0.31069510268562406, "104": 0.3303041074249605, "105": 0.345173775671406, "106": 0.5162401263823064, "107": 0.3994549763033175, "108": 0.38195497630331754, "109": 0.3604186413902054, "110": 0.3806556082148499, "111": 0.36173775671406005, "112": 0.4240126382306477, "113": 0.35191943127962083, "114": 0.4486216429699842, "115": 0.4718641390205371, "116": 0.3570379146919431, "117": 0.3763467614533965, "118": 0.3947314375987362, "119": 0.41640995260663505, "120": 0.42764612954186415, "121": 0.43497630331753556, "122": 0.4531911532385466, "123": 0.3773894154818325, "124": 0.3395892575039494, "125": 0.5040244865718799, "126": 0.4544944707740916, "127": 0.3268562401263823, "128": 0.4402883096366509, "129": 0.4645339652448657, "130": 0.36319510268562405, "131": 0.4660308056872038, "132": 0.3908925750394945, "133": 0.4206793048973144, "134": 0.4713428120063191, "135": 0.46599526066350716, "136": 0.4748104265402844, "137": 0.36755924170616117, "138": 0.4408135860979463, "139": 0.3237045813586098, "140": 0.5396129541864139, "141": 0.5068759873617693, "142": 0.45049763033175355, "143": 0.33940758293838863, "144": 0.38798578199052136, "145": 0.39746445497630334, "146": 0.5072946287519747, "147": 0.3969075829383886, "148": 0.5739218009478673, "149": 0.5257464454976303, "150": 0.5023617693522907, "151": 0.4132424960505529, "152": 0.6021366508688784, "153": 0.4069431279620853, "154": 0.41440363349131126, "155": 0.4183096366508689, "156": 0.32998025276461296, "157": 0.40655213270142176, "158": 0.39338862559241705, "159": 0.3839099526066351, "160": 0.3764494470774092, "161": 0.3721919431279621, "162": 0.31041074249605055, "163": 0.38039494470774093, "164": 0.5212638230647709, "165": 0.4882187993680885, "166": 0.47971563981042653, "167": 0.5058609794628752, "168": 0.4533728278041074, "169": 0.4911769352290679, "170": 0.5153949447077409, "171": 0.5680884676145339, "172": 0.4487954186413902, "173": 0.4158096366508689, "174": 0.4582306477093207, "175": 0.5974881516587678, "176": 0.5482977883096367, "177": 0.38992890995260665, "178": 0.5252883096366509, "179": 0.5262519747235387, "180": 0.5288823064770932, "181": 0.5315126382306476, "182": 0.5335703001579779, "183": 0.507867298578199, "184": 0.5038309636650868, "185": 0.500627962085308, "186": 0.4825947867298578, "187": 0.4181437598736177, "188": 0.44989731437598734, "189": 0.4251579778830964, "190": 0.4180489731437599, "191": 0.5102369668246446, "192": 0.4362559241706161, "193": 0.436303317535545, "194": 0.5339612954186413, "195": 0.4793364928909952, "196": 0.4623578199052133, "197": 0.47016982622432857, "198": 0.46208530805687204, "199": 0.5895063191153238, "200": 0.5778396524486572, "201": 0.5572156398104265, "202": 0.4919312796208531, "203": 0.4617219589257504, "204": 0.5134281200631912, "205": 0.435173775671406, "206": 0.4602251184834123, "207": 0.4398617693522907, "208": 0.5624763033175355, "209": 0.4599763033175356, "210": 0.4871011058451816, "211": 0.5109676145339652, "212": 0.4731556082148499, "213": 0.4142772511848341, "214": 0.4601224328593997, "215": 0.4138349131121643, "216": 0.46359794628751977, "217": 0.4557701421800948, "218": 0.47958530805687205, "219": 0.47414296998420224, "220": 0.4784913112164297, "221": 0.40817930489731435, "222": 0.38540679304897313, "223": 0.367152448657188, "224": 0.3557859399684044, "225": 0.3496406003159558, "226": 0.35704976303317537, "227": 0.3472077409162717, "228": 0.37902843601895736, "229": 0.3930252764612954, "230": 0.4084281200631912, "231": 0.42014612954186414, "232": 0.42830963665086885, "233": 0.4337519747235387, "234": 0.34483807266982625, "235": 0.47747630331753554, "236": 0.4653791469194313, "237": 0.48669431279620856, "238": 0.4976184834123223, "239": 0.48836097946287516, "240": 0.4835308056872038, "241": 0.5008214849921011, "242": 0.5024881516587678, "243": 0.4262519747235387, "244": 0.4355094786729858, "245": 0.44156398104265404, "246": 0.3694707740916272, "247": 0.3578436018957346, "248": 0.4904818325434439, "249": 0.5402567140600316, "250": 0.5214454976303318, "251": 0.5554107424960506, "252": 0.5152843601895735, "253": 0.5264296998420221, "254": 0.5379265402843602, "255": 0.5479778830963665, "256": 0.5053238546603476, "257": 0.5105568720379148, "258": 0.4995418641390206, "259": 0.5249052132701422, "260": 0.535347551342812, "261": 0.5629383886255924, "262": 0.6258451816745656, "263": 0.543329383886256, "264": 0.5964652448657188, "265": 0.5709715639810427, "266": 0.5573025276461295, "267": 0.5467969984202212, "268": 0.555260663507109, "269": 0.5639968404423381, "270": 0.5761058451816745, "271": 0.5655726698262243, "272": 0.5743483412322274, "273": 0.6049723538704581, "274": 0.5152606635071091, "275": 0.5092969984202211, "276": 0.544565560821485, "277": 0.5129936808846761, "278": 0.5404936808846761, "279": 0.5375118483412322, "280": 0.5901263823064771, "281": 0.49964849921011056, "282": 0.5100355450236966, "283": 0.5284202211690363, "284": 0.5297472353870458, "285": 0.4644391785150079, "286": 0.4901935229067931, "287": 0.6049328593996841, "288": 0.6611927330173775, "289": 0.5360150078988941, "290": 0.5282030015797788, "291": 0.5918996840442339, "292": 0.5875118483412323, "293": 0.5301777251184834, "294": 0.5434755134281201, "295": 0.48787519747235386, "296": 0.48559636650868876,