{"label": 0, "0": 0.6147115384615385, "1": 0.5664743589743589, "2": 0.5773076923076923, "3": 0.508525641025641, "4": 0.5523076923076923, "5": 0.5323076923076924, "6": 0.4856410256410256, "7": 0.39711538461538465, "8": 0.4498076923076923, "9": 0.43147435897435893, "10": 0.36810897435897433, "11": 0.6197115384615384, "12": 0.6239102564102563, "13": 0.6264102564102564, "14": 0.6272435897435897, "15": 0.633878205128205, "16": 0.6413782051282051, "17": 0.6488782051282052, "18": 0.6523397435897436, "19": 0.5731410256410256, "20": 0.5602564102564103, "21": 0.3030769230769231, "22": 0.43673076923076926, "23": 0.4263782051282051, "24": 0.4151602564102564, "25": 0.3957051282051282, "26": 0.4438141025641026, "27": 0.3849358974358974, "28": 0.39939102564102563, "29": 0.3754166666666667, "30": 0.37403846153846154, "31": 0.3928205128205128, "32": 0.6282051282051282, "33": 0.3898076923076923, "34": 0.35256410256410253, "35": 0.3700320512820513, "36": 0.4871794871794872, "37": 0.5961538461538461, "38": 0.6086217948717949, "39": 0.5850320512820513, "40": 0.5779166666666666, "41": 0.5965705128205128, "42": 0.586923076923077, "43": 0.5670833333333333, "44": 0.556025641025641, "45": 0.5402564102564102, "46": 0.34637820512820516, "47": 0.4803205128205128, "48": 0.5212820512820513, "49": 0.5121474358974358, "50": 0.4477884615384615, "51": 0.5235576923076923, "52": 0.35615384615384615, "53": 0.34596153846153843, "54": 0.2925641025641026, "55": 0.41660256410256413, "56": 0.414775641025641, "57": 0.5441346153846154, "58": 0.4903525641025641, "59": 0.5376282051282051, "60": 0.5514102564102564, "61": 0.568397435897436, "62": 0.5724358974358974, "63": 0.3320192307692308, "64": 0.5238461538461539, "65": 0.3769551282051282, "66": 0.3637179487179487, "67": 0.30903846153846154, "68": 0.31474358974358974, "69": 0.34128205128205125, "70": 0.33330128205128207, "71": 0.3210897435897436, "72": 0.6028205128205129, "73": 0.590801282051282, "74": 0.5828205128205128, "75": 0.5416987179487179, "76": 0.5708333333333333, "77": 0.5806089743589743, "78": 0.5740384615384615, "79": 0.5415384615384615, "80": 0.5901923076923077, "81": 0.6006730769230769, "82": 0.6127564102564103, "83": 0.6354807692307692, "84": 0.6311858974358975, "85": 0.6244871794871795, "86": 0.6177884615384616, "87": 0.6135576923076923, "88": 0.5909935897435897, "89": 0.5910897435897436, "90": 0.5911858974358974, "91": 0.59375, "92": 0.5402564102564102, "93": 0.40926282051282054, "94": 0.5748076923076924, "95": 0.5821153846153846, "96": 0.5813461538461538, "97": 0.5596153846153846, "98": 0.535352564102564, "99": 0.5555128205128206, "100": 0.4741666666666666, "101": 0.4624679487179487, "102": 0.5147435897435897, "103": 0.2926602564102564, "104": 0.3198397435897436, "105": 0.3421474358974359, "106": 0.5883333333333334, "107": 0.3942628205128205, "108": 0.3676923076923077, "109": 0.33368589743589744, "110": 0.4046794871794872, "111": 0.3883653846153846, "112": 0.4468910256410257, "113": 0.36785256410256406, "114": 0.48, "115": 0.5251602564102564, "116": 0.3863782051282051, "117": 0.4047435897435897, "118": 0.42500000000000004, "119": 0.44493589743589745, "120": 0.45592948717948717, "121": 0.46291666666666664, "122": 0.47772435897435894, "123": 0.4146794871794872, "124": 0.3557371794871795, "125": 0.566698717948718, "126": 0.49448717948717946, "127": 0.3476923076923077, "128": 0.4650320512820513, "129": 0.5131410256410256, "130": 0.3850320512820513, "131": 0.5143589743589744, "132": 0.44740384615384615, "133": 0.44189102564102567, "134": 0.5181089743589744, "135": 0.5484615384615384, "136": 0.5650320512820513, "137": 0.4084294871794872, "138": 0.5149358974358974, "139": 0.3339423076923077, "140": 0.6399038461538461, "141": 0.5700000000000001, "142": 0.4916025641025641, "143": 0.36291666666666667, "144": 0.40923076923076923, "145": 0.41884615384615387, "146": 0.5806730769230769, "147": 0.44458333333333333, "148": 0.6782051282051282, "149": 0.6286858974358974, "150": 0.6009615384615385, "151": 0.39897435897435896, "152": 0.7031410256410255, "153": 0.4276282051282051, "154": 0.43474358974358973, "155": 0.4395192307692308, "156": 0.34439102564102564, "157": 0.4256410256410256, "158": 0.41355769230769235, "159": 0.4039423076923077, "160": 0.3968269230769231, "161": 0.39371794871794874, "162": 0.32006410256410256, "163": 0.40195512820512824, "164": 0.5856730769230769, "165": 0.5472435897435898, "166": 0.5367628205128205, "167": 0.5688461538461538, "168": 0.4673076923076923, "169": 0.5827884615384615, "170": 0.6105448717948718, "171": 0.6691025641025641, "172": 0.5306410256410257, "173": 0.4361858974358974, "174": 0.4922115384615385, "175": 0.6948076923076922, "176": 0.6531089743589743, "177": 0.44240384615384615, "178": 0.6006730769230769, "179": 0.6032371794871795, "180": 0.6074679487179487, "181": 0.611698717948718, "182": 0.6111538461538462, "183": 0.5796794871794873, "184": 0.5756089743589744, "185": 0.573173076923077, "186": 0.5381410256410256, "187": 0.46650641025641026, "188": 0.4788461538461538, "189": 0.4407371794871795, "190": 0.43599358974358976, "191": 0.5821153846153846, "192": 0.4981730769230769, "193": 0.44955128205128203, "194": 0.6196794871794872, "195": 0.516474358974359, "196": 0.4935576923076923, "197": 0.501474358974359, "198": 0.5058653846153847, "199": 0.6823397435897436, "200": 0.6665064102564102, "201": 0.6456410256410257, "202": 0.5657371794871795, "203": 0.512724358974359, "204": 0.5935897435897436, "205": 0.48214743589743586, "206": 0.5131730769230769, "207": 0.4917307692307692, "208": 0.6574358974358975, "209": 0.5053205128205128, "210": 0.5685576923076923, "211": 0.5996153846153847, "212": 0.5386538461538461, "213": 0.47028846153846154, "214": 0.5275320512820513, "215": 0.4771153846153846, "216": 0.5177564102564103, "217": 0.4933333333333333, "218": 0.5358333333333333, "219": 0.5294871794871795, "220": 0.5323076923076924, "221": 0.41862179487179485, "222": 0.3910897435897436, "223": 0.3734294871794872, "224": 0.363974358974359, "225": 0.3618269230769231, "226": 0.37875000000000003, "227": 0.3776602564102564, "228": 0.4042628205128205, "229": 0.41881410256410256, "230": 0.4340064102564103, "231": 0.4458974358974359, "232": 0.45375, "233": 0.4575961538461538, "234": 0.37685897435897436, "235": 0.5319871794871796, "236": 0.5055448717948718, "237": 0.5455128205128206, "238": 0.5577884615384615, "239": 0.5480128205128205, "240": 0.537724358974359, "241": 0.5618589743589744, "242": 0.5643269230769231, "243": 0.44673076923076926, "244": 0.45650641025641026, "245": 0.4614102564102564, "246": 0.39217948717948714, "247": 0.37506410256410255, "248": 0.5277564102564103, "249": 0.5542628205128205, "250": 0.5826923076923076, "251": 0.548301282051282, "252": 0.5353846153846153, "253": 0.5466346153846153, "254": 0.5570512820512821, "255": 0.5665064102564102, "256": 0.5240705128205129, "257": 0.5164423076923077, "258": 0.5052564102564103, "259": 0.5301602564102564, "260": 0.5432051282051282, "261": 0.585224358974359, "262": 0.7139423076923077, "263": 0.5574038461538462, "264": 0.6146153846153847, "265": 0.588076923076923, "266": 0.605801282051282, "267": 0.625801282051282, "268": 0.6350641025641026, "269": 0.6394871794871795, "270": 0.65, "271": 0.6438141025641027, "272": 0.6509935897435897, "273": 0.6792628205128205, "274": 0.5752564102564103, "275": 0.5626923076923077, "276": 0.5459294871794872, "277": 0.5476282051282051, "278": 0.595, "279": 0.5874679487179487, "280": 0.6368910256410256, "281": 0.5443910256410256, "282": 0.5036217948717949, "283": 0.5246794871794872, "284": 0.512948717948718, "285": 0.4655769230769231, "286": 0.4998397435897436, "287": 0.6755448717948718, "288": 0.7267628205128205, "289": 0.5944871794871796, "290": 0.590673076923077, "291": 0.6629166666666666, "292": 0.6613461538461538, "293": 0.5219551282051282, "294": 0.6007692307692307, "295": 0.48278846153846156, "296": 0.4735576923076923, "297": 0.4388782051282051, "298": 0.5191025641025642, "299": 0.45666666666666667, "300": 0.5456730769230769,