{"label": 11, "0": 0.5898826291079813, "1": 0.5538615023474178, "2": 0.5646478873239437, "3": 0.5058450704225352, "4": 0.5413615023474179, "5": 0.5263615023474179, "6": 0.487981220657277, "7": 0.4071361502347418, "8": 0.4621478873239437, "9": 0.44714788732394367, "10": 0.3938145539906104, "11": 0.5957159624413145, "12": 0.600669014084507, "13": 0.6048356807511737, "14": 0.6081690140845071, "15": 0.6140023474178404, "16": 0.6215023474178404, "17": 0.6281220657276996, "18": 0.630481220657277, "19": 0.5605281690140844, "20": 0.5490845070422534, "21": 0.3263145539906103, "22": 0.4462323943661972, "23": 0.43566901408450703, "24": 0.4242253521126761, "25": 0.4068075117370892, "26": 0.45341549295774647, "27": 0.40210093896713617, "28": 0.41525821596244133, "29": 0.391443661971831, "30": 0.3885211267605634, "31": 0.40374413145539906, "32": 0.6090610328638497, "33": 0.4019014084507042, "34": 0.3684389671361502, "35": 0.384706572769953, "36": 0.4865962441314554, "37": 0.5723708920187793, "38": 0.5883450704225353, "39": 0.562406103286385, "40": 0.5593896713615023, "41": 0.578568075117371, "42": 0.5714319248826291, "43": 0.5601643192488263, "44": 0.5441784037558686, "45": 0.5316314553990611, "46": 0.3626291079812206, "47": 0.4829107981220657, "48": 0.5126760563380282, "49": 0.5060093896713614, "50": 0.45143192488262907, "51": 0.516631455399061, "52": 0.37491784037558684, "53": 0.36490610328638495, "54": 0.3161384976525822, "55": 0.4334272300469484, "56": 0.4299882629107981, "57": 0.5396478873239436, "58": 0.4906220657276995, "59": 0.5281455399061032, "60": 0.540281690140845, "61": 0.5605868544600938, "62": 0.5641079812206573, "63": 0.35207746478873236, "64": 0.515962441314554, "65": 0.39692488262910797, "66": 0.3851173708920188, "67": 0.3345070422535211, "68": 0.3366549295774648, "69": 0.3624295774647887, "70": 0.35225352112676056, "71": 0.341830985915493, "72": 0.5799178403755869, "73": 0.5700469483568076, "74": 0.5654107981220657, "75": 0.5324530516431925, "76": 0.5623474178403756, "77": 0.5692488262910798, "78": 0.5658685446009389, "79": 0.5309741784037558, "80": 0.5757394366197184, "81": 0.5828286384976527, "82": 0.5933920187793427, "83": 0.6146361502347417, "84": 0.6123239436619718, "85": 0.6048708920187793, "86": 0.5999647887323944, "87": 0.5950117370892019, "88": 0.5765258215962441, "89": 0.5772652582159624, "90": 0.5779107981220657, "91": 0.5786032863849765, "92": 0.5336384976525821, "93": 0.4207981220657277, "94": 0.5630281690140845, "95": 0.5711971830985916, "96": 0.5702699530516432, "97": 0.548849765258216, "98": 0.526150234741784, "99": 0.5454225352112676, "100": 0.47725352112676056, "101": 0.465387323943662, "102": 0.5083685446009389, "103": 0.3180046948356807, "104": 0.34180751173708923, "105": 0.36306338028169016, "106": 0.5765140845070422, "107": 0.414906103286385, "108": 0.3888849765258216, "109": 0.35943661971830987, "110": 0.41458920187793424, "111": 0.39887323943661973, "112": 0.4570774647887324, "113": 0.38203051643192487, "114": 0.48250000000000004, "115": 0.5164319248826291, "116": 0.3982159624413145, "117": 0.413462441314554, "118": 0.4308802816901408, "119": 0.4512676056338028, "120": 0.4638262910798122, "121": 0.4703169014084507, "122": 0.4807511737089202, "123": 0.4224295774647887, "124": 0.37239436619718314, "125": 0.5543661971830985, "126": 0.4937441314553991, "127": 0.36570422535211267, "128": 0.4741666666666666, "129": 0.5083215962441314, "130": 0.3965727699530517, "131": 0.5089319248826291, "132": 0.4526525821596244, "133": 0.45291079812206575, "134": 0.5111150234741784, "135": 0.5379577464788732, "136": 0.5546713615023474, "137": 0.4167253521126761, "138": 0.5087793427230047, "139": 0.3530281690140845, "140": 0.6189201877934272, "141": 0.5577464788732394, "142": 0.49151408450704226, "143": 0.3783568075117371, "144": 0.4193661971830986, "145": 0.4290023474178404, "146": 0.568274647887324, "147": 0.44747652582159625, "148": 0.6559272300469483, "149": 0.6098826291079812, "150": 0.5857042253521128, "151": 0.41964788732394365, "152": 0.6805281690140845, "153": 0.4378051643192489, "154": 0.4457746478873239, "155": 0.45022300469483567, "156": 0.3627582159624413, "157": 0.4391079812206573, "158": 0.42775821596244135, "159": 0.41895539906103285, "160": 0.4101056338028169, "161": 0.40561032863849766, "162": 0.3417723004694836, "163": 0.41237089201877936, "164": 0.5729812206572771, "165": 0.5392957746478872, "166": 0.5264788732394367, "167": 0.5579694835680751, "168": 0.47548122065727705, "169": 0.5671830985915493, "170": 0.5930281690140845, "171": 0.6458802816901409, "172": 0.5255399061032864, "173": 0.4486032863849765, "174": 0.49204225352112674, "175": 0.6713615023474178, "176": 0.6323943661971831, "177": 0.4460798122065728, "178": 0.5853286384976526, "179": 0.5868544600938967, "180": 0.5900469483568076, "181": 0.5941197183098591, "182": 0.5955046948356808, "183": 0.5668896713615024, "184": 0.5625352112676056, "185": 0.5582276995305164, "186": 0.533169014084507, "187": 0.4666549295774648, "188": 0.48208920187793425, "189": 0.45254694835680753, "190": 0.44800469483568073, "191": 0.5712441314553991, "192": 0.4940610328638497, "193": 0.4622769953051643, "194": 0.6018427230046949, "195": 0.5130281690140845, "196": 0.4932981220657277, "197": 0.5004812206572771, "198": 0.5024530516431925, "199": 0.657981220657277, "200": 0.642981220657277, "201": 0.6253286384976526, "202": 0.5562676056338027, "203": 0.5086384976525822, "204": 0.579424882629108, "205": 0.48144366197183097, "206": 0.5089084507042253, "207": 0.4891666666666667, "208": 0.635093896713615, "209": 0.5011971830985915, "210": 0.5565845070422535, "211": 0.5832159624413145, "212": 0.531537558685446, "213": 0.47011737089201877, "214": 0.519906103286385, "215": 0.475575117370892, "216": 0.5142253521126761, "217": 0.49333333333333335, "218": 0.5257863849765259, "219": 0.5203638497652583, "220": 0.5227347417840376, "221": 0.4337441314553991, "222": 0.40775821596244133, "223": 0.3901995305164319, "224": 0.37944835680751177, "225": 0.37731220657277, "226": 0.39198356807511736, "227": 0.39084507042253525, "228": 0.41407276995305164, "229": 0.4271830985915493, "230": 0.4430281690140845, "231": 0.45461267605633804, "232": 0.4627230046948356, "233": 0.4664788732394366, "234": 0.39325117370892015, "235": 0.5228638497652582, "236": 0.5020422535211267, "237": 0.5354225352112676, "238": 0.546537558685446, "239": 0.5362089201877934, "240": 0.528838028169014, "241": 0.5500117370892019, "242": 0.5533920187793427, "243": 0.4581455399061033, "244": 0.4659741784037559, "245": 0.47116197183098596, "246": 0.40375586854460094, "247": 0.3890727699530516, "248": 0.5234976525821596, "249": 0.5628521126760563, "250": 0.5710915492957747, "251": 0.5710328638497653, "252": 0.5421830985915493, "253": 0.552699530516432, "254": 0.5632629107981221, "255": 0.5740140845070423, "256": 0.5317136150234743, "257": 0.527981220657277, "258": 0.5164906103286385, "259": 0.541924882629108, "260": 0.5539671361502347, "261": 0.5911971830985916, "262": 0.6944483568075117, "263": 0.5664201877934272, "264": 0.6272417840375587, "265": 0.598568075117371, "266": 0.6001525821596244, "267": 0.6023004694835681, "268": 0.6138732394366198, "269": 0.6222652582159625, "270": 0.6377347417840376, "271": 0.6261032863849765, "272": 0.6348122065727699, "273": 0.6649178403755869, "274": 0.5635446009389671, "275": 0.5527582159624413, "276": 0.5606455399061033, "277": 0.5480516431924882, "278": 0.5866197183098592, "279": 0.5799530516431924, "280": 0.6336502347417841, "281": 0.5368779342723005, "282": 0.5166901408450704, "283": 0.5392018779342723, "284": 0.5370422535211268, "285": 0.4766079812206573, "286": 0.5109741784037559, "287": 0.6646009389671361, "288": 0.7318661971830986, "289": 0.5844835680751174, "290": 0.5790140845070422, "291": 0.6547769953051643, "292": 0.6512558685446009, "293": 0.5386971830985916, "294": 0.5925, "295": 0.4955633802816901, "296": 0.48815727699530514, "297": 0.462981220657277, "298": 0.5391197183098592,