{"label": 11, "0": 0.5715461215932914, "1": 0.5444496855345913, "2": 0.5544496855345912, "3": 0.5031341719077568, "4": 0.5344496855345913, "5": 0.5209014675052411, "6": 0.4909014675052411, "7": 0.4114517819706499, "8": 0.46673480083857444, "9": 0.45340146750524113, "10": 0.4100681341719078, "11": 0.5765461215932914, "12": 0.5815461215932914, "13": 0.5857127882599581, "14": 0.5873794549266248, "15": 0.5915461215932915, "16": 0.598212788259958, "17": 0.6048794549266248, "18": 0.6102830188679245, "19": 0.5494496855345912, "20": 0.5389675052410902, "21": 0.3278039832285115, "22": 0.4499685534591195, "23": 0.4403197064989518, "24": 0.42900419287211744, "25": 0.410377358490566, "26": 0.4579507337526205, "27": 0.4061268343815514, "28": 0.41953878406708595, "29": 0.3952148846960168, "30": 0.3920440251572327, "31": 0.4055136268343815, "32": 0.5869025157232705, "33": 0.4066404612159329, "34": 0.36527777777777776, "35": 0.38605345911949684, "36": 0.48494234800838576, "37": 0.5591823899371069, "38": 0.5729454926624739, "39": 0.5543186582809224, "40": 0.5546960167714885, "41": 0.5670597484276729, "42": 0.5641037735849057, "43": 0.5533280922431866, "44": 0.5350157232704402, "45": 0.5237526205450733, "46": 0.36400943396226415, "47": 0.48090670859538787, "48": 0.5100733752620545, "49": 0.5040251572327044, "50": 0.4511844863731656, "51": 0.5131341719077568, "52": 0.37792976939203354, "53": 0.367206498951782, "54": 0.32100104821802933, "55": 0.43574423480083857, "56": 0.43418763102725366, "57": 0.5393238993710692, "58": 0.47140461215932916, "59": 0.5234591194968554, "60": 0.5343448637316561, "61": 0.560503144654088, "62": 0.5617662473794549, "63": 0.35403563941299787, "64": 0.5142400419287212, "65": 0.3980607966457023, "66": 0.38846436058700207, "67": 0.34693396226415096, "68": 0.33876834381551363, "69": 0.3698899371069182, "70": 0.3533385744234801, "71": 0.34223794549266245, "72": 0.5660639412997903, "73": 0.5605817610062893, "74": 0.5595073375262054, "75": 0.5272222222222223, "76": 0.5607180293501048, "77": 0.5646960167714885, "78": 0.562814465408805, "79": 0.5243186582809224, "80": 0.5680817610062894, "81": 0.5716561844863732, "82": 0.5781603773584906, "83": 0.5966561844863731, "84": 0.5935639412997904, "85": 0.5868972746331237, "86": 0.5821121593291405, "87": 0.5789937106918239, "88": 0.5678668763102726, "89": 0.5684853249475891, "90": 0.5697222222222222, "91": 0.5709591194968553, "92": 0.5314727463312369, "93": 0.4102777777777778, "94": 0.5519496855345911, "95": 0.5653406708595388, "96": 0.5651257861635219, "97": 0.5408228511530399, "98": 0.5242662473794549, "99": 0.5381079664570231, "100": 0.47604297693920333, "101": 0.4638417190775681, "102": 0.5060953878406709, "103": 0.3267505241090147, "104": 0.3457547169811321, "105": 0.365188679245283, "106": 0.5658805031446541, "107": 0.4184329140461216, "108": 0.3992400419287212, "109": 0.37421383647798745, "110": 0.4189517819706499, "111": 0.39938679245283015, "112": 0.46090670859538785, "113": 0.38446540880503144, "114": 0.4815775681341719, "115": 0.5121960167714885, "116": 0.395356394129979, "117": 0.4144392033542977, "118": 0.43266247379454925, "119": 0.4530083857442348, "120": 0.46561320754716984, "121": 0.47214360587002097, "122": 0.48291928721174004, "123": 0.41933438155136266, "124": 0.37419811320754715, "125": 0.5442085953878406, "126": 0.4911215932914046, "127": 0.3619182389937107, "128": 0.47574423480083855, "129": 0.5077620545073376, "130": 0.40035115303983226, "131": 0.5053144654088051, "132": 0.43780398322851155, "133": 0.4575733752620545, "134": 0.5070335429769393, "135": 0.5178249475890986, "136": 0.5303249475890985, "137": 0.4090408805031447, "138": 0.4914832285115304, "139": 0.3515670859538784, "140": 0.5927096436058701, "141": 0.5477568134171907, "142": 0.490020964360587, "143": 0.37807127882599584, "144": 0.4252672955974843, "145": 0.43448637316561844, "146": 0.5642662473794549, "147": 0.442479035639413, "148": 0.6270073375262054, "149": 0.5813679245283019, "150": 0.5581446540880503, "151": 0.43068658280922434, "152": 0.6529979035639413, "153": 0.4439203354297694, "154": 0.45063941299790355, "155": 0.45609538784067083, "156": 0.36393081761006285, "157": 0.44230607966457025, "158": 0.43037211740041925, "159": 0.4209381551362683, "160": 0.41421907756813414, "161": 0.4095964360587002, "162": 0.34068134171907755, "163": 0.417311320754717, "164": 0.5627830188679246, "165": 0.5342400419287212, "166": 0.5217924528301887, "167": 0.5489412997903564, "168": 0.4792348008385744, "169": 0.5443815513626834, "170": 0.5684381551362684, "171": 0.6186740041928721, "172": 0.5023165618448637, "173": 0.4519287211740042, "174": 0.49162997903563943, "175": 0.644664570230608, "176": 0.6039727463312369, "177": 0.43594863731656186, "178": 0.5724895178197065, "179": 0.5737264150943396, "180": 0.5768448637316561, "181": 0.5816299790356394, "182": 0.5805293501048218, "183": 0.5624109014675052, "184": 0.5594811320754718, "185": 0.5565513626834382, "186": 0.5324685534591196, "187": 0.46363207547169816, "188": 0.48141509433962265, "189": 0.45679245283018866, "190": 0.4519549266247379, "191": 0.5655555555555556, "192": 0.4857023060796646, "193": 0.46560796645702307, "194": 0.5831918238993711, "195": 0.5109014675052411, "196": 0.4939675052410901, "197": 0.5009014675052411, "198": 0.500125786163522, "199": 0.6336163522012579, "200": 0.6211163522012579, "201": 0.6032966457023061, "202": 0.5447012578616353, "203": 0.5058280922431866, "204": 0.5637316561844863, "205": 0.47878930817610066, "206": 0.5053459119496855, "207": 0.4860220125786163, "208": 0.6107704402515723, "209": 0.4996698113207547, "210": 0.5398375262054508, "211": 0.5636792452830188, "212": 0.525482180293501, "213": 0.46229035639412996, "214": 0.5095440251572327, "215": 0.4622379454926625, "216": 0.5121750524109014, "217": 0.4917924528301887, "218": 0.5195073375262055, "219": 0.5157180293501048, "220": 0.5170335429769393, "221": 0.4365251572327044, "222": 0.4118238993710692, "223": 0.3942190775681342, "224": 0.38392557651991616, "225": 0.3794916142557652, "226": 0.3942505241090147, "227": 0.385062893081761, "228": 0.4159696016771488, "229": 0.42999999999999994, "230": 0.4457232704402515, "231": 0.457898322851153, "232": 0.46609538784067084, "233": 0.46926624737945494, "234": 0.3856813417190776, "235": 0.5200995807127882, "236": 0.49996331236897273, "237": 0.5268448637316562, "238": 0.5373008385744235, "239": 0.5285115303983228, "240": 0.5257442348008385, "241": 0.5391823899371069, "242": 0.5437788259958072, "243": 0.46176624737945493, "244": 0.4697222222222222, "245": 0.4737002096436058, "246": 0.40811844863731656, "247": 0.3926362683438155, "248": 0.5220020964360587, "249": 0.570566037735849, "250": 0.5588836477987421, "251": 0.5837840670859539, "252": 0.5495492662473795, "253": 0.5608647798742139, "254": 0.5705136268343816, "255": 0.579140461215933, "256": 0.5376153039832285, "257": 0.5352725366876311, "258": 0.5235272536687632, "259": 0.5495178197064989, "260": 0.5610220125786163, "261": 0.5962893081761006, "262": 0.6697117400419288, "263": 0.5722589098532495, "264": 0.6315251572327044, "265": 0.602416142557652, "266": 0.5939570230607967, "267": 0.5803616352201257, "268": 0.5909800838574424, "269": 0.5977253668763103, "270": 0.6098480083857443, "271": 0.5999842767295598, "272": 0.6096069182389937, "273": 0.645356394129979, "274": 0.5538836477987421, "275": 0.5457651991614256, "276": 0.5680083857442348, "277": 0.5469444444444445, "278": 0.5771593291404612, "279": 0.5721593291404612, "280": 0.6293815513626835, "281": 0.5322169811320755, "282": 0.5284696016771488, "283": 0.5491928721174004, "284": 0.5537054507337527, "285": 0.4871069182389937, "286": 0.5169968553459119, "287": 0.6462421383647798, "288": 0.7145911949685535, "289": 0.5727253668763103, "290": 0.5668396226415094, "291": 0.6250890985324948, "292": 0.6229926624737945, "293": 0.5488155136268343, "294": 0.5813259958071278, "295": 0.50729035639413, "296": 0.5010534591194968, "297": 0.48215408805031446,