{"label": 2, "0": 0.549808743169399, "1": 0.5122404371584699, "2": 0.5237158469945355, "3": 0.463087431693989, "4": 0.4995491803278688, "5": 0.48435792349726775, "6": 0.4471174863387978, "7": 0.36245901639344263, "8": 0.41923497267759563, "9": 0.4032103825136612, "10": 0.35180327868852457, "11": 0.5539754098360656, "12": 0.5581420765027323, "13": 0.5616666666666666, "14": 0.5616666666666666, "15": 0.5658333333333334, "16": 0.5700000000000001, "17": 0.575, "18": 0.5864071038251366, "19": 0.5178825136612022, "20": 0.5066120218579235, "21": 0.2805874316939891, "22": 0.40153005464480873, "23": 0.3910928961748634, "24": 0.3816803278688524, "25": 0.3623360655737705, "26": 0.40741803278688526, "27": 0.3551366120218579, "28": 0.36743169398907105, "29": 0.34534153005464485, "30": 0.34316939890710385, "31": 0.3602322404371585, "32": 0.5650409836065573, "33": 0.3566939890710382, "34": 0.323155737704918, "35": 0.3392213114754098, "36": 0.44576502732240436, "37": 0.5337978142076503, "38": 0.5458469945355191, "39": 0.5246448087431694, "40": 0.5204234972677596, "41": 0.5372677595628416, "42": 0.5297131147540983, "43": 0.5204371584699453, "44": 0.502827868852459, "45": 0.48911202185792346, "46": 0.3172267759562841, "47": 0.4399726775956284, "48": 0.47330601092896174, "49": 0.46644808743169397, "50": 0.41157103825136615, "51": 0.47475409836065574, "52": 0.32905737704918037, "53": 0.31849726775956283, "54": 0.27204918032786884, "55": 0.38612021857923495, "56": 0.38286885245901636, "57": 0.5020491803278688, "58": 0.44493169398907106, "59": 0.48836065573770493, "60": 0.5000819672131147, "61": 0.5187021857923497, "62": 0.5207513661202186, "63": 0.3054918032786885, "64": 0.47728142076502733, "65": 0.34890710382513657, "66": 0.33852459016393444, "67": 0.2918715846994535, "68": 0.29043715846994533, "69": 0.3192349726775956, "70": 0.3067213114754098, "71": 0.2948087431693989, "72": 0.540655737704918, "73": 0.5308606557377049, "74": 0.5259972677595628, "75": 0.4931010928961749, "76": 0.5197267759562841, "77": 0.5256830601092897, "78": 0.5228005464480875, "79": 0.49034153005464476, "80": 0.5325956284153006, "81": 0.540983606557377, "82": 0.5512295081967213, "83": 0.572896174863388, "84": 0.5616803278688525, "85": 0.5566803278688525, "86": 0.5527049180327869, "87": 0.550396174863388, "88": 0.5325956284153006, "89": 0.5332377049180328, "90": 0.5336885245901639, "91": 0.534139344262295, "92": 0.4951775956284153, "93": 0.37315573770491806, "94": 0.5203825136612021, "95": 0.5272814207650273, "96": 0.5268989071038251, "97": 0.5083469945355191, "98": 0.4890710382513661, "99": 0.5046311475409836, "100": 0.4351775956284153, "101": 0.4240437158469945, "102": 0.46939890710382515, "103": 0.27382513661202185, "104": 0.29637978142076504, "105": 0.3156010928961749, "106": 0.536707650273224, "107": 0.3670218579234973, "108": 0.3462568306010929, "109": 0.31760928961748636, "110": 0.370792349726776, "111": 0.35607923497267757, "112": 0.4120901639344262, "113": 0.3375409836065574, "114": 0.43964480874316936, "115": 0.47547814207650274, "116": 0.3546174863387978, "117": 0.3709426229508197, "118": 0.38881147540983607, "119": 0.4090437158469945, "120": 0.41857923497267757, "121": 0.4250409836065574, "122": 0.43918032786885247, "123": 0.3812158469945355, "124": 0.3264617486338798, "125": 0.5109016393442622, "126": 0.4518306010928962, "127": 0.3196994535519126, "128": 0.4275956284153005, "129": 0.4700409836065574, "130": 0.351379781420765, "131": 0.4677868852459016, "132": 0.4069945355191257, "133": 0.40792349726775956, "134": 0.4705327868852459, "135": 0.4934289617486339, "136": 0.508620218579235, "137": 0.372896174863388, "138": 0.46556010928961744, "139": 0.30763661202185794, "140": 0.5746584699453552, "141": 0.5152595628415301, "142": 0.4507513661202186, "143": 0.3323087431693989, "144": 0.3752049180327869, "145": 0.3844262295081967, "146": 0.5263251366120218, "147": 0.40698087431693986, "148": 0.6105327868852459, "149": 0.5636475409836066, "150": 0.5397540983606557, "151": 0.37801912568306006, "152": 0.6361475409836066, "153": 0.3928142076502732, "154": 0.40036885245901643, "155": 0.4056830601092896, "156": 0.3164071038251366, "157": 0.39184426229508196, "158": 0.3790983606557377, "159": 0.3707103825136612, "160": 0.36315573770491805, "161": 0.3595081967213115, "162": 0.29610655737704916, "163": 0.3692486338797814, "164": 0.5320491803278689, "165": 0.5008060109289618, "166": 0.4866939890710382, "167": 0.5173224043715847, "168": 0.4335928961748634, "169": 0.5233469945355191, "170": 0.5489071038251366, "171": 0.6011748633879781, "172": 0.47825136612021857, "173": 0.40132513661202185, "174": 0.4505327868852459, "175": 0.6267896174863388, "176": 0.5877322404371584, "177": 0.4032103825136612, "178": 0.540983606557377, "179": 0.5414344262295082, "180": 0.5437431693989071, "181": 0.5477185792349727, "182": 0.5531693989071038, "183": 0.5252322404371584, "184": 0.5213251366120218, "185": 0.5184426229508197, "186": 0.4961475409836066, "187": 0.4275409836065574, "188": 0.4386748633879781, "189": 0.4069535519125683, "190": 0.40144808743169397, "191": 0.5272814207650273, "192": 0.4531830601092896, "193": 0.41553278688524586, "194": 0.5595218579234973, "195": 0.4716666666666667, "196": 0.4510382513661202, "197": 0.4598087431693989, "198": 0.4608606557377049, "199": 0.615122950819672, "200": 0.5999316939890711, "201": 0.5812978142076503, "202": 0.515, "203": 0.4689617486338798, "204": 0.5383196721311476, "205": 0.44148907103825136, "206": 0.46954918032786885, "207": 0.4495765027322405, "208": 0.5923907103825137, "209": 0.4611885245901639, "210": 0.5139207650273224, "211": 0.5403142076502733, "212": 0.4922540983606557, "213": 0.4302459016393443, "214": 0.47938524590163933, "215": 0.4330737704918033, "216": 0.47532786885245903, "217": 0.45169398907103825, "218": 0.4845765027322404, "219": 0.4807377049180328, "220": 0.4813661202185793, "221": 0.38689890710382513, "222": 0.36076502732240434, "223": 0.34520491803278686, "224": 0.33521857923497267, "225": 0.3326639344262295, "226": 0.34632513661202186, "227": 0.3464890710382514, "228": 0.36971311475409835, "229": 0.3845081967213115, "230": 0.3982103825136612, "231": 0.40922131147540985, "232": 0.41632513661202186, "233": 0.4211885245901639, "234": 0.3459153005464481, "235": 0.4840710382513661, "236": 0.46072404371584696, "237": 0.4927732240437158, "238": 0.5039207650273224, "239": 0.4944398907103825, "240": 0.49047814207650275, "241": 0.507827868852459, "242": 0.5113524590163935, "243": 0.41202185792349727, "244": 0.42066939890710386, "245": 0.42560109289617487, "246": 0.35810109289617487, "247": 0.34387978142076503, "248": 0.48255464480874316, "249": 0.5144125683060109, "250": 0.5291530054644809, "251": 0.5220628415300546, "252": 0.49489071038251364, "253": 0.5059699453551912, "254": 0.5162158469945355, "255": 0.5255601092896175, "256": 0.4850273224043716, "257": 0.4765437158469945, "258": 0.4659153005464481, "259": 0.49133879781420764, "260": 0.5045355191256831, "261": 0.544139344262295, "262": 0.6487978142076503, "263": 0.516844262295082, "264": 0.5771174863387978, "265": 0.5507923497267759, "266": 0.5571857923497268, "267": 0.5608196721311476, "268": 0.5706284153005465, "269": 0.5803551912568305, "270": 0.5947677595628416, "271": 0.583756830601093, "272": 0.593811475409836, "273": 0.6218032786885246, "274": 0.5214617486338797, "275": 0.5108196721311475, "276": 0.511379781420765, "277": 0.5059289617486339, "278": 0.5445765027322405, "279": 0.5387431693989071, "280": 0.5893306010928961, "281": 0.4954371584699454, "282": 0.4687158469945355, "283": 0.48908469945355193, "284": 0.4906010928961749, "285": 0.4324180327868853, "286": 0.46066939890710384, "287": 0.6208333333333333, "288": 0.6714207650273224, "289": 0.5420218579234972, "290": 0.5371584699453552, "291": 0.6147540983606558, "292": 0.6116803278688525, "293": 0.4904234972677596, "294": 0.5495765027322403, "295": 0.44803278688524595, "296": 0.4409153005464481, "297": 0.42051912568306016,