{"label": 6, "0": 0.5720003422313484, "1": 0.5347535934291581, "2": 0.5437268993839836, "3": 0.48845995893223815, "4": 0.5239202600958248, "5": 0.5087268993839835, "6": 0.4723134839151266, "7": 0.3878713210130048, "8": 0.4435934291581109, "9": 0.42942676249144424, "10": 0.3790400410677618, "11": 0.5761670088980151, "12": 0.5803336755646817, "13": 0.5826403148528405, "14": 0.5834736481861739, "15": 0.5868069815195072, "16": 0.5918069815195073, "17": 0.5976403148528405, "18": 0.6027002053388091, "19": 0.5397535934291582, "20": 0.5274332648870637, "21": 0.30070328542094454, "22": 0.4271988364134155, "23": 0.4165451745379877, "24": 0.4062782340862423, "25": 0.3858778234086242, "26": 0.4339390828199863, "27": 0.3787183436002738, "28": 0.39289869952087614, "29": 0.3688980150581793, "30": 0.36671115674195753, "31": 0.3831108829568789, "32": 0.5799657768651608, "33": 0.3802378507871321, "34": 0.34448323066392883, "35": 0.3620704996577686, "36": 0.46481861738535246, "37": 0.5569866529774128, "38": 0.5669866529774128, "39": 0.544919575633128, "40": 0.5398459958932238, "41": 0.5565263518138261, "42": 0.5472861054072553, "43": 0.5343121149897331, "44": 0.5255133470225872, "45": 0.5126266255989048, "46": 0.3400906913073237, "47": 0.461572553045859, "48": 0.4934325804243669, "49": 0.48740588637919235, "50": 0.42907768651608486, "51": 0.4992932922655715, "52": 0.3517847364818617, "53": 0.34221765913757696, "54": 0.29385694729637235, "55": 0.4108127994524299, "56": 0.40835900068446274, "57": 0.5148785078713211, "58": 0.4571902806297057, "59": 0.5083127994524298, "60": 0.5210797399041752, "61": 0.5335523613963039, "62": 0.535605749486653, "63": 0.3291974674880219, "64": 0.49740588637919236, "65": 0.37353867214236824, "66": 0.3621252566735113, "67": 0.31730492813141686, "68": 0.31226386036960985, "69": 0.34468514715947984, "70": 0.32771047227926076, "71": 0.3157768651608487, "72": 0.5619866529774127, "73": 0.5511396303901437, "74": 0.5435660506502396, "75": 0.5130595482546202, "76": 0.5345790554414784, "77": 0.5432392197125256, "78": 0.5376591375770021, "79": 0.5121663244353183, "80": 0.5499794661190965, "81": 0.5592197125256674, "82": 0.5713466803559206, "83": 0.5891598220396989, "84": 0.5824332648870637, "85": 0.5776266255989049, "86": 0.5744866529774127, "87": 0.5713466803559206, "88": 0.5518394934976044, "89": 0.551452772073922, "90": 0.5510660506502396, "91": 0.5523459958932239, "92": 0.5117522245037646, "93": 0.39012320328542094, "94": 0.5412268993839835, "95": 0.5438193018480493, "96": 0.5425992470910336, "97": 0.5283264887063654, "98": 0.5073459958932238, "99": 0.5237731006160165, "100": 0.4550855578370979, "101": 0.4432717316906229, "102": 0.4895191649555099, "103": 0.29836413415468854, "104": 0.32093771389459275, "105": 0.34017796030116354, "106": 0.551245722108145, "107": 0.392539356605065, "108": 0.371572553045859, "109": 0.3439390828199863, "110": 0.39537132101300476, "111": 0.3780971937029432, "112": 0.43779260780287477, "113": 0.3602241615331965, "114": 0.46228610540725534, "115": 0.49728610540725526, "116": 0.3749435318275154, "117": 0.39297741273100617, "118": 0.4117111567419576, "119": 0.4317984257357974, "120": 0.44322553045859003, "121": 0.44971252566735115, "122": 0.46351984941820673, "123": 0.39885694729637233, "124": 0.34931724845995893, "125": 0.5335934291581109, "126": 0.4736259411362081, "127": 0.33832306639288157, "128": 0.45311943874058863, "129": 0.48829911019849415, "130": 0.37593771389459274, "131": 0.4895927446954141, "132": 0.4221167008898015, "133": 0.4334325804243669, "134": 0.4931930184804928, "135": 0.5084377138945928, "136": 0.5209377138945928, "137": 0.39070328542094457, "138": 0.47867727583846675, "139": 0.3287833675564682, "140": 0.5877190280629705, "141": 0.5371201232032854, "142": 0.47085900068446274, "143": 0.3543035592060233, "144": 0.4006382614647501, "145": 0.4107118412046543, "146": 0.54201916495551, "147": 0.42360369609856263, "148": 0.6209462696783025, "149": 0.5750119780971937, "150": 0.5521115674195757, "151": 0.40340006844626974, "152": 0.6453935660506502, "153": 0.4193121149897331, "154": 0.4268856947296372, "155": 0.43221252566735113, "156": 0.33841033538672144, "157": 0.4164989733059548, "158": 0.40353867214236827, "159": 0.39429842573579743, "160": 0.3867248459958932, "161": 0.383064681724846, "162": 0.31537645448323065, "163": 0.3936447638603696, "164": 0.5512268993839835, "165": 0.5172125256673511, "166": 0.5076728268309377, "167": 0.5356331279945243, "168": 0.4579534565366188, "169": 0.5373648186173854, "170": 0.5621252566735113, "171": 0.6142796030116359, "172": 0.49137063655030805, "173": 0.42785249828884325, "174": 0.47402635181382613, "175": 0.6387268993839836, "176": 0.5991324435318275, "177": 0.41917008898015057, "178": 0.5600530458590007, "179": 0.5615263518138262, "180": 0.5628062970568104, "181": 0.5667796030116359, "182": 0.5685660506502396, "183": 0.5409325804243669, "184": 0.5380458590006845, "185": 0.5351591375770021, "186": 0.5100119780971937, "187": 0.4431707734428474, "188": 0.4629996577686516, "189": 0.43164613278576314, "190": 0.4269592744695414, "191": 0.5438193018480493, "192": 0.4679774127310061, "193": 0.44107973990417526, "194": 0.5732392197125257, "195": 0.4960335386721424, "196": 0.4764065708418891, "197": 0.4841735112936345, "198": 0.48350616016427106, "199": 0.6278935660506502, "200": 0.6153935660506502, "201": 0.5967197125256674, "202": 0.5290451745379877, "203": 0.4873921971252567, "204": 0.5521988364134155, "205": 0.45883812457221085, "206": 0.4869318959616701, "207": 0.46709787816563997, "208": 0.6053062970568104, "209": 0.4821526351813826, "210": 0.5289715947980835, "211": 0.5543720054757015, "212": 0.5062782340862423, "213": 0.4450171115674196, "214": 0.49421115674195754, "215": 0.448023613963039, "216": 0.49102498288843255, "217": 0.4743394934976044, "218": 0.5063928815879535, "219": 0.5017060232717316, "220": 0.5040263518138262, "221": 0.41240588637919234, "222": 0.3862320328542095, "223": 0.36877823408624233, "224": 0.35876454483230663, "225": 0.35619096509240245, "226": 0.3700308008213552, "227": 0.36595653661875427, "228": 0.3934377138945927, "229": 0.4082580424366872, "230": 0.4228251197809719, "231": 0.4348921971252567, "232": 0.4420191649555099, "233": 0.4468993839835729, "234": 0.363709787816564, "235": 0.5042060232717317, "236": 0.4842197125256673, "237": 0.5156331279945243, "238": 0.525766598220397, "239": 0.5162731006160164, "240": 0.5097861054072553, "241": 0.5286533196440795, "242": 0.5321800136892539, "243": 0.43856605065023957, "244": 0.4453661875427789, "245": 0.4511396303901437, "246": 0.38165126625598905, "247": 0.3674110198494182, "248": 0.5069404517453799, "249": 0.5412354551676934, "250": 0.548993839835729, "251": 0.5374229979466119, "252": 0.521654688569473, "253": 0.5319216290212183, "254": 0.5421885694729638, "255": 0.5495088980150582, "256": 0.509914442162902, "257": 0.5043617385352498, "258": 0.4937080766598221, "259": 0.5191820670773443, "260": 0.5313689253935661, "261": 0.5654158110882956, "262": 0.6596013004791239, "263": 0.5428422313483915, "264": 0.5877498288843258, "265": 0.5690160848733744, "266": 0.576088295687885, "267": 0.5818206707734428, "268": 0.5906006160164271, "269": 0.5964476386036961, "270": 0.6059411362080767, "271": 0.5988141683778234, "272": 0.6049743326488706, "273": 0.6336481861738535, "274": 0.5431605065023957, "275": 0.5341872005475701, "276": 0.5347159479808351, "277": 0.5256143052703628, "278": 0.5634411362080767, "279": 0.5576078028747433, "280": 0.6054158110882957, "281": 0.5198271731690622, "282": 0.49693531827515397, "283": 0.515282340862423, "284": 0.5108761122518823, "285": 0.45887405886379196, "286": 0.4884411362080766, "287": 0.6326950718685831, "288": 0.6749828884325804, "289": 0.5610609171800137, "290": 0.5551540041067762, "291": 0.6169079397672828, "292": 0.6148545516769336, "293": 0.5145824777549624, "294": 0.5676078028747433, "295": 0.47742813141683776, "296": 0.47012149212867893, "297": 0.4456416837782341,