{"label": 10, "0": 0.5359396751740139, "1": 0.493946249033256, "2": 0.5076063418406805, "3": 0.44883217324052593, "4": 0.4822795823665893, "5": 0.4692730085073472, "6": 0.44025328692962107, "7": 0.3444392884764115, "8": 0.41775328692962105, "9": 0.40558004640371226, "10": 0.36072699149265275, "11": 0.5409396751740139, "12": 0.5459396751740139, "13": 0.5501063418406805, "14": 0.548946249033256, "15": 0.5531129156999227, "16": 0.558946249033256, "17": 0.5647795823665893, "18": 0.5731129156999226, "19": 0.49977958236658937, "20": 0.4870185614849188, "21": 0.26339520494972934, "22": 0.38790216550657386, "23": 0.37680781129157, "24": 0.36404679040989946, "25": 0.3416453982985306, "26": 0.3958430007733952, "27": 0.33785382830626454, "28": 0.35376836813611756, "29": 0.3264327146171694, "30": 0.3221519721577726, "31": 0.33837780355761793, "32": 0.5377552204176334, "33": 0.33613882443928844, "34": 0.2994412219644238, "35": 0.315469837587007, "36": 0.4234744779582367, "37": 0.5163650425367363, "38": 0.5308584686774942, "39": 0.5039636504253674, "40": 0.5001894818252127, "41": 0.518930781129157, "42": 0.5121500386697603, "43": 0.4957946635730859, "44": 0.4815119876256767, "45": 0.4695185614849188, "46": 0.2912703016241299, "47": 0.42465003866976025, "48": 0.44852281515854603, "49": 0.4426894818252127, "50": 0.38519141531322504, "51": 0.45734532095901004, "52": 0.3087529002320185, "53": 0.2948646558391338, "54": 0.2573163186388244, "55": 0.3774110595514308, "56": 0.37069605568445474, "57": 0.4773472544470224, "58": 0.4165487238979118, "59": 0.46563031709203406, "60": 0.4805645784996133, "61": 0.4985885537509668, "62": 0.5020688321732405, "63": 0.2792440061871616, "64": 0.453522815158546, "65": 0.3342749419953596, "66": 0.32278808971384376, "67": 0.2871674400618716, "68": 0.2737703016241299, "69": 0.3116279969064192, "70": 0.2789829853054911, "71": 0.2756825212683681, "72": 0.5238650425367363, "73": 0.5124439288476412, "74": 0.5061697602474865, "75": 0.4707772621809745, "76": 0.5009087393658159, "77": 0.5075425367362723, "78": 0.5035556844547564, "79": 0.46842420726991496, "80": 0.5161368909512761, "81": 0.525744392884764, "82": 0.5353518948182521, "83": 0.5537180974477959, "84": 0.5477049497293116, "85": 0.5430317092034029, "86": 0.5383584686774943, "87": 0.5353518948182521, "88": 0.5161368909512761, "89": 0.5163167053364269, "90": 0.5153364269141532, "91": 0.5163495746326373, "92": 0.4704350348027842, "93": 0.3507811291569992, "94": 0.5042730085073472, "95": 0.5108430007733952, "96": 0.5093561484918794, "97": 0.4882115235885537, "98": 0.46598994586233566, "99": 0.48455143078112917, "100": 0.41739559164733175, "101": 0.40202049497293113, "102": 0.4462026295436968, "103": 0.2635247486465584, "104": 0.2841453982985306, "105": 0.29461910286156223, "106": 0.5120688321732405, "107": 0.3577706883217324, "108": 0.3441105955143078, "109": 0.3189636504253674, "110": 0.3519392884764114, "111": 0.33162993039443156, "112": 0.4003035576179428, "113": 0.3132308584686775, "114": 0.4275908739365816, "115": 0.4524767981438515, "116": 0.32738205723124514, "117": 0.34757733952049497, "118": 0.3703054911059551, "119": 0.3933275328692962, "120": 0.4068890177880897, "121": 0.41497679814385147, "122": 0.4299922660479505, "123": 0.35220224284609436, "124": 0.3019566898685228, "125": 0.49281902552204176, "126": 0.43465003866976026, "127": 0.29962103634957465, "128": 0.4195843000773395, "129": 0.4470359628770302, "130": 0.33001160092807424, "131": 0.4469702242846094, "132": 0.3809280742459397, "133": 0.3949767981438515, "134": 0.4499110595514308, "135": 0.45975058004640373, "136": 0.4767440061871616, "137": 0.3461078886310905, "138": 0.4316627996906419, "139": 0.28672853828306266, "140": 0.545614849187935, "141": 0.49763921113689097, "142": 0.4313824439288476, "143": 0.306368909512761, "144": 0.35886697602474865, "145": 0.36930781129157, "146": 0.5068890177880897, "147": 0.3758623356535189, "148": 0.588130317092034, "149": 0.5335402165506574, "150": 0.5078054911059551, "151": 0.3817401392111369, "152": 0.6219528228924981, "153": 0.37974864655839136, "154": 0.38736272235112146, "155": 0.3923298530549111, "156": 0.2898491879350348, "157": 0.3787026295436968, "158": 0.3654350348027842, "159": 0.3549941995359629, "160": 0.3462200309358082, "161": 0.3417594740912606, "162": 0.27726798143851505, "163": 0.3499129930394431, "164": 0.5167730085073472, "165": 0.4768561484918794, "166": 0.46313031709203406, "167": 0.4982115235885537, "168": 0.4294199535962877, "169": 0.48932521268368134, "170": 0.5167266047950503, "171": 0.5778035576179428, "172": 0.4478228924980665, "173": 0.3889965197215777, "174": 0.4362180974477958, "175": 0.6107927300850735, "176": 0.5587683681361175, "177": 0.37375483372003093, "178": 0.5245843000773395, "179": 0.5255974477958236, "180": 0.5274439288476411, "181": 0.5312838360402166, "182": 0.5309899458623356, "183": 0.5065293890177881, "184": 0.5022157772621809, "185": 0.4982289249806651, "186": 0.47032095901005416, "187": 0.39743039443155453, "188": 0.4273781902552204, "189": 0.3982443928847641, "190": 0.39063031709203405, "191": 0.5100096674400618, "192": 0.4211233565351895, "193": 0.40984532095901005, "194": 0.5342092034029389, "195": 0.4587664346481052, "196": 0.4388321732405259, "197": 0.44992652745552975, "198": 0.44244392884764117, "199": 0.5982927300850734, "200": 0.5844528228924981, "201": 0.5604176334106729, "202": 0.4857134570765661, "203": 0.4446017014694509, "204": 0.5104679040989946, "205": 0.41476604795050276, "206": 0.4446674400618716, "207": 0.4214984532095901, "208": 0.567623743232792, "209": 0.44098994586233564, "210": 0.48095901005413766, "211": 0.5100270688321732, "212": 0.463099381283836, "213": 0.3981825212683681, "214": 0.44703789636504254, "215": 0.4008952049497293, "216": 0.4480665119876257, "217": 0.43559744779582366, "218": 0.46128383604021655, "219": 0.45649651972157773, "220": 0.4595843000773395, "221": 0.37581013147718484, "222": 0.3471017014694509, "223": 0.3265467904098994, "224": 0.3136388244392885, "225": 0.3098646558391338, "226": 0.3229040989945862, "227": 0.32045436968290797, "228": 0.3495050270688322, "229": 0.3659261407579273, "230": 0.38365429234338744, "231": 0.39656225831399844, "232": 0.40598994586233567, "233": 0.4119373549883991, "234": 0.3246210363495746, "235": 0.4598298530549111, "236": 0.4442246713070379, "237": 0.47139791183294666, "238": 0.48419180201082757, "239": 0.4738979118329466, "240": 0.4678035576179428, "241": 0.48734532095901006, "242": 0.49216550657385927, "243": 0.4016105955143078, "244": 0.41223124516627996, "245": 0.4193716163959783, "246": 0.3387857695282289, "247": 0.3213515081206496, "248": 0.47286736272235114, "249": 0.5391879350348028, "250": 0.5156941221964424, "251": 0.5693658159319412, "252": 0.5027513534416086, "253": 0.5180123743232792, "254": 0.5324400618716164, "255": 0.5491550657385924, "256": 0.4898105181747874, "257": 0.5012799690641918, "258": 0.4850386697602475, "259": 0.5188611755607115, "260": 0.5319818252126837, "261": 0.5687625676720804, "262": 0.6478170920340294, "263": 0.5424883990719258, "264": 0.6186794276875484, "265": 0.5814907192575406, "266": 0.5625386697602475, "267": 0.5508410672853827, "268": 0.561854215003867, "269": 0.5729156999226606, "270": 0.5911832946635731, "271": 0.5762819025522041, "272": 0.5892227378190256, "273": 0.6255781129156999, "274": 0.5067072699149265, "275": 0.4970340293890178, "276": 0.5450367362722351, "277": 0.5075232018561485, "278": 0.5403499613302397, "279": 0.535676720804331, "280": 0.604808584686775, "281": 0.48370069605568444, "282": 0.49838747099767977, "283": 0.523109048723898, "284": 0.5334512761020882, "285": 0.4404156999226605, "286": 0.4756109822119102, "287": 0.6268522815158546, "288": 0.7137451662799691, "289": 0.5357424593967517, "290": 0.5266415313225058, "291": 0.6127842227378191, "292": 0.6084706109822119, "293": 0.5253963650425367, "294": 0.5465100541376644, "295": 0.47087200309358085, "296": 0.46569218870843, "297": 0.44595320959010054,