{"label": 6, "0": 0.5080555555555555, "1": 0.4847222222222222, "2": 0.49027777777777776, "3": 0.45805555555555555, "4": 0.47805555555555557, "5": 0.4691666666666667, "6": 0.4475, "7": 0.41500000000000004, "8": 0.4330555555555555, "9": 0.42527777777777775, "10": 0.39722222222222225, "11": 0.5102777777777778, "12": 0.5125, "13": 0.5136111111111111, "14": 0.5136111111111111, "15": 0.5169444444444444, "16": 0.5202777777777778, "17": 0.523611111111111, "18": 0.5302777777777778, "19": 0.4880555555555556, "20": 0.4827777777777778, "21": 0.3775, "22": 0.43333333333333335, "23": 0.4291666666666667, "24": 0.425, "25": 0.41666666666666663, "26": 0.4355555555555556, "27": 0.40861111111111115, "28": 0.41388888888888886, "29": 0.4047222222222222, "30": 0.40555555555555556, "31": 0.41666666666666663, "32": 0.5244444444444445, "33": 0.4122222222222222, "34": 0.4027777777777778, "35": 0.4091666666666667, "36": 0.4577777777777778, "37": 0.5008333333333334, "38": 0.5072222222222222, "39": 0.49805555555555553, "40": 0.4969444444444444, "41": 0.5041666666666667, "42": 0.5008333333333334, "43": 0.5, "44": 0.48055555555555557, "45": 0.47305555555555556, "46": 0.39416666666666667, "47": 0.4494444444444444, "48": 0.46805555555555556, "49": 0.46472222222222226, "50": 0.4438888888888889, "51": 0.465, "52": 0.39861111111111114, "53": 0.3938888888888889, "54": 0.37166666666666665, "55": 0.4227777777777778, "56": 0.4213888888888889, "57": 0.49083333333333334, "58": 0.4669444444444444, "59": 0.4747222222222222, "60": 0.4802777777777778, "61": 0.49694444444444447, "62": 0.49777777777777776, "63": 0.3880555555555556, "64": 0.47138888888888886, "65": 0.40722222222222226, "66": 0.40194444444444444, "67": 0.375, "68": 0.38, "69": 0.3888888888888889, "70": 0.3902777777777778, "71": 0.3844444444444445, "72": 0.5041666666666667, "73": 0.5011111111111111, "74": 0.49888888888888894, "75": 0.4777777777777778, "76": 0.49694444444444447, "77": 0.4997222222222222, "78": 0.49777777777777776, "79": 0.4752777777777778, "80": 0.5027777777777778, "81": 0.5061111111111112, "82": 0.5094444444444445, "83": 0.5252777777777777, "84": 0.5166666666666667, "85": 0.5141666666666667, "86": 0.5108333333333333, "87": 0.5094444444444445, "88": 0.5027777777777778, "89": 0.5030555555555556, "90": 0.5033333333333333, "91": 0.5047222222222222, "92": 0.4838888888888889, "93": 0.4313888888888889, "94": 0.48916666666666664, "95": 0.5011111111111112, "96": 0.5005555555555555, "97": 0.48444444444444446, "98": 0.4763888888888889, "99": 0.4833333333333333, "100": 0.4486111111111111, "101": 0.4463888888888889, "102": 0.4661111111111111, "103": 0.3705555555555555, "104": 0.38111111111111107, "105": 0.39249999999999996, "106": 0.5086111111111111, "107": 0.4141666666666667, "108": 0.3988888888888889, "109": 0.3847222222222222, "110": 0.42055555555555557, "111": 0.41805555555555557, "112": 0.43694444444444447, "113": 0.40361111111111114, "114": 0.44833333333333336, "115": 0.4683333333333334, "116": 0.4172222222222222, "117": 0.42500000000000004, "118": 0.4330555555555555, "119": 0.4394444444444444, "120": 0.44305555555555554, "121": 0.4438888888888889, "122": 0.44555555555555554, "123": 0.4325, "124": 0.4011111111111111, "125": 0.4855555555555556, "126": 0.45611111111111113, "127": 0.40166666666666667, "128": 0.4438888888888889, "129": 0.4661111111111111, "130": 0.41055555555555556, "131": 0.4638888888888889, "132": 0.4477777777777777, "133": 0.43472222222222223, "134": 0.4638888888888889, "135": 0.49027777777777776, "136": 0.49888888888888894, "137": 0.43027777777777776, "138": 0.47611111111111115, "139": 0.39194444444444443, "140": 0.5305555555555556, "141": 0.48749999999999993, "142": 0.4572222222222222, "143": 0.40694444444444444, "144": 0.4225, "145": 0.42583333333333334, "146": 0.5, "147": 0.4455555555555556, "148": 0.5488888888888889, "149": 0.5244444444444445, "150": 0.5127777777777778, "151": 0.41055555555555556, "152": 0.5599999999999999, "153": 0.4291666666666667, "154": 0.4313888888888889, "155": 0.4338888888888889, "156": 0.39666666666666667, "157": 0.42500000000000004, "158": 0.41944444444444445, "159": 0.415, "160": 0.41194444444444445, "161": 0.4113888888888889, "162": 0.38805555555555554, "163": 0.41888888888888887, "164": 0.49583333333333335, "165": 0.48472222222222217, "166": 0.4747222222222222, "167": 0.49, "168": 0.43972222222222224, "169": 0.5041666666666667, "170": 0.5169444444444444, "171": 0.5425, "172": 0.4836111111111111, "173": 0.43083333333333335, "174": 0.4522222222222222, "175": 0.5547222222222222, "176": 0.5369444444444444, "177": 0.4455555555555556, "178": 0.5061111111111112, "179": 0.5063888888888889, "180": 0.508888888888889, "181": 0.5113888888888889, "182": 0.5161111111111111, "183": 0.5002777777777778, "184": 0.49750000000000005, "185": 0.4966666666666667, "186": 0.4869444444444444, "187": 0.45499999999999996, "188": 0.4463888888888889, "189": 0.4336111111111111, "190": 0.43027777777777776, "191": 0.5011111111111112, "192": 0.46972222222222226, "193": 0.43694444444444447, "194": 0.5202777777777777, "195": 0.4622222222222222, "196": 0.4513888888888889, "197": 0.45444444444444443, "198": 0.46, "199": 0.5469444444444445, "200": 0.5380555555555555, "201": 0.5302777777777778, "202": 0.4980555555555556, "203": 0.4683333333333334, "204": 0.508888888888889, "205": 0.4577777777777778, "206": 0.4716666666666667, "207": 0.46555555555555556, "208": 0.5375, "209": 0.4608333333333333, "210": 0.49916666666666665, "211": 0.5119444444444444, "212": 0.4866666666666667, "213": 0.45861111111111114, "214": 0.4816666666666667, "215": 0.46055555555555555, "216": 0.4772222222222222, "217": 0.45416666666666666, "218": 0.4725, "219": 0.47111111111111115, "220": 0.46972222222222226, "221": 0.4227777777777778, "222": 0.4116666666666667, "223": 0.4047222222222222, "224": 0.4008333333333334, "225": 0.4008333333333333, "226": 0.41027777777777774, "227": 0.4161111111111111, "228": 0.4225, "229": 0.4288888888888889, "230": 0.4338888888888889, "231": 0.4375, "232": 0.43972222222222224, "233": 0.4408333333333333, "234": 0.4161111111111111, "235": 0.4741666666666667, "236": 0.4588888888888889, "237": 0.47694444444444445, "238": 0.48194444444444445, "239": 0.47805555555555557, "240": 0.47611111111111115, "241": 0.4827777777777778, "242": 0.4847222222222223, "243": 0.4363888888888889, "244": 0.4391666666666667, "245": 0.4419444444444445, "246": 0.41194444444444445, "247": 0.4061111111111111, "248": 0.46555555555555556, "249": 0.48083333333333333, "250": 0.4930555555555556, "251": 0.47305555555555556, "252": 0.47194444444444444, "253": 0.4772222222222222, "254": 0.4813888888888889, "255": 0.4847222222222222, "256": 0.4675, "257": 0.46166666666666667, "258": 0.45666666666666667, "259": 0.4677777777777778, "260": 0.4733333333333333, "261": 0.4916666666666667, "262": 0.56, "263": 0.4802777777777778, "264": 0.5025, "265": 0.4930555555555555, "266": 0.5013888888888889, "267": 0.5108333333333334, "268": 0.5166666666666667, "269": 0.5191666666666667, "270": 0.5255555555555556, "271": 0.5208333333333334, "272": 0.5261111111111112, "273": 0.5419444444444445, "274": 0.4880555555555556, "275": 0.4822222222222222, "276": 0.4747222222222222, "277": 0.4752777777777778, "278": 0.4975, "279": 0.49388888888888893, "280": 0.5136111111111111, "281": 0.4733333333333334, "282": 0.45805555555555555, "283": 0.46611111111111114, "284": 0.4588888888888889, "285": 0.44166666666666665, "286": 0.45499999999999996, "287": 0.5397222222222222, "288": 0.5586111111111112, "289": 0.4975, "290": 0.4963888888888889, "291": 0.5330555555555555, "292": 0.5322222222222222, "293": 0.4652777777777778, "294": 0.5005555555555555, "295": 0.44972222222222225, "296": 0.4461111111111111, "297": 0.42527777777777775, "298": 0.4602777777777778, "299": 0.43499999999999994, "300": 0.475, "301": 0.4741666666666667, "302": 0.5141666666666667, "303": 0.5194444444444444, "304": 0.5258333333333334, "305": 0.49777777777777776, "306": 0.5330555555555555, "307": 0.5316666666666666,