{"label": 9, "0": 0.5579711425206124, "1": 0.5209687868080094, "2": 0.5350029446407538, "3": 0.478133097762073, "4": 0.5094846878680801, "5": 0.49618374558303885, "6": 0.46423144876325084, "7": 0.3939310954063604, "8": 0.4367962308598351, "9": 0.4226118963486455, "10": 0.376575382803298, "11": 0.5623881036513545, "12": 0.5685718492343934, "13": 0.5729387514723204, "14": 0.572055359246172, "15": 0.5765223792697292, "16": 0.582706124852768, "17": 0.5897732626619552, "18": 0.5994405182567727, "19": 0.5271525323910483, "20": 0.5196525323910482, "21": 0.3192785630153121, "22": 0.4295818610129564, "23": 0.42124852767962306, "24": 0.411198468786808, "25": 0.39246466431095406, "26": 0.43526501766784453, "27": 0.3834128386336867, "28": 0.39601295641931683, "29": 0.3751796230859835, "30": 0.3738133097762073, "31": 0.39213191990577145, "32": 0.5787249705535924, "33": 0.38706419316843343, "34": 0.35771495877502946, "35": 0.37163133097762074, "36": 0.4672349823321555, "37": 0.5444876325088339, "38": 0.5585217903415783, "39": 0.5381213191990577, "40": 0.5367550058892815, "41": 0.5510718492343933, "42": 0.5461719670200236, "43": 0.5419729093050648, "44": 0.5117520612485277, "45": 0.4994846878680801, "46": 0.3507626619552414, "47": 0.4597997644287397, "48": 0.49086866902237924, "49": 0.4847349823321555, "50": 0.4363515901060071, "51": 0.4879004711425206, "52": 0.36079505300353354, "53": 0.3518786808009423, "54": 0.30901060070671377, "55": 0.4096289752650177, "56": 0.40964664310954063, "57": 0.5256389870435807, "58": 0.47023851590106003, "59": 0.5053857479387515, "60": 0.5164193168433451, "61": 0.5389222614840989, "62": 0.5414222614840989, "63": 0.33986160188457004, "64": 0.49788574793875146, "65": 0.3782950530035336, "66": 0.3677944640753828, "67": 0.32349234393404, "68": 0.3237279151943463, "69": 0.3462102473498233, "70": 0.33967903415783274, "71": 0.3295789163722026, "72": 0.5515547703180212, "73": 0.5450382803297997, "74": 0.5419051825677268, "75": 0.5105359246171968, "76": 0.5397555948174323, "77": 0.5448056537102474, "78": 0.5413722025912838, "79": 0.5043021201413428, "80": 0.5496054181389871, "81": 0.5553886925795053, "82": 0.5628886925795054, "83": 0.5869405182567726, "84": 0.5771731448763251, "85": 0.5718227326266195, "86": 0.566472320376914, "87": 0.5628886925795054, "88": 0.5496054181389871, "89": 0.5505889281507657, "90": 0.5507391048292108, "91": 0.5526060070671378, "92": 0.5161542991755006, "93": 0.40718492343934043, "94": 0.5306360424028269, "95": 0.5463221436984688, "96": 0.5455889281507655, "97": 0.5233362779740871, "98": 0.5074028268551237, "99": 0.5190194346289753, "100": 0.4560335689045937, "101": 0.4464340400471143, "102": 0.4892020023557126, "103": 0.30987632508833923, "104": 0.3281272084805654, "105": 0.34951118963486455, "106": 0.5556065959952885, "107": 0.39294464075382807, "108": 0.37037691401649, "109": 0.34579210836277974, "110": 0.4010482921083628, "111": 0.3884157832744405, "112": 0.4376148409893993, "113": 0.3691136631330978, "114": 0.4593992932862191, "115": 0.4914517078916372, "116": 0.3839163722025913, "117": 0.4038663133097762, "118": 0.4207832744405182, "119": 0.4381831566548881, "120": 0.44626619552414604, "121": 0.4509658421672556, "122": 0.45688162544169614, "123": 0.40943462897526506, "124": 0.3590135453474676, "125": 0.5221024734982331, "126": 0.47211719670200236, "127": 0.3568816254416961, "128": 0.45311542991755005, "129": 0.490085394581861, "130": 0.38206419316843343, "131": 0.48438457008244995, "132": 0.43618669022379275, "133": 0.4340812720848056, "134": 0.48398409893992933, "135": 0.5141401648998822, "136": 0.5272909305064781, "137": 0.4028680800942285, "138": 0.4875058892815077, "139": 0.34234687868080094, "140": 0.5868256772673734, "141": 0.5264193168433451, "142": 0.47090106007067134, "143": 0.3651148409893993, "144": 0.40579799764428737, "145": 0.4150647820965842, "146": 0.5449057714958775, "147": 0.43318610129564195, "148": 0.6210100117785631, "149": 0.5768757361601885, "150": 0.5555418138987044, "151": 0.39876030624263836, "152": 0.6453268551236748, "153": 0.4225647820965842, "154": 0.42834805653710245, "155": 0.4324646643109541, "156": 0.3497968197879858, "157": 0.41858068315665486, "158": 0.40754711425206125, "159": 0.39833038869257953, "160": 0.3917137809187279, "161": 0.3893639575971731, "162": 0.335479976442874, "163": 0.3998645465253239, "164": 0.543836866902238, "165": 0.5191372202591285, "166": 0.5027856301531213, "167": 0.531386925795053, "168": 0.45093050647820965, "169": 0.5407243816254417, "170": 0.5629416961130742, "171": 0.612276207302709, "172": 0.501489988221437, "173": 0.42888103651354537, "174": 0.46788280329799764, "175": 0.6374263839811543, "176": 0.5981595995288576, "177": 0.4309363957597173, "178": 0.5553886925795053, "179": 0.5572555948174323, "180": 0.5600058892815076, "181": 0.5645229681978798, "182": 0.5700235571260306, "183": 0.5429387514723204, "184": 0.5404387514723203, "185": 0.5370053003533569, "186": 0.5192049469964665, "187": 0.45270318021201417, "188": 0.45723203769140164, "189": 0.43181389870435805, "190": 0.4269140164899882, "191": 0.5463221436984688, "192": 0.4774882214369847, "193": 0.44009717314487634, "194": 0.5748409893992933, "195": 0.48553297997644285, "196": 0.4683657243816255, "197": 0.4748822143698469, "198": 0.4788839811542992, "199": 0.625942285041225, "200": 0.6118080094228504, "201": 0.5942579505300354, "202": 0.5346731448763251, "203": 0.48975265017667846, "204": 0.555273851590106, "205": 0.4646525323910483, "206": 0.4911866902237927, "207": 0.47398704358068317, "208": 0.6033421672555948, "209": 0.48095111896348647, "210": 0.5325736160188457, "211": 0.5556743227326266, "212": 0.5148056537102473, "213": 0.4550706713780919, "214": 0.5023557126030624, "215": 0.4571878680800942, "216": 0.4987043580683157, "217": 0.46911660777385156, "218": 0.4992020023557126, "219": 0.49773557126030626, "220": 0.4937514723203769, "221": 0.4127797408716137, "222": 0.38894581861012956, "223": 0.37472909305064783, "224": 0.3665459363957597, "225": 0.3643963486454652, "226": 0.3780977620730271, "227": 0.3781831566548881, "228": 0.4023822143698469, "229": 0.4150824499411072, "230": 0.42758244994110717, "231": 0.4383156654888104, "232": 0.4439487632508834, "233": 0.4462485276796231, "234": 0.3816166077738516, "235": 0.5021024734982332, "236": 0.4767667844522968, "237": 0.5050353356890459, "238": 0.5161690223792696, "239": 0.5076354534746761, "240": 0.5081360424028268, "241": 0.5178857479387514, "242": 0.5230859835100118, "243": 0.437414605418139, "244": 0.4450147232037691, "245": 0.4501148409893993, "246": 0.38779740871613666, "247": 0.37494699646643115, "248": 0.49646643109540634, "249": 0.5408480565371024, "250": 0.5371525323910483, "251": 0.5486955241460542, "252": 0.5239487632508834, "253": 0.5331154299175501, "254": 0.54311542991755, "255": 0.5502650176678445, "256": 0.5130153121319199, "257": 0.5028798586572438, "258": 0.49209658421672553, "259": 0.515479976442874, "260": 0.527396937573616, "261": 0.5690989399293287, "262": 0.6614752650176678, "263": 0.5414811542991755, "264": 0.6022320376914017, "265": 0.5736484098939929, "266": 0.5723851590106006, "267": 0.5669876325088339, "268": 0.5794051825677267, "269": 0.5865047114252061, "270": 0.6010217903415783, "271": 0.5902885747938751, "272": 0.6004387514723204, "273": 0.6355064782096584, "274": 0.5293021201413428, "275": 0.5203680800942285, "276": 0.5327296819787986, "277": 0.5232332155477032, "278": 0.5543021201413427, "279": 0.5498351001177857, "280": 0.6066018845700825, "281": 0.5071171967020024, "282": 0.491045347467609, "283": 0.5113457008244994, "284": 0.5150441696113074, "285": 0.4557626619552414, "286": 0.4891136631330978, "287": 0.6341725559481743, "288": 0.698972320376914, "289": 0.5521525323910483, "290": 0.5464693757361603, "291": 0.6190223792697291, "292": 0.6156389870435807, "293": 0.5118286219081272, "294": 0.5596024734982332, "295": 0.4727620730270907, "296": 0.46559481743227327, "297": 0.44359246171967015,