{"label": 8, "0": 0.5672043010752688, "1": 0.5363620071684587, "2": 0.5463440860215054, "3": 0.4948745519713262, "4": 0.5256093189964157, "5": 0.5113351254480287, "6": 0.47836917562724013, "7": 0.4130555555555555, "8": 0.45238351254480286, "9": 0.43894265232974905, "10": 0.39151433691756277, "11": 0.5707885304659498, "12": 0.575268817204301, "13": 0.5770609318996416, "14": 0.5779569892473118, "15": 0.5824372759856631, "16": 0.5878136200716846, "17": 0.5940860215053764, "18": 0.6082347670250896, "19": 0.540905017921147, "20": 0.5343010752688172, "21": 0.34233870967741936, "22": 0.44374551971326165, "23": 0.43714157706093193, "24": 0.42874551971326164, "25": 0.4133691756272402, "26": 0.44862007168458784, "27": 0.4031541218637993, "28": 0.4132795698924731, "29": 0.3957795698924731, "30": 0.39442652329749106, "31": 0.41220430107526884, "32": 0.5927598566308244, "33": 0.4078673835125448, "34": 0.3821415770609319, "35": 0.3941397849462366, "36": 0.48515232974910394, "37": 0.5562455197132616, "38": 0.5660394265232975, "39": 0.5515591397849462, "40": 0.5502060931899642, "41": 0.5611648745519713, "42": 0.5571236559139785, "43": 0.5538351254480287, "44": 0.5296953405017921, "45": 0.5172759856630824, "46": 0.3720698924731183, "47": 0.4766666666666667, "48": 0.5087992831541219, "49": 0.5017562724014337, "50": 0.45848566308243727, "51": 0.5056272401433691, "52": 0.3802956989247312, "53": 0.3722759856630824, "54": 0.3334587813620072, "55": 0.4268817204301075, "56": 0.4261559139784946, "57": 0.5381451612903225, "58": 0.4883333333333333, "59": 0.520905017921147, "60": 0.5302598566308243, "61": 0.5498745519713262, "62": 0.5515412186379929, "63": 0.36100358422939066, "64": 0.5133422939068101, "65": 0.3970878136200717, "66": 0.38729390681003584, "67": 0.3458691756272402, "68": 0.34902329749103944, "69": 0.3696236559139785, "70": 0.36265232974910394, "71": 0.3543189964157706, "72": 0.5616218637992831, "73": 0.5568100358422939, "74": 0.5536648745519713, "75": 0.5243637992831541, "76": 0.5507078853046595, "77": 0.5549372759856631, "78": 0.551478494623656, "79": 0.5205913978494624, "80": 0.5588530465949821, "81": 0.5637903225806451, "82": 0.5695609318996415, "83": 0.5974014336917562, "84": 0.5840860215053764, "85": 0.5786469534050179, "86": 0.5723745519713261, "87": 0.5695609318996415, "88": 0.5588530465949821, "89": 0.5589784946236559, "90": 0.5608960573476702, "91": 0.5619175627240144, "92": 0.5302240143369176, "93": 0.42636200716845873, "94": 0.5444892473118279, "95": 0.5555824372759857, "96": 0.5548118279569892, "97": 0.5363440860215054, "98": 0.5221146953405018, "99": 0.5337186379928316, "100": 0.474668458781362, "101": 0.4667741935483871, "102": 0.5054659498207885, "103": 0.3332258064516129, "104": 0.3524372759856631, "105": 0.3697939068100358, "106": 0.5676075268817204, "107": 0.41177419354838707, "108": 0.39051971326164875, "109": 0.3647849462365591, "110": 0.4202867383512545, "111": 0.4093727598566308, "112": 0.45182795698924727, "113": 0.3906362007168459, "114": 0.47533154121863797, "115": 0.5093189964157706, "116": 0.41012544802867384, "117": 0.42410394265232976, "118": 0.4393548387096774, "119": 0.45339605734767024, "120": 0.4605824372759857, "121": 0.4644354838709678, "122": 0.47266129032258064, "123": 0.4341935483870968, "124": 0.3822401433691756, "125": 0.5367383512544803, "126": 0.48735663082437275, "127": 0.37803763440860216, "128": 0.465663082437276, "129": 0.5055286738351255, "130": 0.4028673835125448, "131": 0.5022132616487456, "132": 0.4547849462365592, "133": 0.44824372759856634, "134": 0.5017114695340502, "135": 0.5340053763440861, "136": 0.5448835125448028, "137": 0.4261111111111111, "138": 0.5080645161290323, "139": 0.36646953405017924, "140": 0.6009498207885304, "141": 0.5402598566308243, "142": 0.48792114695340505, "143": 0.388494623655914, "144": 0.42413978494623655, "145": 0.43086917562724014, "146": 0.5550627240143369, "147": 0.4564695340501792, "148": 0.6293279569892473, "149": 0.5911379928315412, "150": 0.5723655913978495, "151": 0.4147491039426523, "152": 0.6485573476702509, "153": 0.43753584229390685, "154": 0.4424731182795699, "155": 0.4466397849462366, "156": 0.37294802867383514, "157": 0.43344982078853045, "158": 0.4231989247311828, "159": 0.41563620071684587, "160": 0.4107616487455197, "161": 0.4092831541218638, "162": 0.3571146953405018, "163": 0.4181810035842294, "164": 0.5553046594982078, "165": 0.5331182795698924, "166": 0.5182168458781362, "167": 0.5444713261648746, "168": 0.4658243727598566, "169": 0.5589874551971326, "170": 0.5795519713261649, "171": 0.6221594982078853, "172": 0.5180465949820788, "173": 0.44299283154121866, "174": 0.48379032258064514, "175": 0.6413888888888889, "176": 0.6107437275985663, "177": 0.4528046594982079, "178": 0.5637903225806451, "179": 0.5657078853046595, "180": 0.568521505376344, "181": 0.5730645161290322, "182": 0.5812544802867383, "183": 0.553915770609319, "184": 0.5513530465949821, "185": 0.5496863799283154, "186": 0.5316218637992831, "187": 0.4742831541218638, "188": 0.47310035842293907, "189": 0.4458870967741936, "190": 0.4418458781362007, "191": 0.5555824372759857, "192": 0.49776881720430105, "193": 0.4533243727598566, "194": 0.5870071684587813, "195": 0.4997491039426524, "196": 0.484247311827957, "197": 0.48905913978494625, "198": 0.49491935483870964, "199": 0.6323655913978494, "200": 0.6189874551971326, "201": 0.604820788530466, "202": 0.5508781362007168, "203": 0.506989247311828, "204": 0.5699014336917563, "205": 0.4843637992831541, "206": 0.5085125448028673, "207": 0.4939516129032258, "208": 0.6148655913978495, "209": 0.49625448028673835, "210": 0.5506093189964157, "211": 0.5721326164874552, "212": 0.5308333333333333, "213": 0.47695340501792116, "214": 0.5210215053763441, "215": 0.479247311827957, "216": 0.5144534050179211, "217": 0.48512544802867386, "218": 0.5162992831541219, "219": 0.5148835125448028, "220": 0.5124014336917563, "221": 0.42840501792114694, "222": 0.40784050179211473, "223": 0.39438172043010755, "224": 0.3870698924731183, "225": 0.38494623655913973, "226": 0.39978494623655914, "227": 0.40287634408602147, "228": 0.42168458781362006, "229": 0.43270609318996417, "230": 0.4435394265232975, "231": 0.451747311827957, "232": 0.4564964157706093, "233": 0.4596415770609319, "234": 0.4013351254480287, "235": 0.5175716845878136, "236": 0.493584229390681, "237": 0.5229659498207886, "238": 0.5316756272401434, "239": 0.5239247311827957, "240": 0.5228225806451613, "241": 0.53334229390681, "242": 0.5368637992831541, "243": 0.45157706093189964, "244": 0.4583691756272401, "245": 0.4625985663082437, "246": 0.4085752688172043, "247": 0.3956362007168459, "248": 0.5082078853046595, "249": 0.5297849462365591, "250": 0.5476344086021505, "251": 0.5234229390681003, "252": 0.5188082437275986, "253": 0.5272043010752688, "254": 0.5329749103942653, "255": 0.5367652329749104, "256": 0.5129121863799283, "257": 0.4956541218637993, "258": 0.4882795698924731, "259": 0.5049462365591397, "260": 0.5161559139784946, "261": 0.5514964157706094, "262": 0.6543637992831541, "263": 0.5295967741935483, "264": 0.573163082437276, "265": 0.5526612903225806, "266": 0.5685483870967742, "267": 0.574578853046595, "268": 0.5818727598566309, "269": 0.5882258064516128, "270": 0.5985394265232975, "271": 0.5902688172043011, "272": 0.5978942652329748, "273": 0.627105734767025, "274": 0.5430286738351254, "275": 0.534005376344086, "276": 0.5180913978494623, "277": 0.5258960573476703, "278": 0.5580286738351254, "279": 0.5534856630824373, "280": 0.5936111111111111, "281": 0.5206272401433691, "282": 0.48715053763440863, "283": 0.5016308243727599, "284": 0.49793906810035843, "285": 0.46277777777777773, "286": 0.4878853046594982, "287": 0.623978494623656, "288": 0.6616039426523297, "289": 0.5575716845878136, "290": 0.554426523297491, "291": 0.6131451612903225, "292": 0.6114784946236559, "293": 0.500421146953405, "294": 0.5625089605734768, "295": 0.4729838709677419, "296": 0.4674820788530466, "297": 0.4427867383512545,