{"label": 8, "0": 0.5814285714285714, "1": 0.5366964285714286, "2": 0.5505803571428571, "3": 0.4958184523809524, "4": 0.5258630952380952, "5": 0.5144791666666666, "6": 0.48697916666666663, "7": 0.3985119047619048, "8": 0.4664285714285714, "9": 0.45392857142857146, "10": 0.41366071428571427, "11": 0.5853125, "12": 0.5903125, "13": 0.5925297619047618, "14": 0.5925297619047618, "15": 0.5966964285714286, "16": 0.6016964285714286, "17": 0.6083630952380952, "18": 0.615014880952381, "19": 0.5433630952380952, "20": 0.5327529761904761, "21": 0.3149404761904762, "22": 0.4417261904761905, "23": 0.43, "24": 0.41688988095238094, "25": 0.39709821428571423, "26": 0.4503869047619048, "27": 0.3938690476190476, "28": 0.4092113095238095, "29": 0.3818601190476191, "30": 0.37793154761904757, "31": 0.39037202380952385, "32": 0.580610119047619, "33": 0.3923809523809524, "34": 0.35046130952380955, "35": 0.3689136904761905, "36": 0.4694494047619048, "37": 0.5621875000000001, "38": 0.5749702380952381, "39": 0.5484970238095238, "40": 0.5412202380952381, "41": 0.5624107142857143, "42": 0.5529166666666667, "43": 0.5402976190476191, "44": 0.5255357142857143, "45": 0.5124702380952381, "46": 0.34839285714285717, "47": 0.47151785714285716, "48": 0.4948363095238095, "49": 0.4887202380952381, "50": 0.4309375, "51": 0.5038690476190476, "52": 0.36575892857142855, "53": 0.3526190476190476, "54": 0.3086160714285714, "55": 0.4332440476190476, "56": 0.4267708333333333, "57": 0.5210863095238095, "58": 0.45965773809523813, "59": 0.5107142857142857, "60": 0.5252083333333333, "61": 0.5369940476190476, "62": 0.5414583333333334, "63": 0.33897321428571425, "64": 0.5006696428571429, "65": 0.39142857142857146, "66": 0.3816964285714286, "67": 0.33886904761904757, "68": 0.32532738095238095, "69": 0.36251488095238094, "70": 0.33613095238095236, "71": 0.3263690476190476, "72": 0.5680208333333333, "73": 0.5548958333333334, "74": 0.5470684523809524, "75": 0.5165625, "76": 0.5392261904761905, "77": 0.5467559523809524, "78": 0.5417410714285714, "79": 0.5115773809523809, "80": 0.5559821428571429, "81": 0.5651934523809524, "82": 0.5783035714285715, "83": 0.5971577380952381, "84": 0.5899553571428571, "85": 0.5852380952380952, "86": 0.5813541666666666, "87": 0.5794196428571429, "88": 0.5568154761904762, "89": 0.55625, "90": 0.5554017857142858, "91": 0.5565029761904762, "92": 0.5169940476190477, "93": 0.39654761904761904, "94": 0.5464136904761905, "95": 0.5498363095238095, "96": 0.5484375, "97": 0.5338392857142857, "98": 0.5126339285714285, "99": 0.5299404761904762, "100": 0.4636755952380952, "101": 0.44885416666666667, "102": 0.4923214285714286, "103": 0.31510416666666663, "104": 0.3340327380952381, "105": 0.35462797619047615, "106": 0.5564583333333333, "107": 0.41544642857142855, "108": 0.3940476190476191, "109": 0.37124999999999997, "110": 0.40601190476190474, "111": 0.38419642857142855, "112": 0.4548660714285714, "113": 0.3692559523809524, "114": 0.4740625, "115": 0.49793154761904757, "116": 0.37550595238095236, "117": 0.39895833333333336, "118": 0.41848214285714286, "119": 0.44276785714285716, "120": 0.4575744047619048, "121": 0.46625, "122": 0.47720238095238093, "123": 0.3974553571428571, "124": 0.3572619047619048, "125": 0.5366666666666666, "126": 0.48180059523809526, "127": 0.34904761904761905, "128": 0.4704613095238095, "129": 0.4937053571428571, "130": 0.38651785714285714, "131": 0.4920982142857143, "132": 0.4248958333333333, "133": 0.4526488095238095, "134": 0.49575892857142856, "135": 0.5036755952380952, "136": 0.5195089285714286, "137": 0.3912797619047619, "138": 0.47526785714285713, "139": 0.3366071428571429, "140": 0.5878125000000001, "141": 0.5411160714285714, "142": 0.47785714285714287, "143": 0.3599702380952381, "144": 0.4132886904761905, "145": 0.4241666666666667, "146": 0.5461904761904761, "147": 0.42135416666666664, "148": 0.6287648809523809, "149": 0.5760714285714286, "150": 0.5504315476190476, "151": 0.43254464285714284, "152": 0.6616815476190476, "153": 0.43449404761904764, "154": 0.44287202380952384, "155": 0.44901785714285714, "156": 0.3461011904761905, "157": 0.4345386904761905, "158": 0.4208779761904762, "159": 0.4097172619047619, "160": 0.40133928571428573, "161": 0.39602678571428573, "162": 0.3287946428571429, "163": 0.4057589285714286, "164": 0.5605803571428571, "165": 0.5228869047619048, "166": 0.5082142857142857, "167": 0.5435565476190476, "168": 0.4769791666666667, "169": 0.5331994047619047, "170": 0.559389880952381, "171": 0.6195982142857143, "172": 0.4922172619047619, "173": 0.44568452380952384, "174": 0.4832738095238095, "175": 0.652514880952381, "176": 0.6011607142857143, "177": 0.4179613095238095, "178": 0.5671428571428572, "179": 0.5671279761904762, "180": 0.5690625, "181": 0.5729464285714285, "182": 0.5759672619047619, "183": 0.5456547619047619, "184": 0.5414732142857143, "185": 0.5384077380952381, "186": 0.5161160714285714, "187": 0.44282738095238094, "188": 0.4749404761904762, "189": 0.4524107142857143, "190": 0.4462648809523809, "191": 0.5498363095238095, "192": 0.4658630952380952, "193": 0.4621875, "194": 0.5787053571428571, "195": 0.5053125, "196": 0.48636904761904765, "197": 0.49614583333333334, "198": 0.4887797619047619, "199": 0.6400148809523809, "200": 0.6266815476190477, "201": 0.6032440476190476, "202": 0.5307886904761905, "203": 0.49171130952380954, "204": 0.5541815476190476, "205": 0.46074404761904764, "206": 0.49026785714285714, "207": 0.46651785714285715, "208": 0.6109970238095238, "209": 0.48846726190476186, "210": 0.5265625, "211": 0.5544196428571428, "212": 0.5082440476190476, "213": 0.44275297619047616, "214": 0.4917708333333333, "215": 0.444375, "216": 0.4938244047619048, "217": 0.4826785714285714, "218": 0.5065625, "219": 0.5018005952380953, "220": 0.5038095238095238, "221": 0.43125, "222": 0.4033779761904762, "223": 0.38245535714285717, "224": 0.37016369047619047, "225": 0.3648363095238095, "226": 0.3789732142857143, "227": 0.3687797619047619, "228": 0.40151785714285715, "229": 0.4174107142857143, "230": 0.43443452380952385, "231": 0.44867559523809525, "232": 0.45790178571428575, "233": 0.46461309523809524, "234": 0.3732142857142857, "235": 0.5059672619047619, "236": 0.4904910714285714, "237": 0.5146577380952381, "238": 0.5283035714285714, "239": 0.5182738095238095, "240": 0.5145982142857143, "241": 0.5313690476190476, "242": 0.5366517857142857, "243": 0.45627976190476194, "244": 0.46464285714285714, "245": 0.4699404761904762, "246": 0.39517857142857143, "247": 0.3770684523809524, "248": 0.518139880952381, "249": 0.5882291666666667, "250": 0.5570238095238096, "251": 0.613452380952381, "252": 0.5591815476190476, "253": 0.573125, "254": 0.5865178571428571, "255": 0.5999255952380952, "256": 0.5455208333333333, "257": 0.5489880952380952, "258": 0.5353125, "259": 0.5659970238095238, "260": 0.5799255952380953, "261": 0.6194196428571428, "262": 0.6902529761904762, "263": 0.591860119047619, "264": 0.6634821428571429, "265": 0.6300446428571429, "266": 0.6086607142857143, "267": 0.5953869047619048, "268": 0.6037053571428572, "269": 0.6168452380952381, "270": 0.6327232142857143, "271": 0.6176488095238095, "272": 0.629077380952381, "273": 0.667514880952381, "274": 0.5486904761904762, "275": 0.5400892857142857, "276": 0.592514880952381, "277": 0.5543750000000001, "278": 0.5832738095238095, "279": 0.579389880952381, "280": 0.652172619047619, "281": 0.5292559523809524, "282": 0.543764880952381, "283": 0.5694047619047619, "284": 0.5803422619047619, "285": 0.48933035714285716, "286": 0.5260863095238095, "287": 0.6683928571428572, "288": 0.7539880952380953, "289": 0.5771130952380952, "290": 0.5692857142857143, "291": 0.6516517857142857, "292": 0.6474702380952382, "293": 0.5722172619047619, "294": 0.5891071428571428, "295": 0.5172619047619048, "296": 0.5122767857142857, "297": 0.49677083333333333, "298": 0.5764136904761905, "299": 0.5028422619047619, "300": 0.5989434523809524, "301": 0.6061904761904762, "302": 0.6009375, "303": 0.6176636904761905,