{"label": 10, "0": 0.5611384976525822, "1": 0.5174295774647888, "2": 0.5319366197183099, "3": 0.4641784037558685, "4": 0.503755868544601, "5": 0.4879225352112676, "6": 0.448075117370892, "7": 0.34963615023474176, "8": 0.4194014084507042, "9": 0.4023943661971831, "10": 0.3455399061032864, "11": 0.5678051643192488, "12": 0.5748122065727699, "13": 0.57981220657277, "14": 0.57981220657277, "15": 0.5856455399061034, "16": 0.5934859154929577, "17": 0.6018192488262911, "18": 0.6164788732394366, "19": 0.5261032863849765, "20": 0.5108450704225352, "21": 0.25996478873239437, "22": 0.39386150234741785, "23": 0.38261737089201875, "24": 0.37053990610328635, "25": 0.3496009389671362, "26": 0.40192488262910797, "27": 0.34156103286384976, "28": 0.3568192488262911, "29": 0.32997652582159626, "30": 0.32642018779342724, "31": 0.34502347417840373, "32": 0.5821478873239436, "33": 0.3441079812206573, "34": 0.3040962441314554, "35": 0.32241784037558685, "36": 0.4384859154929578, "37": 0.5415258215962442, "38": 0.5592136150234741, "39": 0.5305868544600939, "40": 0.5275234741784037, "41": 0.5488028169014084, "42": 0.5407394366197183, "43": 0.5268896713615023, "44": 0.5053521126760564, "45": 0.49050469483568077, "46": 0.29896713615023474, "47": 0.43616197183098593, "48": 0.4684741784037558, "49": 0.4606338028169014, "50": 0.396725352112676, "51": 0.47550469483568075, "52": 0.31315727699530516, "53": 0.3010446009389671, "54": 0.248368544600939, "55": 0.3803638497652582, "56": 0.3742370892018779, "57": 0.50231220657277, "58": 0.4425704225352112, "59": 0.4868779342723004, "60": 0.5031220657276996, "61": 0.5257863849765259, "62": 0.5284741784037559, "63": 0.28699530516431926, "64": 0.4743075117370892, "65": 0.33731220657276995, "66": 0.32579812206572767, "67": 0.2722065727699531, "68": 0.26609154929577467, "69": 0.30076291079812206, "70": 0.28624413145539906, "71": 0.2723474178403756, "72": 0.550199530516432, "73": 0.5391079812206573, "74": 0.5335446009389672, "75": 0.4920657276995305, "76": 0.5281338028169014, "77": 0.5348356807511737, "78": 0.5308215962441314, "79": 0.4897535211267605, "80": 0.5447535211267606, "81": 0.553650234741784, "82": 0.5657276995305164, "83": 0.5953521126760564, "84": 0.582206572769953, "85": 0.5758802816901408, "86": 0.5692136150234741, "87": 0.5645539906103286, "88": 0.5447535211267606, "89": 0.5437323943661971, "90": 0.5447183098591549, "91": 0.5473708920187794, "92": 0.49389671361502346, "93": 0.36428403755868544, "94": 0.5286032863849766, "95": 0.5382042253521127, "96": 0.5366901408450704, "97": 0.5119835680751174, "98": 0.48684272300469483, "99": 0.5071361502347418, "100": 0.429237089201878, "101": 0.41375586854460095, "102": 0.4641197183098592, "103": 0.2503286384976526, "104": 0.27422535211267607, "105": 0.29895539906103286, "106": 0.5473004694835681, "107": 0.3586619718309859, "108": 0.33347417840375587, "109": 0.30226525821596245, "110": 0.3579694835680751, "111": 0.33976525821596243, "112": 0.4068075117370892, "113": 0.31983568075117375, "114": 0.4372183098591549, "115": 0.4728638497652582, "116": 0.33499999999999996, "117": 0.35699530516431927, "118": 0.3774413145539906, "119": 0.4011032863849765, "120": 0.41522300469483564, "121": 0.42381455399061035, "122": 0.43849765258215967, "123": 0.36268779342723, "124": 0.30809859154929575, "125": 0.5170539906103286, "126": 0.4490023474178404, "127": 0.3042488262910798, "128": 0.4268779342723005, "129": 0.46461267605633805, "130": 0.3378990610328638, "131": 0.4641901408450704, "132": 0.39965962441314556, "133": 0.40146713615023477, "134": 0.46759389671361506, "135": 0.4947535211267605, "136": 0.5149413145539906, "137": 0.3572769953051643, "138": 0.46180751173708917, "139": 0.2869718309859155, "140": 0.5931338028169014, "141": 0.5227347417840376, "142": 0.44491784037558685, "143": 0.31401408450704227, "144": 0.36421361502347416, "145": 0.3747769953051643, "146": 0.5349882629107982, "147": 0.3912089201877934, "148": 0.6391431924882629, "149": 0.5788615023474178, "150": 0.550575117370892, "151": 0.37254694835680746, "152": 0.6728403755868545, "153": 0.38450704225352117, "154": 0.39257042253521124, "155": 0.39877934272300475, "156": 0.2967018779342723, "157": 0.3830633802816902, "158": 0.36965962441314554, "159": 0.35909624413145536, "160": 0.3498591549295775, "161": 0.346150234741784, "162": 0.27826291079812204, "163": 0.35633802816901405, "164": 0.5422769953051644, "165": 0.4996478873239437, "166": 0.4852112676056338, "167": 0.5228169014084507, "168": 0.43356807511737094, "169": 0.5300469483568075, "170": 0.5608333333333333, "171": 0.6267957746478874, "172": 0.48150234741784037, "173": 0.39544600938967134, "174": 0.44827464788732396, "175": 0.6616666666666666, "176": 0.6083215962441315, "177": 0.39098591549295775, "178": 0.553650234741784, "179": 0.5551291079812206, "180": 0.5589553990610329, "181": 0.5644483568075117, "182": 0.5700586854460095, "183": 0.5338497652582159, "184": 0.5294953051643192, "185": 0.525481220657277, "186": 0.4953403755868545, "187": 0.4144953051643192, "188": 0.4374413145539906, "189": 0.40237089201877935, "190": 0.395481220657277, "191": 0.5382042253521127, "192": 0.4465023474178404, "193": 0.41361502347417844, "194": 0.5755164319248827, "195": 0.47341549295774643, "196": 0.4509976525821596, "197": 0.46174882629107983, "198": 0.4588849765258216, "199": 0.6471596244131456, "200": 0.6309859154929578, "201": 0.6051643192488263, "202": 0.5194718309859154, "203": 0.46404929577464793, "204": 0.5475704225352113, "205": 0.432018779342723, "206": 0.4644718309859155, "207": 0.4411150234741784, "208": 0.6154694835680751, "209": 0.4569953051643192, "210": 0.5185680751173709, "211": 0.5510211267605634, "212": 0.4915610328638498, "213": 0.4179107981220657, "214": 0.4761150234741784, "215": 0.42454225352112673, "216": 0.47057511737089197, "217": 0.44922535211267606, "218": 0.48339201877934274, "219": 0.4773356807511737, "220": 0.480093896713615, "221": 0.37946009389671365, "222": 0.3501525821596244, "223": 0.3301995305164319, "224": 0.31793427230046944, "225": 0.3148708920187794, "226": 0.33150234741784035, "227": 0.32792253521126763, "228": 0.357406103286385, "229": 0.3731572769953052, "230": 0.3902699530516432, "231": 0.40454225352112677, "232": 0.41362676056338027, "233": 0.4180164319248826, "234": 0.33409624413145544, "235": 0.48184272300469483, "236": 0.4591079812206573, "237": 0.49395539906103286, "238": 0.5080046948356807, "239": 0.4956220657276995, "240": 0.48869718309859156, "241": 0.5123591549295774, "242": 0.5160328638497653, "243": 0.4065023474178404, "244": 0.4172183098591549, "245": 0.4239201877934272, "246": 0.34512910798122065, "247": 0.3283920187793427, "248": 0.4879929577464789, "249": 0.5530633802816902, "250": 0.5405281690140845, "251": 0.5667136150234742, "252": 0.5223239436619718, "253": 0.5372417840375587, "254": 0.5504929577464789, "255": 0.5651056338028169, "256": 0.5077464788732394, "257": 0.5086032863849765, "258": 0.4926643192488263, "259": 0.5275352112676056, "260": 0.5422652582159624, "261": 0.5855164319248827, "262": 0.6938380281690141, "263": 0.5552582159624413, "264": 0.6292840375586854, "265": 0.5952816901408451, "266": 0.5840610328638498, "267": 0.5762441314553991, "268": 0.5900704225352112, "269": 0.6000234741784038, "270": 0.617593896713615, "271": 0.6049882629107981, "272": 0.6172183098591549, "273": 0.660387323943662, "274": 0.5303403755868545, "275": 0.5190140845070422, "276": 0.5538849765258216, "277": 0.5220305164319249, "278": 0.5628990610328639, "279": 0.5570657276995306, "280": 0.6281690140845071, "281": 0.5028403755868545, "282": 0.5016666666666667, "283": 0.5286267605633803, "284": 0.5274413145539906, "285": 0.44476525821596247, "286": 0.4844131455399061, "287": 0.6596244131455399, "288": 0.7404225352112677, "289": 0.560669014084507, "290": 0.551924882629108, "291": 0.6396713615023474, "292": 0.636150234741784, "293": 0.5301760563380282, "294": 0.569906103286385, "295": 0.47232394366197183, "296": 0.46550469483568074,