{"label": 11, "0": 0.6193106995884774, "1": 0.5868106995884774, "2": 0.5932818930041153, "3": 0.5444135802469136, "4": 0.5768106995884774, "5": 0.5626440329218108, "6": 0.5295061728395062, "7": 0.44690329218106994, "8": 0.5030349794238683, "9": 0.48989711934156377, "10": 0.4450925925925926, "11": 0.6218106995884773, "12": 0.6232818930041152, "13": 0.6241152263374485, "14": 0.6249485596707819, "15": 0.6282818930041152, "16": 0.6324485596707818, "17": 0.6366152263374485, "18": 0.6422530864197531, "19": 0.5909773662551441, "20": 0.5798559670781893, "21": 0.36227366255144033, "22": 0.486738683127572, "23": 0.4762551440329218, "24": 0.4643004115226338, "25": 0.4450925925925926, "26": 0.4943312757201646, "27": 0.4411111111111111, "28": 0.45512345679012345, "29": 0.42959876543209874, "30": 0.4265637860082304, "31": 0.44147119341563784, "32": 0.6175205761316873, "33": 0.44028806584362135, "34": 0.4006584362139918, "35": 0.42059670781893, "36": 0.5189506172839506, "37": 0.6044650205761317, "38": 0.6121604938271605, "39": 0.5956481481481481, "40": 0.5880555555555556, "41": 0.6018724279835391, "42": 0.5936419753086419, "43": 0.5807613168724279, "44": 0.5767181069958848, "45": 0.5656893004115227, "46": 0.39554526748971197, "47": 0.5182510288065844, "48": 0.5478600823045268, "49": 0.5420267489711934, "50": 0.48352880658436215, "51": 0.5542181069958848, "52": 0.40940329218106997, "53": 0.3983333333333333, "54": 0.357119341563786, "55": 0.47314814814814815, "56": 0.471440329218107, "57": 0.5641975308641975, "58": 0.5044238683127572, "59": 0.5619238683127572, "60": 0.5726543209876543, "61": 0.5800720164609053, "62": 0.5821296296296297, "63": 0.38363168724279834, "64": 0.5520267489711934, "65": 0.4335082304526749, "66": 0.4231172839506173, "67": 0.38174897119341566, "68": 0.374320987654321, "69": 0.40625514403292184, "70": 0.38334362139917694, "71": 0.3771707818930041, "72": 0.6086316872427984, "73": 0.598343621399177, "74": 0.5917798353909465, "75": 0.5656481481481481, "76": 0.5811008230452674, "77": 0.5879115226337449, "78": 0.5841872427983539, "79": 0.5645679012345679, "80": 0.5965329218106996, "81": 0.6037345679012345, "82": 0.6138271604938271, "83": 0.6288786008230453, "84": 0.6234362139917695, "85": 0.6184362139917695, "86": 0.6161316872427984, "87": 0.6138271604938271, "88": 0.5965329218106996, "89": 0.596141975308642, "90": 0.5957510288065844, "91": 0.5972222222222222, "92": 0.5621810699588478, "93": 0.44335390946502057, "94": 0.5916152263374486, "95": 0.5903600823045267, "96": 0.5891358024691358, "97": 0.5799074074074074, "98": 0.5601131687242799, "99": 0.5763786008230453, "100": 0.5119341563786008, "101": 0.49924897119341566, "102": 0.5441358024691358, "103": 0.3623045267489712, "104": 0.38283950617283946, "105": 0.39695473251028807, "106": 0.5950205761316872, "107": 0.4548662551440329, "108": 0.4348662551440329, "109": 0.4092798353909465, "110": 0.4533744855967078, "111": 0.4357921810699588, "112": 0.4980041152263375, "113": 0.41858024691358026, "114": 0.5198148148148148, "115": 0.5517283950617283, "116": 0.43094650205761315, "117": 0.4504938271604938, "118": 0.4690637860082305, "119": 0.4898353909465021, "120": 0.5019341563786008, "121": 0.5101131687242798, "122": 0.5217181069958847, "123": 0.45300411522633743, "124": 0.40579218106995885, "125": 0.5848045267489712, "126": 0.5292798353909465, "127": 0.39487654320987653, "128": 0.5133436213991769, "129": 0.5431069958847736, "130": 0.43411522633744853, "131": 0.5440329218106996, "132": 0.4718312757201646, "133": 0.49467078189300406, "134": 0.5482921810699588, "135": 0.5524485596707819, "136": 0.5626440329218106, "137": 0.44457818930041154, "138": 0.5255452674897119, "139": 0.3866358024691358, "140": 0.6229629629629629, "141": 0.5875, "142": 0.5256584362139918, "143": 0.41300411522633745, "144": 0.45949588477366254, "145": 0.47042181069958844, "146": 0.587716049382716, "147": 0.47525720164609053, "148": 0.6531481481481481, "149": 0.6116460905349794, "150": 0.5907716049382716, "151": 0.4673971193415638, "152": 0.6764197530864198, "153": 0.47968106995884774, "154": 0.4870781893004116, "155": 0.49241769547325104, "156": 0.3969238683127572, "157": 0.4785493827160494, "158": 0.46679012345679016, "159": 0.4566975308641975, "160": 0.4493004115226338, "161": 0.44479423868312756, "162": 0.3744341563786008, "163": 0.4526851851851852, "164": 0.6007818930041152, "165": 0.5684979423868313, "166": 0.5602572016460905, "167": 0.5863786008230453, "168": 0.517201646090535, "169": 0.5785185185185184, "170": 0.6002263374485597, "171": 0.647119341563786, "172": 0.5359362139917696, "173": 0.4890843621399177, "174": 0.5303497942386831, "175": 0.6695576131687242, "176": 0.6327160493827161, "177": 0.47036008230452675, "178": 0.6037345679012345, "179": 0.6041769547325102, "180": 0.6064814814814815, "181": 0.609619341563786, "182": 0.6103086419753087, "183": 0.5874691358024692, "184": 0.5854115226337449, "185": 0.5835493827160494, "186": 0.5597839506172839, "187": 0.49446502057613173, "188": 0.5203497942386831, "189": 0.4943724279835391, "190": 0.4890329218106996, "191": 0.5903600823045267, "192": 0.5161316872427983, "193": 0.502798353909465, "194": 0.6143312757201647, "195": 0.550977366255144, "196": 0.5333847736625514, "197": 0.5411728395061728, "198": 0.5389814814814815, "199": 0.6612242798353909, "200": 0.6522530864197531, "201": 0.6339300411522634, "202": 0.5738065843621399, "203": 0.540514403292181, "204": 0.5942901234567901, "205": 0.5114609053497943, "206": 0.5383641975308642, "207": 0.517201646090535, "208": 0.6406481481481482, "209": 0.5376131687242799, "210": 0.5714094650205761, "211": 0.5949794238683127, "212": 0.5547427983539095, "213": 0.4941769547325102, "214": 0.5413683127572017, "215": 0.4967283950617284, "216": 0.5409670781893005, "217": 0.5298148148148148, "218": 0.5598148148148148, "219": 0.5553086419753086, "220": 0.5572633744855967, "221": 0.47427983539094654, "222": 0.44742798353909463, "223": 0.4284670781893004, "224": 0.4175925925925926, "225": 0.4125, "226": 0.42838477366255145, "227": 0.4214917695473251, "228": 0.45078189300411525, "229": 0.4654320987654321, "230": 0.48169753086419753, "231": 0.4944341563786008, "232": 0.5022222222222222, "233": 0.507119341563786, "234": 0.41860082304526747, "235": 0.5578086419753087, "236": 0.5403497942386831, "237": 0.5678497942386831, "238": 0.5779938271604939, "239": 0.5695164609053498, "240": 0.5623662551440329, "241": 0.5808847736625514, "242": 0.5835802469135802, "243": 0.499619341563786, "244": 0.5064300411522633, "245": 0.5111831275720164, "246": 0.44254115226337454, "247": 0.4255864197530864, "248": 0.5619032921810699, "249": 0.603775720164609, "250": 0.6002366255144033, "251": 0.6127674897119342, "252": 0.5824691358024692, "253": 0.5935905349794239, "254": 0.6020164609053498, "255": 0.6122530864197531, "256": 0.5707098765432099, "257": 0.5722633744855967, "258": 0.5617798353909464, "259": 0.5852469135802469, "260": 0.5966152263374486, "261": 0.6273456790123457, "262": 0.6942901234567902, "263": 0.606224279835391, "264": 0.6573251028806584, "265": 0.6340534979423869, "266": 0.6294753086419753, "267": 0.6289609053497942, "268": 0.6337654320987655, "269": 0.6427777777777778, "270": 0.6535082304526749, "271": 0.643858024691358, "272": 0.6518930041152263, "273": 0.6760493827160494, "274": 0.5950411522633745, "275": 0.5870987654320987, "276": 0.6032716049382716, "277": 0.5828703703703704, "278": 0.6155658436213992, "279": 0.6115946502057613, "280": 0.6607304526748972, "281": 0.5737654320987655, "282": 0.5667181069958848, "283": 0.5854835390946502, "284": 0.5851748971193416, "285": 0.5283641975308642, "286": 0.5556584362139918, "287": 0.6769753086419753, "288": 0.7234156378600823, "289": 0.6131687242798354, "290": 0.6074382716049382, "291": 0.6671296296296296, "292": 0.6650720164609054, "293": 0.5851851851851853, "294": 0.6197325102880659, "295": 0.5478086419753087, "296": 0.5415329218106996, "297": 0.5157407407407407, "298": 0.5859156378600823,