{"label": "Chicken", "face": 1.0301586109566832, "eyebrow": 0.15477784857649188, "eyebtween": 0.27612190535728237, "low": 0.24136174553913362, "philtrum": 0.0776878064561241, "uplib": 0.05189137513735365, "downlib": 0.07338548648943556, "nosewidth": 0.20932651535949337, "noseheight": 0.379442585272897, "eyesize": 0.19184765466347173, "mouth": 0.4057905166130851}