{"label": "Sheep", "face": 1.0401941525004879, "eyebrow": 0.18999662877453433, "eyebtween": 0.2806171027130005, "low": 0.2212112192967668, "philtrum": 0.0758748222540895, "uplib": 0.03293889704101276, "downlib": 0.06587779408202551, "nosewidth": 0.19005047506405937, "noseheight": 0.38115009433171904, "eyesize": 0.18616111577981348, "mouth": 0.39359044290402345}