{"label": "Pig", "face": 1.070447979900335, "eyebrow": 0.13405598082600198, "eyebtween": 0.2642849375108815, "low": 0.2542283963911565, "philtrum": 0.09435055543423121, "uplib": 0.03688493613291748, "downlib": 0.06161135297594494, "nosewidth": 0.19529656538170556, "noseheight": 0.3729702051624166, "eyesize": 0.15567788740246863, "mouth": 0.3104951925960561}