{"label": "Dragon", "face": 1.0243527069558946, "eyebrow": 0.1775362842798895, "eyebtween": 0.2661956667547743, "low": 0.23747466425104546, "philtrum": 0.11024484521644934, "uplib": 0.045376403937302266, "downlib": 0.0680646059059534, "nosewidth": 0.1699680297754664, "noseheight": 0.3555289430225172, "eyesize": 0.17811062764109686, "mouth": 0.3657536806827177}