{"label": "Sheep", "face": 1.0726429905819095, "eyebrow": 0.14859644825447751, "eyebtween": 0.2614284135354054, "low": 0.24548274476326237, "philtrum": 0.08577543060188757, "uplib": 0.03634672624542417, "downlib": 0.0677739567612262, "nosewidth": 0.18569205789126605, "noseheight": 0.3620385444203844, "eyesize": 0.173971107569667, "mouth": 0.3546446554724667}