{"label": "Monkey", "face": 1.0639932697602885, "eyebrow": 0.16380540914449776, "eyebtween": 0.2641790536844726, "low": 0.20997734054034556, "philtrum": 0.0733272680292515, "uplib": 0.04637623631401621, "downlib": 0.0782516890481974, "nosewidth": 0.1908128853861471, "noseheight": 0.38440803873543933, "eyesize": 0.17250078074329372, "mouth": 0.4220620629377617}