{"label": "Chicken", "face": 0.9582702040352987, "eyebrow": 0.1839604292974162, "eyebtween": 0.2976322306090472, "low": 0.19891953790303651, "philtrum": 0.10900454756061273, "uplib": 0.04166019414148052, "downlib": 0.08338199301469187, "nosewidth": 0.19064772756060397, "noseheight": 0.3749554420245856, "eyesize": 0.17154717064848538, "mouth": 0.321111170081681}