{"label": "Dog", "face": 1.0544279404377386, "eyebrow": 0.12181384595417526, "eyebtween": 0.26199006753271087, "low": 0.23734959553329027, "philtrum": 0.10511428526824794, "uplib": 0.04279499665195811, "downlib": 0.07002817633956782, "nosewidth": 0.16972321030843723, "noseheight": 0.36200044326057396, "eyesize": 0.1722443168080563, "mouth": 0.28041226050959195}