{"label": "Monkey", "face": 1.0553338737067306, "eyebrow": 0.1340912723862551, "eyebtween": 0.25295300362062334, "low": 0.24833092351220898, "philtrum": 0.13198529037369075, "uplib": 0.022507311398642385, "downlib": 0.051445283196896875, "nosewidth": 0.17061756063671654, "noseheight": 0.3280267200118196, "eyesize": 0.15399477780820886, "mouth": 0.3382021029045061}