{"label": "Cow", "face": 0.9370919347556825, "eyebrow": 0.18743769995592788, "eyebtween": 0.2644407154551331, "low": 0.24387278903064583, "philtrum": 0.10097442236365377, "uplib": 0.026003853325202785, "downlib": 0.061844631482934065, "nosewidth": 0.23281605090941526, "noseheight": 0.3447962886587084, "eyesize": 0.15288069626982367, "mouth": 0.4514097583301196}