{"label": "Rabbit", "face": 1.082911337747462, "eyebrow": 0.170956978400923, "eyebtween": 0.27765548220324776, "low": 0.2235395467097635, "philtrum": 0.08556285971469144, "uplib": 0.04624268872879554, "downlib": 0.0770711478813259, "nosewidth": 0.1672502551297075, "noseheight": 0.38537500671192926, "eyesize": 0.1812583822757448, "mouth": 0.3843362094499948}