{"label": "Chicken", "face": 1.0221571981912267, "eyebrow": 0.15410686725785244, "eyebtween": 0.26881534740136526, "low": 0.2587805652111802, "philtrum": 0.09693627302050078, "uplib": 0.0566902261432523, "downlib": 0.07674121614122979, "nosewidth": 0.16600827616563105, "noseheight": 0.34737846015403206, "eyesize": 0.18091174554744927, "mouth": 0.35563123213350567}