{"label": "Pig", "face": 0.9920372177191125, "eyebrow": 0.15935191886712716, "eyebtween": 0.27879344783827037, "low": 0.1983064214173427, "philtrum": 0.08386132256495733, "uplib": 0.05706352913371912, "downlib": 0.09656904930321697, "nosewidth": 0.19473863422014706, "noseheight": 0.38637594574834927, "eyesize": 0.18553602794145263, "mouth": 0.3370068606662307}