{"label": "Pig", "face": 1.0756327553685718, "eyebrow": 0.14379920349692296, "eyebtween": 0.2699091101188303, "low": 0.2528130715410192, "philtrum": 0.11669834129063308, "uplib": 0.050562614308203836, "downlib": 0.06623419370549445, "nosewidth": 0.19061790254644756, "noseheight": 0.3406329961996858, "eyesize": 0.1497692663933079, "mouth": 0.2934580977772926}