{"label": "Rabbit", "face": 1.055413416691599, "eyebrow": 0.1203113917697112, "eyebtween": 0.26118310822567525, "low": 0.2431088773045236, "philtrum": 0.11613148443816823, "uplib": 0.043615155097353045, "downlib": 0.0689140391586479, "nosewidth": 0.15477694975797687, "noseheight": 0.35200951366551203, "eyesize": 0.16740386834875332, "mouth": 0.30612971583328225}