{"label": "Horse", "face": 0.9489210688285669, "eyebrow": 0.1719263366428531, "eyebtween": 0.27874082548727264, "low": 0.2201882176743817, "philtrum": 0.11016011910124332, "uplib": 0.03986980911384523, "downlib": 0.07484902570083081, "nosewidth": 0.1904614531179184, "noseheight": 0.3876788621907211, "eyesize": 0.19417979186421974, "mouth": 0.3666682976119255}