{"label": "Dragon", "face": 1.0233161099247412, "eyebrow": 0.1946763375567107, "eyebtween": 0.27488506280409086, "low": 0.24208789755755988, "philtrum": 0.07896829161984037, "uplib": 0.03788739303254761, "downlib": 0.06553317962299701, "nosewidth": 0.24506362393321637, "noseheight": 0.36832352771954013, "eyesize": 0.14446037802761036, "mouth": 0.41631070937651005}