{"label": "Tiger", "face": 1.0622984534386495, "eyebrow": 0.14655019694755522, "eyebtween": 0.27103317971422447, "low": 0.2179187248724506, "philtrum": 0.093459875088385, "uplib": 0.031126284069295154, "downlib": 0.0661433536472522, "nosewidth": 0.17950528598351229, "noseheight": 0.38520741528817964, "eyesize": 0.18881084882426097, "mouth": 0.3845915469583504}