{"label": "Chicken", "face": 0.9605439461637268, "eyebrow": 0.18503463479314872, "eyebtween": 0.2811103105511298, "low": 0.22384373614853728, "philtrum": 0.10595674705223901, "uplib": 0.04443347457029378, "downlib": 0.06152327248194523, "nosewidth": 0.20285763786859815, "noseheight": 0.36915545843948033, "eyesize": 0.18167422833798147, "mouth": 0.34167652711876423}