{"label": "Snake", "face": 0.978910547513543, "eyebrow": 0.19176318866595773, "eyebtween": 0.26197897997142766, "low": 0.19917032229454432, "philtrum": 0.08803141122524831, "uplib": 0.046045132853533725, "downlib": 0.08412448336052013, "nosewidth": 0.1992172300989521, "noseheight": 0.37091249481683874, "eyesize": 0.17858081827838532, "mouth": 0.35546603801969884}