{"label": "Dog", "face": 1.0949595344390866, "eyebrow": 0.12385161084976994, "eyebtween": 0.25200462514148364, "low": 0.2275417205040119, "philtrum": 0.10659473887506576, "uplib": 0.03872174206840819, "downlib": 0.06310871850650082, "nosewidth": 0.1724543515280216, "noseheight": 0.37781612530505376, "eyesize": 0.1752066606779377, "mouth": 0.3320051962957202}