{"label": "Horse", "face": 0.966215664824125, "eyebrow": 0.20629515822648944, "eyebtween": 0.28956200345721095, "low": 0.16996144879178912, "philtrum": 0.11024698891005728, "uplib": 0.050845631832844296, "downlib": 0.0805055837353368, "nosewidth": 0.1756307314969503, "noseheight": 0.3898395379513086, "eyesize": 0.19367109633650453, "mouth": 0.3420807372086753}