{"label": "Rat", "face": 1.0912027927961963, "eyebrow": 0.1408857158498919, "eyebtween": 0.2699809461861027, "low": 0.2033403958851862, "philtrum": 0.09991970887256868, "uplib": 0.049787281021010786, "downlib": 0.07468092153151619, "nosewidth": 0.15969120013614502, "noseheight": 0.3858514279128336, "eyesize": 0.18228965071471842, "mouth": 0.2927918886335238}