{"label": "Rat", "face": 0.947019009237451, "eyebrow": 0.12213285920914527, "eyebtween": 0.25079762790065746, "low": 0.2469432494917974, "philtrum": 0.0945755061312806, "uplib": 0.02209611591269576, "downlib": 0.06569647564137071, "nosewidth": 0.20460696473208398, "noseheight": 0.3658225369805957, "eyesize": 0.15702179582174075, "mouth": 0.4389074771879527}