{"label": "Monkey", "face": 1.007367766813271, "eyebrow": 0.1270089150916417, "eyebtween": 0.27060832788519834, "low": 0.23731651040210283, "philtrum": 0.13436965191260852, "uplib": 0.047568396705811054, "downlib": 0.07900680660614286, "nosewidth": 0.17646516070905074, "noseheight": 0.3399359094160026, "eyesize": 0.16108987102874128, "mouth": 0.2941347430067157}