{"label": "Rabbit", "face": 1.1335094911588177, "eyebrow": 0.17316005984803792, "eyebtween": 0.28364492626684834, "low": 0.1629762596268374, "philtrum": 0.0848605176462236, "uplib": 0.05075415632054407, "downlib": 0.09135748137697933, "nosewidth": 0.17017543658196088, "noseheight": 0.4094308426082307, "eyesize": 0.18441985982412168, "mouth": 0.31945877598947586}