{"label": "Snake", "face": 1.0495064535305016, "eyebrow": 0.19336828168871298, "eyebtween": 0.28236575366555416, "low": 0.19886086236044598, "philtrum": 0.09359084344194116, "uplib": 0.04303535302763943, "downlib": 0.07413097972437674, "nosewidth": 0.15967841215554487, "noseheight": 0.3547502579011108, "eyesize": 0.18330566064179404, "mouth": 0.3305954977510443}