{"label": "Cow", "face": 1.0014827028692936, "eyebrow": 0.1504503044784126, "eyebtween": 0.27181308456580316, "low": 0.23363440864587567, "philtrum": 0.11699383698246713, "uplib": 0.03886323732855684, "downlib": 0.06818394118625226, "nosewidth": 0.18458219912899, "noseheight": 0.3743424551497713, "eyesize": 0.17877825602055414, "mouth": 0.3698012184626635}