{"label": "Rat", "face": 0.9416638798900645, "eyebrow": 0.18504573632473234, "eyebtween": 0.2854848516878166, "low": 0.2141170478427402, "philtrum": 0.11531674816686836, "uplib": 0.0385754227246685, "downlib": 0.077150845449337, "nosewidth": 0.179727215942795, "noseheight": 0.3750590412140597, "eyesize": 0.18192352772072057, "mouth": 0.3466648882807555}