{"label": "Dragon", "face": 1.0082717660260927, "eyebrow": 0.16587477082846933, "eyebtween": 0.2740847723028507, "low": 0.2512526683951, "philtrum": 0.07743167499383292, "uplib": 0.042818044664610595, "downlib": 0.0642270669969159, "nosewidth": 0.2606632162573087, "noseheight": 0.3763198102232052, "eyesize": 0.16025496834617708, "mouth": 0.431555724256381}