{"label": "Snake", "face": 1.0109077997950082, "eyebrow": 0.17998946258672308, "eyebtween": 0.27336537823623946, "low": 0.2546341781196788, "philtrum": 0.09817597647932935, "uplib": 0.050906061878170775, "downlib": 0.06555157726203122, "nosewidth": 0.18358355766516837, "noseheight": 0.3454531284033078, "eyesize": 0.1567353978340953, "mouth": 0.34897470380987333}