{"label": "Dragon", "face": 1.0674323232439058, "eyebrow": 0.17720888013938904, "eyebtween": 0.26581332020908355, "low": 0.2251886745555225, "philtrum": 0.10397768523279007, "uplib": 0.04503773491110449, "downlib": 0.0630528288755463, "nosewidth": 0.18142813919032688, "noseheight": 0.3783169732532778, "eyesize": 0.17008457549400877, "mouth": 0.36285627838065376}