{"label": "Dog", "face": 0.9750073626634492, "eyebrow": 0.13992529330300785, "eyebtween": 0.2750799591142449, "low": 0.21275391874719513, "philtrum": 0.119445741982748, "uplib": 0.030087947734030684, "downlib": 0.06396785432373704, "nosewidth": 0.19643523425552542, "noseheight": 0.36170669087699986, "eyesize": 0.17580639784299085, "mouth": 0.35352308760418094}