{"label": "Dog", "face": 1.027522469158127, "eyebrow": 0.1446821780990069, "eyebtween": 0.285233975852703, "low": 0.25489042517840327, "philtrum": 0.11471562104700361, "uplib": 0.042669918904998425, "downlib": 0.07217886556332014, "nosewidth": 0.19025572478665767, "noseheight": 0.3611190363340213, "eyesize": 0.15913921227032896, "mouth": 0.3471939538341923}