{"label": "Rat", "face": 1.0297083370102218, "eyebrow": 0.16772082287675244, "eyebtween": 0.2816788984159799, "low": 0.21202636011797674, "philtrum": 0.10249663082217757, "uplib": 0.04901725220711181, "downlib": 0.08558075146777996, "nosewidth": 0.15857282160320965, "noseheight": 0.37123448452800756, "eyesize": 0.18948634268434922, "mouth": 0.328711894609947}