{"label": "Horse", "face": 0.9492779520548071, "eyebrow": 0.16419421464052464, "eyebtween": 0.2518702014129157, "low": 0.29195826367645905, "philtrum": 0.11105427682208502, "uplib": 0.041564252750187915, "downlib": 0.05207064419493134, "nosewidth": 0.1791240327467707, "noseheight": 0.34297505154056174, "eyesize": 0.1771289224844771, "mouth": 0.3179659633015742}