{"label": "Rabbit", "face": 1.036404613099951, "eyebrow": 0.12852958132608017, "eyebtween": 0.2638439771423213, "low": 0.2010147889910216, "philtrum": 0.1062452881661319, "uplib": 0.04944237350495526, "downlib": 0.08729970681966322, "nosewidth": 0.16136350394818705, "noseheight": 0.35695725948499796, "eyesize": 0.17535709049923462, "mouth": 0.30388349178210744}