{"label": "Sheep", "face": 1.0550632348201294, "eyebrow": 0.14851462869247098, "eyebtween": 0.2711832445672489, "low": 0.2741538876283346, "philtrum": 0.10638496092806662, "uplib": 0.039160845288997735, "downlib": 0.05538179852169513, "nosewidth": 0.18962422616014213, "noseheight": 0.35322995619426684, "eyesize": 0.16218647443265233, "mouth": 0.4130680203434644}