{"label": "Sheep", "face": 0.9966154270828147, "eyebrow": 0.1717453724131574, "eyebtween": 0.28731234563629837, "low": 0.20077652519065117, "philtrum": 0.11158533320684497, "uplib": 0.04846957144452165, "downlib": 0.07806637507700717, "nosewidth": 0.19396369875813257, "noseheight": 0.3755356952419012, "eyesize": 0.18602249606842605, "mouth": 0.36929588012901876}