{"label": "Rat", "face": 1.0661214351043213, "eyebrow": 0.17829323438671982, "eyebtween": 0.29072132929877464, "low": 0.19425841633962246, "philtrum": 0.09539976646505827, "uplib": 0.053718893606062856, "downlib": 0.09504111945688044, "nosewidth": 0.16278947487483114, "noseheight": 0.37192298874099833, "eyesize": 0.18493973428363242, "mouth": 0.3449804233954476}