{"label": "Pig", "face": 0.9819078308506692, "eyebrow": 0.15537032011238736, "eyebtween": 0.27354308750839956, "low": 0.24572176117214972, "philtrum": 0.0897698175332552, "uplib": 0.04642013410708485, "downlib": 0.07294592502541905, "nosewidth": 0.19250823490098362, "noseheight": 0.33503580804517374, "eyesize": 0.17574337545701751, "mouth": 0.35458195124561814}