{"label": "Tiger", "face": 1.045751470225608, "eyebrow": 0.1529891468081313, "eyebtween": 0.2712246000294213, "low": 0.2369727656573349, "philtrum": 0.10098110046177987, "uplib": 0.044054573363672654, "downlib": 0.0758866479540907, "nosewidth": 0.17929935920632933, "noseheight": 0.3749414995081073, "eyesize": 0.18516322246355316, "mouth": 0.35521582826543185}