{"label": "Horse", "face": 1.0229949664087252, "eyebrow": 0.1619090181319142, "eyebtween": 0.2670970879425167, "low": 0.24012722620565483, "philtrum": 0.115980158600146, "uplib": 0.04160155429605564, "downlib": 0.0704933044187846, "nosewidth": 0.17404487417722836, "noseheight": 0.3603513640907104, "eyesize": 0.16208573952288063, "mouth": 0.31977285505023334}