{"label": "Cow", "face": 1.0824425232642716, "eyebrow": 0.1639182066901597, "eyebtween": 0.27065973494500456, "low": 0.217331598688668, "philtrum": 0.11094903768870291, "uplib": 0.048979718917099666, "downlib": 0.07981947707602456, "nosewidth": 0.1761570317182404, "noseheight": 0.38138550442110836, "eyesize": 0.16925691686598332, "mouth": 0.36460408890519524}