{"label": "Cow", "face": 1.0085866129688466, "eyebrow": 0.17433548927468756, "eyebtween": 0.25995196404896903, "low": 0.226502257053948, "philtrum": 0.11724416755200212, "uplib": 0.04318027059486031, "downlib": 0.07100603442960725, "nosewidth": 0.2354894585433778, "noseheight": 0.3546950798863525, "eyesize": 0.1532042011478456, "mouth": 0.3426240850968855}