{"label": "Snake", "face": 1.0551082911905572, "eyebrow": 0.20720716740271744, "eyebtween": 0.2859265218825598, "low": 0.2182375617545137, "philtrum": 0.0914964644863082, "uplib": 0.04888625983660139, "downlib": 0.08307175210388988, "nosewidth": 0.18208185840552188, "noseheight": 0.36921724417395957, "eyesize": 0.19636384571537288, "mouth": 0.35754584680776713}