{"label": "Monkey", "face": 1.0330670349662148, "eyebrow": 0.1469053661077038, "eyebtween": 0.25387731515371037, "low": 0.2149042163157548, "philtrum": 0.10443795085017835, "uplib": 0.05064246338231981, "downlib": 0.079037906361366, "nosewidth": 0.16515357236185751, "noseheight": 0.3632975928133631, "eyesize": 0.17663821912780597, "mouth": 0.3088605334415047}