{"label": "Sheep", "face": 1.0401941525004879, "eyebrow": 1.0401941525004879, "eyebtween": 1.0401941525004879, "low": 1.0401941525004879, "philtrum": 1.0401941525004879, "uplib": 1.0401941525004879, "downlib": 1.0401941525004879, "nosewidth": 1.0401941525004879, "noseheight": 1.0401941525004879, "eyesize": 1.0401941525004879, "mouth": 1.0401941525004879}