{"label": "Tiger", "face": 1.045751470225608, "eyebrow": 1.045751470225608, "eyebtween": 1.045751470225608, "low": 1.045751470225608, "philtrum": 1.045751470225608, "uplib": 1.045751470225608, "downlib": 1.045751470225608, "nosewidth": 1.045751470225608, "noseheight": 1.045751470225608, "eyesize": 1.045751470225608, "mouth": 1.045751470225608}