{"label": "Rat", "face": 0.947019009237451, "eyebrow": 0.947019009237451, "eyebtween": 0.947019009237451, "low": 0.947019009237451, "philtrum": 0.947019009237451, "uplib": 0.947019009237451, "downlib": 0.947019009237451, "nosewidth": 0.947019009237451, "noseheight": 0.947019009237451, "eyesize": 0.947019009237451, "mouth": 0.947019009237451}