{"label": "Rabbit", "face": 1.055413416691599, "eyebrow": 1.055413416691599, "eyebtween": 1.055413416691599, "low": 1.055413416691599, "philtrum": 1.055413416691599, "uplib": 1.055413416691599, "downlib": 1.055413416691599, "nosewidth": 1.055413416691599, "noseheight": 1.055413416691599, "eyesize": 1.055413416691599, "mouth": 1.055413416691599}