{"label": "Sheep", "face": 1.0550632348201294, "eyebrow": 1.0550632348201294, "eyebtween": 1.0550632348201294, "low": 1.0550632348201294, "philtrum": 1.0550632348201294, "uplib": 1.0550632348201294, "downlib": 1.0550632348201294, "nosewidth": 1.0550632348201294, "noseheight": 1.0550632348201294, "eyesize": 1.0550632348201294, "mouth": 1.0550632348201294}