{"label": "Dragon", "face": 1.0674323232439058, "eyebrow": 1.0674323232439058, "eyebtween": 1.0674323232439058, "low": 1.0674323232439058, "philtrum": 1.0674323232439058, "uplib": 1.0674323232439058, "downlib": 1.0674323232439058, "nosewidth": 1.0674323232439058, "noseheight": 1.0674323232439058, "eyesize": 1.0674323232439058, "mouth": 1.0674323232439058}