{"label": "Horse", "face": 1.0229949664087252, "eyebrow": 1.0229949664087252, "eyebtween": 1.0229949664087252, "low": 1.0229949664087252, "philtrum": 1.0229949664087252, "uplib": 1.0229949664087252, "downlib": 1.0229949664087252, "nosewidth": 1.0229949664087252, "noseheight": 1.0229949664087252, "eyesize": 1.0229949664087252, "mouth": 1.0229949664087252}