{"label": "Monkey", "face": 1.0553338737067306, "eyebrow": 1.0553338737067306, "eyebtween": 1.0553338737067306, "low": 1.0553338737067306, "philtrum": 1.0553338737067306, "uplib": 1.0553338737067306, "downlib": 1.0553338737067306, "nosewidth": 1.0553338737067306, "noseheight": 1.0553338737067306, "eyesize": 1.0553338737067306, "mouth": 1.0553338737067306}