{"label": "Rat", "face": 1.0912027927961963, "eyebrow": 1.0912027927961963, "eyebtween": 1.0912027927961963, "low": 1.0912027927961963, "philtrum": 1.0912027927961963, "uplib": 1.0912027927961963, "downlib": 1.0912027927961963, "nosewidth": 1.0912027927961963, "noseheight": 1.0912027927961963, "eyesize": 1.0912027927961963, "mouth": 1.0912027927961963}