{"label": "Chicken", "face": 0.9605439461637268, "eyebrow": 0.9605439461637268, "eyebtween": 0.9605439461637268, "low": 0.9605439461637268, "philtrum": 0.9605439461637268, "uplib": 0.9605439461637268, "downlib": 0.9605439461637268, "nosewidth": 0.9605439461637268, "noseheight": 0.9605439461637268, "eyesize": 0.9605439461637268, "mouth": 0.9605439461637268}