{"label": "Dragon", "face": 1.0243527069558946, "eyebrow": 1.0243527069558946, "eyebtween": 1.0243527069558946, "low": 1.0243527069558946, "philtrum": 1.0243527069558946, "uplib": 1.0243527069558946, "downlib": 1.0243527069558946, "nosewidth": 1.0243527069558946, "noseheight": 1.0243527069558946, "eyesize": 1.0243527069558946, "mouth": 1.0243527069558946}