{"label": "Rabbit", "face": 1.036404613099951, "eyebrow": 1.036404613099951, "eyebtween": 1.036404613099951, "low": 1.036404613099951, "philtrum": 1.036404613099951, "uplib": 1.036404613099951, "downlib": 1.036404613099951, "nosewidth": 1.036404613099951, "noseheight": 1.036404613099951, "eyesize": 1.036404613099951, "mouth": 1.036404613099951}