{"label": "Sheep", "face": 0.9966154270828147, "eyebrow": 0.9966154270828147, "eyebtween": 0.9966154270828147, "low": 0.9966154270828147, "philtrum": 0.9966154270828147, "uplib": 0.9966154270828147, "downlib": 0.9966154270828147, "nosewidth": 0.9966154270828147, "noseheight": 0.9966154270828147, "eyesize": 0.9966154270828147, "mouth": 0.9966154270828147}