{"label": "Tiger", "face": 1.0622984534386495, "eyebrow": 1.0622984534386495, "eyebtween": 1.0622984534386495, "low": 1.0622984534386495, "philtrum": 1.0622984534386495, "uplib": 1.0622984534386495, "downlib": 1.0622984534386495, "nosewidth": 1.0622984534386495, "noseheight": 1.0622984534386495, "eyesize": 1.0622984534386495, "mouth": 1.0622984534386495}