{"label": "Dragon", "face": 1.0233161099247412, "eyebrow": 1.0233161099247412, "eyebtween": 1.0233161099247412, "low": 1.0233161099247412, "philtrum": 1.0233161099247412, "uplib": 1.0233161099247412, "downlib": 1.0233161099247412, "nosewidth": 1.0233161099247412, "noseheight": 1.0233161099247412, "eyesize": 1.0233161099247412, "mouth": 1.0233161099247412}