{"label": "Cow", "face": 1.0014827028692936, "eyebrow": 1.0014827028692936, "eyebtween": 1.0014827028692936, "low": 1.0014827028692936, "philtrum": 1.0014827028692936, "uplib": 1.0014827028692936, "downlib": 1.0014827028692936, "nosewidth": 1.0014827028692936, "noseheight": 1.0014827028692936, "eyesize": 1.0014827028692936, "mouth": 1.0014827028692936}