{"label": "Snake", "face": 1.0551082911905572, "eyebrow": 1.0551082911905572, "eyebtween": 1.0551082911905572, "low": 1.0551082911905572, "philtrum": 1.0551082911905572, "uplib": 1.0551082911905572, "downlib": 1.0551082911905572, "nosewidth": 1.0551082911905572, "noseheight": 1.0551082911905572, "eyesize": 1.0551082911905572, "mouth": 1.0551082911905572}