{"label": "Cow", "face": 1.0085866129688466, "eyebrow": 1.0085866129688466, "eyebtween": 1.0085866129688466, "low": 1.0085866129688466, "philtrum": 1.0085866129688466, "uplib": 1.0085866129688466, "downlib": 1.0085866129688466, "nosewidth": 1.0085866129688466, "noseheight": 1.0085866129688466, "eyesize": 1.0085866129688466, "mouth": 1.0085866129688466}