{"label": "Cow", "face": 0.9370919347556825, "eyebrow": 0.9370919347556825, "eyebtween": 0.9370919347556825, "low": 0.9370919347556825, "philtrum": 0.9370919347556825, "uplib": 0.9370919347556825, "downlib": 0.9370919347556825, "nosewidth": 0.9370919347556825, "noseheight": 0.9370919347556825, "eyesize": 0.9370919347556825, "mouth": 0.9370919347556825}