{"label": "Monkey", "face": 1.0330670349662148, "eyebrow": 1.0330670349662148, "eyebtween": 1.0330670349662148, "low": 1.0330670349662148, "philtrum": 1.0330670349662148, "uplib": 1.0330670349662148, "downlib": 1.0330670349662148, "nosewidth": 1.0330670349662148, "noseheight": 1.0330670349662148, "eyesize": 1.0330670349662148, "mouth": 1.0330670349662148}