{"label": "Rabbit", "face": 1.082911337747462, "eyebrow": 1.082911337747462, "eyebtween": 1.082911337747462, "low": 1.082911337747462, "philtrum": 1.082911337747462, "uplib": 1.082911337747462, "downlib": 1.082911337747462, "nosewidth": 1.082911337747462, "noseheight": 1.082911337747462, "eyesize": 1.082911337747462, "mouth": 1.082911337747462}