{"label": "Pig", "face": 0.9819078308506692, "eyebrow": 0.9819078308506692, "eyebtween": 0.9819078308506692, "low": 0.9819078308506692, "philtrum": 0.9819078308506692, "uplib": 0.9819078308506692, "downlib": 0.9819078308506692, "nosewidth": 0.9819078308506692, "noseheight": 0.9819078308506692, "eyesize": 0.9819078308506692, "mouth": 0.9819078308506692}