{"label": "Rat", "face": 1.0661214351043213, "eyebrow": 1.0661214351043213, "eyebtween": 1.0661214351043213, "low": 1.0661214351043213, "philtrum": 1.0661214351043213, "uplib": 1.0661214351043213, "downlib": 1.0661214351043213, "nosewidth": 1.0661214351043213, "noseheight": 1.0661214351043213, "eyesize": 1.0661214351043213, "mouth": 1.0661214351043213}