{"label": "Cow", "face": 1.0824425232642716, "eyebrow": 1.0824425232642716, "eyebtween": 1.0824425232642716, "low": 1.0824425232642716, "philtrum": 1.0824425232642716, "uplib": 1.0824425232642716, "downlib": 1.0824425232642716, "nosewidth": 1.0824425232642716, "noseheight": 1.0824425232642716, "eyesize": 1.0824425232642716, "mouth": 1.0824425232642716}