{"label": "Horse", "face": 0.9492779520548071, "eyebrow": 0.9492779520548071, "eyebtween": 0.9492779520548071, "low": 0.9492779520548071, "philtrum": 0.9492779520548071, "uplib": 0.9492779520548071, "downlib": 0.9492779520548071, "nosewidth": 0.9492779520548071, "noseheight": 0.9492779520548071, "eyesize": 0.9492779520548071, "mouth": 0.9492779520548071}