{"label": "Chicken", "face": 0.9582702040352987, "eyebrow": 0.9582702040352987, "eyebtween": 0.9582702040352987, "low": 0.9582702040352987, "philtrum": 0.9582702040352987, "uplib": 0.9582702040352987, "downlib": 0.9582702040352987, "nosewidth": 0.9582702040352987, "noseheight": 0.9582702040352987, "eyesize": 0.9582702040352987, "mouth": 0.9582702040352987}