{"label": "Monkey", "face": 1.007367766813271, "eyebrow": 1.007367766813271, "eyebtween": 1.007367766813271, "low": 1.007367766813271, "philtrum": 1.007367766813271, "uplib": 1.007367766813271, "downlib": 1.007367766813271, "nosewidth": 1.007367766813271, "noseheight": 1.007367766813271, "eyesize": 1.007367766813271, "mouth": 1.007367766813271}