{"label": "Snake", "face": 1.0495064535305016, "eyebrow": 1.0495064535305016, "eyebtween": 1.0495064535305016, "low": 1.0495064535305016, "philtrum": 1.0495064535305016, "uplib": 1.0495064535305016, "downlib": 1.0495064535305016, "nosewidth": 1.0495064535305016, "noseheight": 1.0495064535305016, "eyesize": 1.0495064535305016, "mouth": 1.0495064535305016}