{"label": "Rabbit", "face": 1.1335094911588177, "eyebrow": 1.1335094911588177, "eyebtween": 1.1335094911588177, "low": 1.1335094911588177, "philtrum": 1.1335094911588177, "uplib": 1.1335094911588177, "downlib": 1.1335094911588177, "nosewidth": 1.1335094911588177, "noseheight": 1.1335094911588177, "eyesize": 1.1335094911588177, "mouth": 1.1335094911588177}