{"label": "Monkey", "face": 1.0639932697602885, "eyebrow": 1.0639932697602885, "eyebtween": 1.0639932697602885, "low": 1.0639932697602885, "philtrum": 1.0639932697602885, "uplib": 1.0639932697602885, "downlib": 1.0639932697602885, "nosewidth": 1.0639932697602885, "noseheight": 1.0639932697602885, "eyesize": 1.0639932697602885, "mouth": 1.0639932697602885}