{"label": "Horse", "face": 0.9489210688285669, "eyebrow": 0.9489210688285669, "eyebtween": 0.9489210688285669, "low": 0.9489210688285669, "philtrum": 0.9489210688285669, "uplib": 0.9489210688285669, "downlib": 0.9489210688285669, "nosewidth": 0.9489210688285669, "noseheight": 0.9489210688285669, "eyesize": 0.9489210688285669, "mouth": 0.9489210688285669}