{"label": "Dragon", "face": 1.0082717660260927, "eyebrow": 1.0082717660260927, "eyebtween": 1.0082717660260927, "low": 1.0082717660260927, "philtrum": 1.0082717660260927, "uplib": 1.0082717660260927, "downlib": 1.0082717660260927, "nosewidth": 1.0082717660260927, "noseheight": 1.0082717660260927, "eyesize": 1.0082717660260927, "mouth": 1.0082717660260927}