{"label": "Horse", "face": 0.966215664824125, "eyebrow": 0.966215664824125, "eyebtween": 0.966215664824125, "low": 0.966215664824125, "philtrum": 0.966215664824125, "uplib": 0.966215664824125, "downlib": 0.966215664824125, "nosewidth": 0.966215664824125, "noseheight": 0.966215664824125, "eyesize": 0.966215664824125, "mouth": 0.966215664824125}