{"label": "Snake", "face": 1.0109077997950082, "eyebrow": 1.0109077997950082, "eyebtween": 1.0109077997950082, "low": 1.0109077997950082, "philtrum": 1.0109077997950082, "uplib": 1.0109077997950082, "downlib": 1.0109077997950082, "nosewidth": 1.0109077997950082, "noseheight": 1.0109077997950082, "eyesize": 1.0109077997950082, "mouth": 1.0109077997950082}