{"label": "Pig", "face": 1.0756327553685718, "eyebrow": 1.0756327553685718, "eyebtween": 1.0756327553685718, "low": 1.0756327553685718, "philtrum": 1.0756327553685718, "uplib": 1.0756327553685718, "downlib": 1.0756327553685718, "nosewidth": 1.0756327553685718, "noseheight": 1.0756327553685718, "eyesize": 1.0756327553685718, "mouth": 1.0756327553685718}