{"label": "Chicken", "face": 1.0221571981912267, "eyebrow": 1.0221571981912267, "eyebtween": 1.0221571981912267, "low": 1.0221571981912267, "philtrum": 1.0221571981912267, "uplib": 1.0221571981912267, "downlib": 1.0221571981912267, "nosewidth": 1.0221571981912267, "noseheight": 1.0221571981912267, "eyesize": 1.0221571981912267, "mouth": 1.0221571981912267}