{"label": "Pig", "face": 1.070447979900335, "eyebrow": 1.070447979900335, "eyebtween": 1.070447979900335, "low": 1.070447979900335, "philtrum": 1.070447979900335, "uplib": 1.070447979900335, "downlib": 1.070447979900335, "nosewidth": 1.070447979900335, "noseheight": 1.070447979900335, "eyesize": 1.070447979900335, "mouth": 1.070447979900335}