{"label": "Dog", "face": 1.0544279404377386, "eyebrow": 1.0544279404377386, "eyebtween": 1.0544279404377386, "low": 1.0544279404377386, "philtrum": 1.0544279404377386, "uplib": 1.0544279404377386, "downlib": 1.0544279404377386, "nosewidth": 1.0544279404377386, "noseheight": 1.0544279404377386, "eyesize": 1.0544279404377386, "mouth": 1.0544279404377386}