{"label": "Chicken", "face": 1.0301586109566832, "eyebrow": 1.0301586109566832, "eyebtween": 1.0301586109566832, "low": 1.0301586109566832, "philtrum": 1.0301586109566832, "uplib": 1.0301586109566832, "downlib": 1.0301586109566832, "nosewidth": 1.0301586109566832, "noseheight": 1.0301586109566832, "eyesize": 1.0301586109566832, "mouth": 1.0301586109566832}