{"label": "Snake", "face": 0.978910547513543, "eyebrow": 0.978910547513543, "eyebtween": 0.978910547513543, "low": 0.978910547513543, "philtrum": 0.978910547513543, "uplib": 0.978910547513543, "downlib": 0.978910547513543, "nosewidth": 0.978910547513543, "noseheight": 0.978910547513543, "eyesize": 0.978910547513543, "mouth": 0.978910547513543}