{"label": "Dog", "face": 0.9750073626634492, "eyebrow": 0.9750073626634492, "eyebtween": 0.9750073626634492, "low": 0.9750073626634492, "philtrum": 0.9750073626634492, "uplib": 0.9750073626634492, "downlib": 0.9750073626634492, "nosewidth": 0.9750073626634492, "noseheight": 0.9750073626634492, "eyesize": 0.9750073626634492, "mouth": 0.9750073626634492}