{"label": "Rat", "face": 0.9416638798900645, "eyebrow": 0.9416638798900645, "eyebtween": 0.9416638798900645, "low": 0.9416638798900645, "philtrum": 0.9416638798900645, "uplib": 0.9416638798900645, "downlib": 0.9416638798900645, "nosewidth": 0.9416638798900645, "noseheight": 0.9416638798900645, "eyesize": 0.9416638798900645, "mouth": 0.9416638798900645}