{"label": "Dog", "face": 1.027522469158127, "eyebrow": 1.027522469158127, "eyebtween": 1.027522469158127, "low": 1.027522469158127, "philtrum": 1.027522469158127, "uplib": 1.027522469158127, "downlib": 1.027522469158127, "nosewidth": 1.027522469158127, "noseheight": 1.027522469158127, "eyesize": 1.027522469158127, "mouth": 1.027522469158127}