{"label": "Pig", "face": 0.9920372177191125, "eyebrow": 0.9920372177191125, "eyebtween": 0.9920372177191125, "low": 0.9920372177191125, "philtrum": 0.9920372177191125, "uplib": 0.9920372177191125, "downlib": 0.9920372177191125, "nosewidth": 0.9920372177191125, "noseheight": 0.9920372177191125, "eyesize": 0.9920372177191125, "mouth": 0.9920372177191125}