{"label": "Dog", "face": 1.0949595344390866, "eyebrow": 1.0949595344390866, "eyebtween": 1.0949595344390866, "low": 1.0949595344390866, "philtrum": 1.0949595344390866, "uplib": 1.0949595344390866, "downlib": 1.0949595344390866, "nosewidth": 1.0949595344390866, "noseheight": 1.0949595344390866, "eyesize": 1.0949595344390866, "mouth": 1.0949595344390866}