{"label": "Dog", "face": 1.06184782681291, "eyebrow": 1.511238566887261, "eyebtween": 1.5229441132153876, "low": 1.3084572177056542, "philtrum": 1.2455716611186436, "uplib": 1.2618773372426948, "downlib": 1.2838703442770496, "nosewidth": 1.537294219845476, "noseheight": 1.17776747756297, "eyesize": 1.5193517330615878, "mouth": 1.518763950522862}