{"label": "Rat", "face": 1.0912027927961963, "eyebrow": 1.3403740660177528, "eyebtween": 1.3907652028829975, "low": 1.33407080993402, "philtrum": 1.286076170494853, "uplib": 1.303629787809993, "downlib": 1.3276686176835792, "nosewidth": 1.3179690343742443, "noseheight": 1.2043234240032894, "eyesize": 1.3805640071657286, "mouth": 1.3590374243441457}