{"label": "Dog", "face": 0.9990113927261965, "eyebrow": 1.3201508269494882, "eyebtween": 1.380731614222838, "low": 1.2179935277322005, "philtrum": 1.170769588262487, "uplib": 1.1849623980838215, "downlib": 1.1985040219186127, "nosewidth": 1.3089149411902463, "noseheight": 1.0991424897778979, "eyesize": 1.3726756849379753, "mouth": 1.3681452768405158}