{"label": "Horse", "face": 1.0347596885967352, "eyebrow": 1.2386117787836475, "eyebtween": 1.302464958315432, "low": 1.2664472140313698, "philtrum": 1.2180687595864246, "uplib": 1.2328797711880641, "downlib": 1.2568831225508084, "nosewidth": 1.2201329735888229, "noseheight": 1.1441360787628132, "eyesize": 1.2943368194985139, "mouth": 1.3095734481628833}