{"label": "Horse", "face": 0.9649585995358321, "eyebrow": 1.327666097323264, "eyebtween": 1.3782200350148908, "low": 1.1802552541488367, "philtrum": 1.133694994143761, "uplib": 1.1506630570361196, "downlib": 1.1690802163704987, "nosewidth": 1.312517005255361, "noseheight": 1.0642034508032818, "eyesize": 1.372076671939942, "mouth": 1.3656156218777398}