{"label": "Rabbit", "face": 1.082911337747462, "eyebrow": 1.3384825992625422, "eyebtween": 1.3835012658096715, "low": 1.3256601743104217, "philtrum": 1.276379196494896, "uplib": 1.2915987734312675, "downlib": 1.3139063765657375, "nosewidth": 1.3116648798670063, "noseheight": 1.1987737237725509, "eyesize": 1.3738452187612802, "mouth": 1.3785292456253908}