{"label": "Chicken", "face": 1.0221571981912267, "eyebrow": 1.3517056713027793, "eyebtween": 1.3950316779491523, "low": 1.2511231563337248, "philtrum": 1.1912836946539211, "uplib": 1.2079253305080202, "downlib": 1.2274288881746185, "nosewidth": 1.3467755873155423, "noseheight": 1.1242270412079778, "eyesize": 1.3878604768495375, "mouth": 1.3921131823908293}