{"label": "Horse", "face": 0.9492779520548071, "eyebrow": 1.3949600635225907, "eyebtween": 1.428514406989166, "low": 1.159544909556074, "philtrum": 1.1075874168055841, "uplib": 1.1218387594520254, "downlib": 1.133593005066356, "nosewidth": 1.3860706948057093, "noseheight": 1.0437783020979332, "eyesize": 1.422806826937967, "mouth": 1.4070074545912215}