{"label": "Rabbit", "face": 1.0566238713057714, "eyebrow": 1.2896148884998928, "eyebtween": 1.3435839440634039, "low": 1.2917941289859638, "philtrum": 1.2251986560192627, "uplib": 1.2391877646574199, "downlib": 1.2720944552209086, "nosewidth": 1.275240934139238, "noseheight": 1.1585676337883892, "eyesize": 1.3333953765444537, "mouth": 1.3456271833382814}