{"label": "Cow", "face": 1.0014827028692936, "eyebrow": 1.3463959937627743, "eyebtween": 1.3921133490808326, "low": 1.2203949015470754, "philtrum": 1.1757380574374325, "uplib": 1.191317810288561, "downlib": 1.2104863202045488, "nosewidth": 1.3170412638108155, "noseheight": 1.0986315001543476, "eyesize": 1.3829778356994462, "mouth": 1.3583795724076557}