{"label": "Rat", "face": 0.9494395764289245, "eyebrow": 1.3968113912679259, "eyebtween": 1.4304726612708503, "low": 1.1609704591281456, "philtrum": 1.115728480745079, "uplib": 1.130244256121811, "downlib": 1.1498873704923895, "nosewidth": 1.3786734810325776, "noseheight": 1.046100039587788, "eyesize": 1.4238424406083672, "mouth": 1.4101779156761531}