{"label": "Cow", "face": 1.0245363620401413, "eyebrow": 1.406075868123413, "eyebtween": 1.44066237291063, "low": 1.2533357845624211, "philtrum": 1.1929693289347398, "uplib": 1.2074652628915914, "downlib": 1.2422427573218473, "nosewidth": 1.3836936843759675, "noseheight": 1.1217344107060823, "eyesize": 1.4316511182796106, "mouth": 1.4085650332012292}