{"label": "Monkey", "face": 1.0484094565310047, "eyebrow": 1.4247995571212828, "eyebtween": 1.4453231599676988, "low": 1.2809782947467172, "philtrum": 1.2168634793199247, "uplib": 1.2319011951732137, "downlib": 1.269150600955868, "nosewidth": 1.3998540029268942, "noseheight": 1.1448266585787508, "eyesize": 1.439911226036974, "mouth": 1.4315629182074554}