{"label": "Dog", "face": 0.9750073626634492, "eyebrow": 1.3872104602640147, "eyebtween": 1.4235748596778648, "low": 1.1918192584245937, "philtrum": 1.1439961927796793, "uplib": 1.1576823388054154, "downlib": 1.1830987943538036, "nosewidth": 1.3527710416209842, "noseheight": 1.0716885828885407, "eyesize": 1.4142619018225955, "mouth": 1.3759585088764252}