{"label": "Dragon", "face": 0.9971385376654613, "eyebrow": 1.4361569044741738, "eyebtween": 1.4587112129921291, "low": 1.2134939977112849, "philtrum": 1.179309077688193, "uplib": 1.194335434927706, "downlib": 1.2069663289311878, "nosewidth": 1.3927199089804945, "noseheight": 1.1023795282814242, "eyesize": 1.4437124638766377, "mouth": 1.4127578233802696}