{"label": "Chicken", "face": 0.9582702040352987, "eyebrow": 1.3579461608248835, "eyebtween": 1.4013516831865425, "low": 1.1719984973209214, "philtrum": 1.1273788674444147, "uplib": 1.1421152641068901, "downlib": 1.1638511357151589, "nosewidth": 1.3280317485385196, "noseheight": 1.0570422981363936, "eyesize": 1.3920043844726484, "mouth": 1.3652744389785425}