{"label": "Cow", "face": 0.9370919347556825, "eyebrow": 1.327097500115962, "eyebtween": 1.3770489129422574, "low": 1.1511028162910808, "philtrum": 1.0997899313915227, "uplib": 1.110561722633437, "downlib": 1.1349650945763472, "nosewidth": 1.3234315427927787, "noseheight": 1.035521488869628, "eyesize": 1.3658361309185194, "mouth": 1.3831031486015575}