{"label": "Monkey", "face": 1.0137546173465064, "eyebrow": 1.3630200275561222, "eyebtween": 1.4111456778509712, "low": 1.2407138925525403, "philtrum": 1.1824476707552958, "uplib": 1.1955411838302383, "downlib": 1.2263465526214183, "nosewidth": 1.3548162702864932, "noseheight": 1.109717921430995, "eyesize": 1.3986197721655484, "mouth": 1.3884578019183544}