{"label": "Dragon", "face": 1.0243527069558946, "eyebrow": 1.413107939525668, "eyebtween": 1.4464198502726922, "low": 1.2566604378889075, "philtrum": 1.205657349206319, "uplib": 1.2220790682044615, "downlib": 1.2383001616224842, "nosewidth": 1.4125441787991737, "noseheight": 1.134122571740911, "eyesize": 1.4406732244705318, "mouth": 1.4337638821564986}