{"label": "Chicken", "face": 0.9957670773531342, "eyebrow": 1.3988197736266874, "eyebtween": 1.4337940943987595, "low": 1.20946827519507, "philtrum": 1.1714378744855423, "uplib": 1.1863413953745152, "downlib": 1.207145887011445, "nosewidth": 1.3400233526803542, "noseheight": 1.0947244031672954, "eyesize": 1.419974423085374, "mouth": 1.3665347002791022}