{"label": "Dragon", "face": 1.0425060040809118, "eyebrow": 1.2597677966443923, "eyebtween": 1.3202895473875726, "low": 1.2786788848895887, "philtrum": 1.2365741816113207, "uplib": 1.2511998066657881, "downlib": 1.2676657190203793, "nosewidth": 1.228896288148112, "noseheight": 1.1608642623563044, "eyesize": 1.3113840943899004, "mouth": 1.3048942357586897}