{"label": "Dog", "face": 1.0189261090164374, "eyebrow": 1.305547179327198, "eyebtween": 1.3572972394424851, "low": 1.2440629657293967, "philtrum": 1.1967286257074856, "uplib": 1.2145557113270267, "downlib": 1.2318122038076054, "nosewidth": 1.274381417081049, "noseheight": 1.1204684524929742, "eyesize": 1.3467162720835657, "mouth": 1.3255658632167797}