{"label": "Pig", "face": 1.039992195042697, "eyebrow": 1.4579219798959557, "eyebtween": 1.4727245115289693, "low": 1.2722440277829938, "philtrum": 1.2273116718995973, "uplib": 1.2423624583488941, "downlib": 1.2638749416795871, "nosewidth": 1.4248177466865946, "noseheight": 1.152708994324836, "eyesize": 1.4682829373993949, "mouth": 1.4356431608516285}