{"label": "Chicken", "face": 1.0094639736681923, "eyebrow": 1.2138794645932312, "eyebtween": 1.2889112894890138, "low": 1.2395467904698163, "philtrum": 1.1880123933424718, "uplib": 1.2035939903234578, "downlib": 1.2328122635362435, "nosewidth": 1.1924065275639897, "noseheight": 1.1181040038002479, "eyesize": 1.277451220343373, "mouth": 1.2686698574111297}