{"label": "Pig", "face": 0.9787766114909938, "eyebrow": 1.3208505120321028, "eyebtween": 1.3758064893596231, "low": 1.2006657773258977, "philtrum": 1.1403870654330335, "uplib": 1.1540307291457457, "downlib": 1.1796894738517267, "nosewidth": 1.3189647909081395, "noseheight": 1.079056269570149, "eyesize": 1.368312943354685, "mouth": 1.3746552911923324}