{"label": "Monkey", "face": 1.0639932697602885, "eyebrow": 1.3364771601910408, "eyebtween": 1.3843257407779792, "low": 1.2962620084783176, "philtrum": 1.242753367611212, "uplib": 1.2559917988744393, "downlib": 1.29084691843042, "nosewidth": 1.3099042272477712, "noseheight": 1.1669074510814028, "eyesize": 1.3754579685499564, "mouth": 1.387547754484253}