{"label": "Cow", "face": 1.112444682462632, "eyebrow": 1.3570711348733893, "eyebtween": 1.3965156271066403, "low": 1.3556932522293346, "philtrum": 1.302779151704387, "uplib": 1.320355619453338, "downlib": 1.3415735977876178, "nosewidth": 1.3380065132134604, "noseheight": 1.2133763394603458, "eyesize": 1.3871932780443856, "mouth": 1.3826268561540926}