{"label": "Horse", "face": 0.9602278839307433, "eyebrow": 1.3631713220826214, "eyebtween": 1.3956618560245293, "low": 1.1762841679592742, "philtrum": 1.1324332003700106, "uplib": 1.148208926361225, "downlib": 1.1724927545465649, "nosewidth": 1.3160491652463207, "noseheight": 1.0600881549404695, "eyesize": 1.386728816198975, "mouth": 1.3500685625471578}