{"label": "Rat", "face": 1.0297083370102218, "eyebrow": 1.3264282150773445, "eyebtween": 1.3772482342730215, "low": 1.255495525744724, "philtrum": 1.204262184025949, "uplib": 1.2204792718109587, "downlib": 1.2457710547977574, "nosewidth": 1.3006127684758524, "noseheight": 1.1293548205111261, "eyesize": 1.3684571003521318, "mouth": 1.3501931575294024}