{"label": "Rabbit", "face": 1.0535862830220346, "eyebrow": 1.4761415810455296, "eyebtween": 1.4808732086862817, "low": 1.2903350733973127, "philtrum": 1.233880438384696, "uplib": 1.2500457945977814, "downlib": 1.268229658844396, "nosewidth": 1.465913469924816, "noseheight": 1.1615677764525565, "eyesize": 1.477486006741414, "mouth": 1.4693889035999657}