{"label": "Dragon", "face": 1.0082717660260927, "eyebrow": 1.3140079520869241, "eyebtween": 1.3744901962710978, "low": 1.226291258923947, "philtrum": 1.1795250678512539, "uplib": 1.1921181949072763, "downlib": 1.2091430687925557, "nosewidth": 1.3015365347775374, "noseheight": 1.1114809808823252, "eyesize": 1.3610440666149684, "mouth": 1.365701030363135}