{"label": "Pig", "face": 1.0756327553685718, "eyebrow": 1.3412644705106964, "eyebtween": 1.393358766147766, "low": 1.312762241299297, "philtrum": 1.2559614615116093, "uplib": 1.2744085980705782, "downlib": 1.2925160594919773, "nosewidth": 1.3350715355539435, "noseheight": 1.1811224722146672, "eyesize": 1.3818450188290266, "mouth": 1.3705961439242575}