{"label": "Monkey", "face": 1.0553338737067306, "eyebrow": 1.2907139635904277, "eyebtween": 1.3493811300957512, "low": 1.2888124150531757, "philtrum": 1.2324756796125638, "uplib": 1.2467873179124431, "downlib": 1.2735571836692112, "nosewidth": 1.2739734812074028, "noseheight": 1.1556031313425421, "eyesize": 1.3344741345643527, "mouth": 1.3269753893412755}