{"label": "Pig", "face": 0.9693181756323057, "eyebrow": 1.2349020976890384, "eyebtween": 1.3094367545015653, "low": 1.1725149384382387, "philtrum": 1.1192366445871496, "uplib": 1.1299107424062338, "downlib": 1.1519949681797437, "nosewidth": 1.2201927117999312, "noseheight": 1.0567784302153316, "eyesize": 1.295648723128262, "mouth": 1.3136459568803518}