{"label": "Rabbit", "face": 1.0266701009170955, "eyebrow": 1.314010707231063, "eyebtween": 1.3688564372371956, "low": 1.2533785722365107, "philtrum": 1.2132291802284147, "uplib": 1.2277011329429146, "downlib": 1.2548258457743373, "nosewidth": 1.2835446490638116, "noseheight": 1.1322783940017904, "eyesize": 1.3611935898172882, "mouth": 1.3404863789309949}